[13Jan2025 22:53:45.185] [main/INFO] [cpw.mods.modlauncher.Launcher/MODLAUNCHER]: ModLauncher running: args [--launchTarget, forgeserver, --fml.forgeVersion, 47.3.7, --fml.mcVersion, 1.20.1, --fml.forgeGroup, net.minecraftforge, --fml.mcpVersion, 20230612.114412, nogui]
[13Jan2025 22:53:45.189] [main/INFO] [cpw.mods.modlauncher.Launcher/MODLAUNCHER]: ModLauncher 10.0.9+10.0.9+main.dcd20f30 starting: java version 17.0.13 by Ubuntu; OS Linux arch amd64 version 6.5.0-1025-azure
[13Jan2025 22:53:45.210] [main/DEBUG] [cpw.mods.modlauncher.LaunchServiceHandler/MODLAUNCHER]: Found launch services [fmlclientdev,forgeclient,minecraft,forgegametestserverdev,fmlserveruserdev,fmlclient,fmldatauserdev,forgeserverdev,forgeserveruserdev,forgeclientdev,forgeclientuserdev,forgeserver,forgedatadev,fmlserver,fmlclientuserdev,fmlserverdev,forgedatauserdev,testharness,forgegametestserveruserdev]
[13Jan2025 22:53:45.220] [main/DEBUG] [cpw.mods.modlauncher.NameMappingServiceHandler/MODLAUNCHER]: Found naming services : [srgtomcp]
[13Jan2025 22:53:45.231] [main/DEBUG] [cpw.mods.modlauncher.LaunchPluginHandler/MODLAUNCHER]: Found launch plugins: [mixin,eventbus,slf4jfixer,object_holder_definalize,runtime_enum_extender,capability_token_subclass,accesstransformer,runtimedistcleaner]
[13Jan2025 22:53:45.239] [main/DEBUG] [cpw.mods.modlauncher.TransformationServicesHandler/MODLAUNCHER]: Discovering transformation services
[13Jan2025 22:53:45.244] [main/DEBUG] [net.minecraftforge.fml.loading.FMLPaths/CORE]: Path GAMEDIR is /workspaces/firmecodigo/servidor_minecraft
[13Jan2025 22:53:45.244] [main/DEBUG] [net.minecraftforge.fml.loading.FMLPaths/CORE]: Path MODSDIR is /workspaces/firmecodigo/servidor_minecraft/mods
[13Jan2025 22:53:45.244] [main/DEBUG] [net.minecraftforge.fml.loading.FMLPaths/CORE]: Path CONFIGDIR is /workspaces/firmecodigo/servidor_minecraft/config
[13Jan2025 22:53:45.245] [main/DEBUG] [net.minecraftforge.fml.loading.FMLPaths/CORE]: Path FMLCONFIG is /workspaces/firmecodigo/servidor_minecraft/config/fml.toml
[13Jan2025 22:53:45.844] [main/DEBUG] [cpw.mods.modlauncher.TransformationServicesHandler/MODLAUNCHER]: Found additional transformation services from discovery services: 
[13Jan2025 22:53:45.850] [main/INFO] [net.minecraftforge.fml.loading.ImmediateWindowHandler/]: ImmediateWindowProvider not loading because launch target is forgeserver
[13Jan2025 22:53:45.858] [main/DEBUG] [cpw.mods.modlauncher.TransformationServicesHandler/MODLAUNCHER]: Found transformer services : [mixin,fml]
[13Jan2025 22:53:45.858] [main/DEBUG] [cpw.mods.modlauncher.TransformationServicesHandler/MODLAUNCHER]: Transformation services loading
[13Jan2025 22:53:45.859] [main/DEBUG] [cpw.mods.modlauncher.TransformationServiceDecorator/MODLAUNCHER]: Loading service mixin
[13Jan2025 22:53:45.859] [main/DEBUG] [cpw.mods.modlauncher.TransformationServiceDecorator/MODLAUNCHER]: Loaded service mixin
[13Jan2025 22:53:45.859] [main/DEBUG] [cpw.mods.modlauncher.TransformationServiceDecorator/MODLAUNCHER]: Loading service fml
[13Jan2025 22:53:45.860] [main/DEBUG] [net.minecraftforge.fml.loading.LauncherVersion/CORE]: Found FMLLauncher version 1.0
[13Jan2025 22:53:45.860] [main/DEBUG] [net.minecraftforge.fml.loading.FMLLoader/CORE]: FML 1.0 loading
[13Jan2025 22:53:45.860] [main/DEBUG] [net.minecraftforge.fml.loading.FMLLoader/CORE]: FML found ModLauncher version : 10.0.9+10.0.9+main.dcd20f30
[13Jan2025 22:53:45.860] [main/DEBUG] [net.minecraftforge.fml.loading.FMLLoader/CORE]: FML found AccessTransformer version : 8.0.4+66+master.c09db6d7
[13Jan2025 22:53:45.861] [main/DEBUG] [net.minecraftforge.fml.loading.FMLLoader/CORE]: FML found EventBus version : 6.0.5+6.0.5+master.eb8e549b
[13Jan2025 22:53:45.861] [main/DEBUG] [net.minecraftforge.fml.loading.FMLLoader/CORE]: Found Runtime Dist Cleaner
[13Jan2025 22:53:45.863] [main/DEBUG] [net.minecraftforge.fml.loading.FMLLoader/CORE]: FML found CoreMod version : 5.1.6
[13Jan2025 22:53:45.863] [main/DEBUG] [net.minecraftforge.fml.loading.FMLLoader/CORE]: Found ForgeSPI package implementation version 7.0.1+7.0.1+master.d2b38bf6
[13Jan2025 22:53:45.863] [main/DEBUG] [net.minecraftforge.fml.loading.FMLLoader/CORE]: Found ForgeSPI package specification 5
[13Jan2025 22:53:45.863] [main/DEBUG] [cpw.mods.modlauncher.TransformationServiceDecorator/MODLAUNCHER]: Loaded service fml
[13Jan2025 22:53:45.864] [main/DEBUG] [cpw.mods.modlauncher.TransformationServicesHandler/MODLAUNCHER]: Configuring option handling for services
[13Jan2025 22:53:45.870] [main/DEBUG] [cpw.mods.modlauncher.TransformationServicesHandler/MODLAUNCHER]: Transformation services initializing
[13Jan2025 22:53:45.871] [main/DEBUG] [cpw.mods.modlauncher.TransformationServiceDecorator/MODLAUNCHER]: Initializing transformation service mixin
[13Jan2025 22:53:45.885] [main/DEBUG] [mixin/]: MixinService [ModLauncher] was successfully booted in cpw.mods.cl.ModuleClassLoader@7a3d45bd
[13Jan2025 22:53:45.902] [main/INFO] [mixin/]: SpongePowered MIXIN Subsystem Version=0.8.5 Source=union:/workspaces/firmecodigo/servidor_minecraft/libraries/org/spongepowered/mixin/0.8.5/mixin-0.8.5.jar%2365!/ Service=ModLauncher Env=SERVER
[13Jan2025 22:53:45.907] [main/DEBUG] [mixin/]: Initialising Mixin Platform Manager
[13Jan2025 22:53:45.907] [main/DEBUG] [mixin/]: Adding mixin platform agents for container ModLauncher Root Container(ModLauncher:4f56a0a2)
[13Jan2025 22:53:45.908] [main/DEBUG] [mixin/]: Instancing new MixinPlatformAgentMinecraftForge for ModLauncher Root Container(ModLauncher:4f56a0a2)
[13Jan2025 22:53:45.908] [main/DEBUG] [mixin/]: MixinPlatformAgentMinecraftForge rejected container ModLauncher Root Container(ModLauncher:4f56a0a2)
[13Jan2025 22:53:45.909] [main/DEBUG] [mixin/]: Instancing new MixinPlatformAgentDefault for ModLauncher Root Container(ModLauncher:4f56a0a2)
[13Jan2025 22:53:45.909] [main/DEBUG] [mixin/]: MixinPlatformAgentDefault accepted container ModLauncher Root Container(ModLauncher:4f56a0a2)
[13Jan2025 22:53:45.912] [main/DEBUG] [cpw.mods.modlauncher.TransformationServiceDecorator/MODLAUNCHER]: Initialized transformation service mixin
[13Jan2025 22:53:45.912] [main/DEBUG] [cpw.mods.modlauncher.TransformationServiceDecorator/MODLAUNCHER]: Initializing transformation service fml
[13Jan2025 22:53:45.912] [main/DEBUG] [net.minecraftforge.fml.loading.FMLServiceProvider/CORE]: Setting up basic FML game directories
[13Jan2025 22:53:45.913] [main/DEBUG] [net.minecraftforge.fml.loading.FMLPaths/CORE]: Path GAMEDIR is /workspaces/firmecodigo/servidor_minecraft
[13Jan2025 22:53:45.913] [main/DEBUG] [net.minecraftforge.fml.loading.FMLPaths/CORE]: Path MODSDIR is /workspaces/firmecodigo/servidor_minecraft/mods
[13Jan2025 22:53:45.913] [main/DEBUG] [net.minecraftforge.fml.loading.FMLPaths/CORE]: Path CONFIGDIR is /workspaces/firmecodigo/servidor_minecraft/config
[13Jan2025 22:53:45.913] [main/DEBUG] [net.minecraftforge.fml.loading.FMLPaths/CORE]: Path FMLCONFIG is /workspaces/firmecodigo/servidor_minecraft/config/fml.toml
[13Jan2025 22:53:45.913] [main/DEBUG] [net.minecraftforge.fml.loading.FMLServiceProvider/CORE]: Loading configuration
[13Jan2025 22:53:45.916] [main/DEBUG] [net.minecraftforge.fml.loading.FMLServiceProvider/CORE]: Preparing ModFile
[13Jan2025 22:53:45.919] [main/DEBUG] [net.minecraftforge.fml.loading.FMLServiceProvider/CORE]: Preparing launch handler
[13Jan2025 22:53:45.920] [main/DEBUG] [net.minecraftforge.fml.loading.FMLLoader/CORE]: Using forgeserver as launch service
[13Jan2025 22:53:45.933] [main/DEBUG] [net.minecraftforge.fml.loading.FMLLoader/CORE]: Received command line version data  : VersionInfo[forgeVersion=47.3.7, mcVersion=1.20.1, mcpVersion=20230612.114412, forgeGroup=net.minecraftforge]
[13Jan2025 22:53:45.934] [main/DEBUG] [cpw.mods.modlauncher.TransformationServiceDecorator/MODLAUNCHER]: Initialized transformation service fml
[13Jan2025 22:53:45.935] [main/DEBUG] [cpw.mods.modlauncher.NameMappingServiceHandler/MODLAUNCHER]: Current naming domain is 'srg'
[13Jan2025 22:53:45.935] [main/DEBUG] [cpw.mods.modlauncher.NameMappingServiceHandler/MODLAUNCHER]: Identified name mapping providers {}
[13Jan2025 22:53:45.935] [main/DEBUG] [cpw.mods.modlauncher.TransformationServicesHandler/MODLAUNCHER]: Transformation services begin scanning
[13Jan2025 22:53:45.936] [main/DEBUG] [cpw.mods.modlauncher.TransformationServiceDecorator/MODLAUNCHER]: Beginning scan trigger - transformation service mixin
[13Jan2025 22:53:45.936] [main/DEBUG] [cpw.mods.modlauncher.TransformationServiceDecorator/MODLAUNCHER]: End scan trigger - transformation service mixin
[13Jan2025 22:53:45.936] [main/DEBUG] [cpw.mods.modlauncher.TransformationServiceDecorator/MODLAUNCHER]: Beginning scan trigger - transformation service fml
[13Jan2025 22:53:45.936] [main/DEBUG] [net.minecraftforge.fml.loading.FMLServiceProvider/CORE]: Initiating mod scan
[13Jan2025 22:53:45.946] [main/DEBUG] [net.minecraftforge.fml.loading.moddiscovery.ModListHandler/CORE]: Found mod coordinates from lists: []
[13Jan2025 22:53:45.949] [main/DEBUG] [net.minecraftforge.fml.loading.moddiscovery.ModDiscoverer/CORE]: Found Mod Locators : (mods folder:null),(maven libs:null),(exploded directory:null),(minecraft:null),(userdev classpath:null)
[13Jan2025 22:53:45.950] [main/DEBUG] [net.minecraftforge.fml.loading.moddiscovery.ModDiscoverer/CORE]: Found Dependency Locators : (JarInJar:null)
[13Jan2025 22:53:45.962] [main/DEBUG] [net.minecraftforge.fml.loading.moddiscovery.ModFileParser/LOADING]: Considering mod file candidate /workspaces/firmecodigo/servidor_minecraft/mods/[1.20.1] SecurityCraft v1.9.11.jar
[13Jan2025 22:53:46.007] [main/DEBUG] [net.minecraftforge.fml.loading.moddiscovery.ModFileInfo/LOADING]: Found valid mod file [1.20.1] SecurityCraft v1.9.11.jar with {securitycraft} mods - versions {1.9.11}
[13Jan2025 22:53:46.008] [main/DEBUG] [net.minecraftforge.fml.loading.moddiscovery.ModFileParser/LOADING]: Considering mod file candidate /workspaces/firmecodigo/servidor_minecraft/mods/AI-Improvements-1.20-0.5.2.jar
[13Jan2025 22:53:46.010] [main/DEBUG] [net.minecraftforge.fml.loading.moddiscovery.ModFileInfo/LOADING]: Found valid mod file AI-Improvements-1.20-0.5.2.jar with {aiimprovements} mods - versions {0.5.2}
[13Jan2025 22:53:46.011] [main/DEBUG] [net.minecraftforge.fml.loading.moddiscovery.ModFileParser/LOADING]: Considering mod file candidate /workspaces/firmecodigo/servidor_minecraft/mods/AmbientSounds_FORGE_v6.1.1_mc1.20.1.jar
[13Jan2025 22:53:46.012] [main/DEBUG] [net.minecraftforge.fml.loading.moddiscovery.ModFileInfo/LOADING]: Found valid mod file AmbientSounds_FORGE_v6.1.1_mc1.20.1.jar with {ambientsounds} mods - versions {6.1.1}
[13Jan2025 22:53:46.014] [main/DEBUG] [net.minecraftforge.fml.loading.moddiscovery.ModFileParser/LOADING]: Considering mod file candidate /workspaces/firmecodigo/servidor_minecraft/mods/automobility-0.4.2+1.20.1-forge.jar
[13Jan2025 22:53:46.016] [main/DEBUG] [net.minecraftforge.fml.loading.moddiscovery.ModFileInfo/LOADING]: Found valid mod file automobility-0.4.2+1.20.1-forge.jar with {automobility} mods - versions {0.4.2+1.20.1-forge}
[13Jan2025 22:53:46.017] [main/DEBUG] [net.minecraftforge.fml.loading.moddiscovery.ModFileParser/LOADING]: Considering mod file candidate /workspaces/firmecodigo/servidor_minecraft/mods/Corgilib-Forge-1.20.1-4.0.3.3.jar
[13Jan2025 22:53:46.018] [main/DEBUG] [net.minecraftforge.fml.loading.moddiscovery.ModFileInfo/LOADING]: Found valid mod file Corgilib-Forge-1.20.1-4.0.3.3.jar with {corgilib} mods - versions {4.0.3.3}
[13Jan2025 22:53:46.019] [main/DEBUG] [net.minecraftforge.fml.loading.moddiscovery.ModFileParser/LOADING]: Considering mod file candidate /workspaces/firmecodigo/servidor_minecraft/mods/coroutil-forge-1.20.1-1.3.7.jar
[13Jan2025 22:53:46.020] [main/DEBUG] [net.minecraftforge.fml.loading.moddiscovery.ModFileInfo/LOADING]: Found valid mod file coroutil-forge-1.20.1-1.3.7.jar with {coroutil} mods - versions {1.20.1-1.3.7}
[13Jan2025 22:53:46.030] [main/DEBUG] [net.minecraftforge.fml.loading.moddiscovery.ModFileParser/LOADING]: Considering mod file candidate /workspaces/firmecodigo/servidor_minecraft/mods/create-1.20.1-0.5.1.i.jar
[13Jan2025 22:53:46.032] [main/DEBUG] [net.minecraftforge.fml.loading.moddiscovery.ModFileInfo/LOADING]: Found valid mod file create-1.20.1-0.5.1.i.jar with {create} mods - versions {0.5.1.i}
[13Jan2025 22:53:46.032] [main/DEBUG] [net.minecraftforge.fml.loading.moddiscovery.ModFileParser/LOADING]: Considering mod file candidate /workspaces/firmecodigo/servidor_minecraft/mods/createtaczauto-1.1.2-forge-1.20.1.jar
[13Jan2025 22:53:46.034] [main/DEBUG] [net.minecraftforge.fml.loading.moddiscovery.ModFileInfo/LOADING]: Found valid mod file createtaczauto-1.1.2-forge-1.20.1.jar with {createtaczauto} mods - versions {1.1.2}
[13Jan2025 22:53:46.035] [main/DEBUG] [net.minecraftforge.fml.loading.moddiscovery.ModFileParser/LOADING]: Considering mod file candidate /workspaces/firmecodigo/servidor_minecraft/mods/CreativeCore_FORGE_v2.12.17_mc1.20.1.jar
[13Jan2025 22:53:46.036] [main/DEBUG] [net.minecraftforge.fml.loading.moddiscovery.ModFileInfo/LOADING]: Found valid mod file CreativeCore_FORGE_v2.12.17_mc1.20.1.jar with {creativecore} mods - versions {2.12.17}
[13Jan2025 22:53:46.037] [main/DEBUG] [net.minecraftforge.fml.loading.moddiscovery.ModFileParser/LOADING]: Considering mod file candidate /workspaces/firmecodigo/servidor_minecraft/mods/curios-forge-5.10.0+1.20.1.jar
[13Jan2025 22:53:46.038] [main/DEBUG] [net.minecraftforge.fml.loading.moddiscovery.ModFileInfo/LOADING]: Found valid mod file curios-forge-5.10.0+1.20.1.jar with {curios} mods - versions {5.10.0+1.20.1}
[13Jan2025 22:53:46.038] [main/DEBUG] [net.minecraftforge.fml.loading.moddiscovery.ModFileParser/LOADING]: Considering mod file candidate /workspaces/firmecodigo/servidor_minecraft/mods/damageindicator-2.0.0-1.20.1.jar
[13Jan2025 22:53:46.040] [main/DEBUG] [net.minecraftforge.fml.loading.moddiscovery.ModFileInfo/LOADING]: Found valid mod file damageindicator-2.0.0-1.20.1.jar with {damageindicator} mods - versions {2.0.0-1.20.1}
[13Jan2025 22:53:46.044] [main/DEBUG] [net.minecraftforge.fml.loading.moddiscovery.ModFileParser/LOADING]: Considering mod file candidate /workspaces/firmecodigo/servidor_minecraft/mods/design_decor-0.4.0b-1.20.1.jar
[13Jan2025 22:53:46.045] [main/DEBUG] [net.minecraftforge.fml.loading.moddiscovery.ModFileInfo/LOADING]: Found valid mod file design_decor-0.4.0b-1.20.1.jar with {design_decor} mods - versions {0.4.0b}
[13Jan2025 22:53:46.045] [main/DEBUG] [net.minecraftforge.fml.loading.moddiscovery.ModFileParser/LOADING]: Considering mod file candidate /workspaces/firmecodigo/servidor_minecraft/mods/eh1.3.1-1.20.1.jar
[13Jan2025 22:53:46.046] [main/DEBUG] [net.minecraftforge.fml.loading.moddiscovery.ModFileInfo/LOADING]: Found valid mod file eh1.3.1-1.20.1.jar with {horde_hoard} mods - versions {1.1.0}
[13Jan2025 22:53:46.047] [main/DEBUG] [net.minecraftforge.fml.loading.moddiscovery.ModFileParser/LOADING]: Considering mod file candidate /workspaces/firmecodigo/servidor_minecraft/mods/embeddium-0.3.31+mc1.20.1.jar
[13Jan2025 22:53:46.048] [main/DEBUG] [net.minecraftforge.fml.loading.moddiscovery.ModFileInfo/LOADING]: Found valid mod file embeddium-0.3.31+mc1.20.1.jar with {embeddium,rubidium} mods - versions {0.3.31+mc1.20.1,0.7.1}
[13Jan2025 22:53:46.049] [main/DEBUG] [net.minecraftforge.fml.loading.moddiscovery.ModFileParser/LOADING]: Considering mod file candidate /workspaces/firmecodigo/servidor_minecraft/mods/Enhanced-Celestials-Forge-1.20.1-5.0.2.3.jar
[13Jan2025 22:53:46.050] [main/DEBUG] [net.minecraftforge.fml.loading.moddiscovery.ModFileInfo/LOADING]: Found valid mod file Enhanced-Celestials-Forge-1.20.1-5.0.2.3.jar with {enhancedcelestials} mods - versions {1.20.1-5.0.2.3}
[13Jan2025 22:53:46.051] [main/DEBUG] [net.minecraftforge.fml.loading.moddiscovery.ModFileParser/LOADING]: Considering mod file candidate /workspaces/firmecodigo/servidor_minecraft/mods/EnhancedAI-2.5.2-mc1.20.1.jar
[13Jan2025 22:53:46.052] [main/DEBUG] [net.minecraftforge.fml.loading.moddiscovery.ModFileInfo/LOADING]: Found valid mod file EnhancedAI-2.5.2-mc1.20.1.jar with {enhancedai} mods - versions {2.5.2}
[13Jan2025 22:53:46.052] [main/DEBUG] [net.minecraftforge.fml.loading.moddiscovery.ModFileParser/LOADING]: Considering mod file candidate /workspaces/firmecodigo/servidor_minecraft/mods/EnhancedVisuals_FORGE_v1.8.1_mc1.20.1.jar
[13Jan2025 22:53:46.053] [main/DEBUG] [net.minecraftforge.fml.loading.moddiscovery.ModFileInfo/LOADING]: Found valid mod file EnhancedVisuals_FORGE_v1.8.1_mc1.20.1.jar with {enhancedvisuals} mods - versions {1.8.1}
[13Jan2025 22:53:46.054] [main/DEBUG] [net.minecraftforge.fml.loading.moddiscovery.ModFileParser/LOADING]: Considering mod file candidate /workspaces/firmecodigo/servidor_minecraft/mods/explosiveenhancement-1.0.1-tacz.jar
[13Jan2025 22:53:46.055] [main/DEBUG] [net.minecraftforge.fml.loading.moddiscovery.ModFileInfo/LOADING]: Found valid mod file explosiveenhancement-1.0.1-tacz.jar with {explosiveenhancement} mods - versions {1.0.1-tacz}
[13Jan2025 22:53:46.058] [main/DEBUG] [net.minecraftforge.fml.loading.moddiscovery.ModFileParser/LOADING]: Considering mod file candidate /workspaces/firmecodigo/servidor_minecraft/mods/Extinction Z 1.20.1 1.1.0.jar
[13Jan2025 22:53:46.059] [main/DEBUG] [net.minecraftforge.fml.loading.moddiscovery.ModFileInfo/LOADING]: Found valid mod file Extinction Z 1.20.1 1.1.0.jar with {extinction} mods - versions {1.1.0}
[13Jan2025 22:53:46.059] [main/DEBUG] [net.minecraftforge.fml.loading.moddiscovery.ModFileParser/LOADING]: Considering mod file candidate /workspaces/firmecodigo/servidor_minecraft/mods/extragore-1.20.1-5.2.3.1.jar
[13Jan2025 22:53:46.060] [main/DEBUG] [net.minecraftforge.fml.loading.moddiscovery.ModFileInfo/LOADING]: Found valid mod file extragore-1.20.1-5.2.3.1.jar with {extragore} mods - versions {5.2.3.1}
[13Jan2025 22:53:46.062] [main/DEBUG] [net.minecraftforge.fml.loading.moddiscovery.ModFileParser/LOADING]: Considering mod file candidate /workspaces/firmecodigo/servidor_minecraft/mods/FarmersDelight-1.20.1-1.2.4.jar
[13Jan2025 22:53:46.063] [main/DEBUG] [net.minecraftforge.fml.loading.moddiscovery.ModFileInfo/LOADING]: Found valid mod file FarmersDelight-1.20.1-1.2.4.jar with {farmersdelight} mods - versions {1.20.1-1.2.4}
[13Jan2025 22:53:46.064] [main/DEBUG] [net.minecraftforge.fml.loading.moddiscovery.ModFileParser/LOADING]: Considering mod file candidate /workspaces/firmecodigo/servidor_minecraft/mods/firstaid-1.20.1-1.1.jar
[13Jan2025 22:53:46.065] [main/DEBUG] [net.minecraftforge.fml.loading.moddiscovery.ModFileInfo/LOADING]: Found valid mod file firstaid-1.20.1-1.1.jar with {firstaid} mods - versions {1.20.1-1.1}
[13Jan2025 22:53:46.069] [main/DEBUG] [net.minecraftforge.fml.loading.moddiscovery.ModFileParser/LOADING]: Considering mod file candidate /workspaces/firmecodigo/servidor_minecraft/mods/framework-forge-1.20.1-0.7.8.jar
[13Jan2025 22:53:46.070] [main/DEBUG] [net.minecraftforge.fml.loading.moddiscovery.ModFileInfo/LOADING]: Found valid mod file framework-forge-1.20.1-0.7.8.jar with {framework} mods - versions {0.7.8}
[13Jan2025 22:53:46.071] [main/DEBUG] [net.minecraftforge.fml.loading.moddiscovery.ModFileParser/LOADING]: Considering mod file candidate /workspaces/firmecodigo/servidor_minecraft/mods/geckolib-forge-1.20.1-4.4.9.jar
[13Jan2025 22:53:46.072] [main/DEBUG] [net.minecraftforge.fml.loading.moddiscovery.ModFileInfo/LOADING]: Found valid mod file geckolib-forge-1.20.1-4.4.9.jar with {geckolib} mods - versions {4.4.9}
[13Jan2025 22:53:46.073] [main/DEBUG] [net.minecraftforge.fml.loading.moddiscovery.ModFileParser/LOADING]: Considering mod file candidate /workspaces/firmecodigo/servidor_minecraft/mods/horror_element_mod-1.6.0-forge-1.20.1.jar
[13Jan2025 22:53:46.073] [main/DEBUG] [net.minecraftforge.fml.loading.moddiscovery.ModFileInfo/LOADING]: Found valid mod file horror_element_mod-1.6.0-forge-1.20.1.jar with {horror_element_mod} mods - versions {1.6.0}
[13Jan2025 22:53:46.076] [main/DEBUG] [net.minecraftforge.fml.loading.moddiscovery.ModFileParser/LOADING]: Considering mod file candidate /workspaces/firmecodigo/servidor_minecraft/mods/immersive_weathering-1.20.1-2.0.3-forge.jar
[13Jan2025 22:53:46.077] [main/DEBUG] [net.minecraftforge.fml.loading.moddiscovery.ModFileInfo/LOADING]: Found valid mod file immersive_weathering-1.20.1-2.0.3-forge.jar with {immersive_weathering} mods - versions {1.20.1-2.0.3}
[13Jan2025 22:53:46.078] [main/DEBUG] [net.minecraftforge.fml.loading.moddiscovery.ModFileParser/LOADING]: Considering mod file candidate /workspaces/firmecodigo/servidor_minecraft/mods/InsaneLib-1.16.1-mc1.20.1.jar
[13Jan2025 22:53:46.078] [main/DEBUG] [net.minecraftforge.fml.loading.moddiscovery.ModFileInfo/LOADING]: Found valid mod file InsaneLib-1.16.1-mc1.20.1.jar with {insanelib} mods - versions {1.16.1}
[13Jan2025 22:53:46.079] [main/DEBUG] [net.minecraftforge.fml.loading.moddiscovery.ModFileParser/LOADING]: Considering mod file candidate /workspaces/firmecodigo/servidor_minecraft/mods/Jade-1.20.1-forge-11.11.1.jar
[13Jan2025 22:53:46.080] [main/DEBUG] [net.minecraftforge.fml.loading.moddiscovery.ModFileInfo/LOADING]: Found valid mod file Jade-1.20.1-forge-11.11.1.jar with {jade} mods - versions {11.11.1+forge}
[13Jan2025 22:53:46.081] [main/DEBUG] [net.minecraftforge.fml.loading.moddiscovery.ModFileParser/LOADING]: Considering mod file candidate /workspaces/firmecodigo/servidor_minecraft/mods/jei-1.20.1-forge-15.20.0.104.jar
[13Jan2025 22:53:46.082] [main/DEBUG] [net.minecraftforge.fml.loading.moddiscovery.ModFileInfo/LOADING]: Found valid mod file jei-1.20.1-forge-15.20.0.104.jar with {jei} mods - versions {15.20.0.104}
[13Jan2025 22:53:46.083] [main/DEBUG] [net.minecraftforge.fml.loading.moddiscovery.ModFileParser/LOADING]: Considering mod file candidate /workspaces/firmecodigo/servidor_minecraft/mods/lrarmor-1.20.1-0.1.4.3.jar
[13Jan2025 22:53:46.084] [main/DEBUG] [net.minecraftforge.fml.loading.moddiscovery.ModFileInfo/LOADING]: Found valid mod file lrarmor-1.20.1-0.1.4.3.jar with {lrarmor} mods - versions {0.1.4.3}
[13Jan2025 22:53:46.085] [main/DEBUG] [net.minecraftforge.fml.loading.moddiscovery.ModFileParser/LOADING]: Considering mod file candidate /workspaces/firmecodigo/servidor_minecraft/mods/moonlight-1.20-2.13.7-forge.jar
[13Jan2025 22:53:46.086] [main/DEBUG] [net.minecraftforge.fml.loading.moddiscovery.ModFileInfo/LOADING]: Found valid mod file moonlight-1.20-2.13.7-forge.jar with {moonlight} mods - versions {1.20-2.13.7}
[13Jan2025 22:53:46.092] [main/DEBUG] [net.minecraftforge.fml.loading.moddiscovery.ModFileParser/LOADING]: Considering mod file candidate /workspaces/firmecodigo/servidor_minecraft/mods/MutantMonsters-v8.0.7-1.20.1-Forge.jar
[13Jan2025 22:53:46.093] [main/DEBUG] [net.minecraftforge.fml.loading.moddiscovery.ModFileInfo/LOADING]: Found valid mod file MutantMonsters-v8.0.7-1.20.1-Forge.jar with {mutantmonsters} mods - versions {8.0.7}
[13Jan2025 22:53:46.095] [main/DEBUG] [net.minecraftforge.fml.loading.moddiscovery.ModFileParser/LOADING]: Considering mod file candidate /workspaces/firmecodigo/servidor_minecraft/mods/oculus-mc1.20.1-1.8.0.jar
[13Jan2025 22:53:46.096] [main/DEBUG] [net.minecraftforge.fml.loading.moddiscovery.ModFileInfo/LOADING]: Found valid mod file oculus-mc1.20.1-1.8.0.jar with {oculus} mods - versions {1.8.0}
[13Jan2025 22:53:46.098] [main/DEBUG] [net.minecraftforge.fml.loading.moddiscovery.ModFileParser/LOADING]: Considering mod file candidate /workspaces/firmecodigo/servidor_minecraft/mods/paladin-furniture-mod-1.2.1-forge-mc1.20.1.jar
[13Jan2025 22:53:46.099] [main/DEBUG] [net.minecraftforge.fml.loading.moddiscovery.ModFileInfo/LOADING]: Found valid mod file paladin-furniture-mod-1.2.1-forge-mc1.20.1.jar with {pfm} mods - versions {1.2.1}
[13Jan2025 22:53:46.100] [main/DEBUG] [net.minecraftforge.fml.loading.moddiscovery.ModFileParser/LOADING]: Considering mod file candidate /workspaces/firmecodigo/servidor_minecraft/mods/player-animation-lib-forge-1.0.2-rc1+1.20.jar
[13Jan2025 22:53:46.101] [main/DEBUG] [net.minecraftforge.fml.loading.moddiscovery.ModFileInfo/LOADING]: Found valid mod file player-animation-lib-forge-1.0.2-rc1+1.20.jar with {playeranimator} mods - versions {1.0.2-rc1+1.20}
[13Jan2025 22:53:46.101] [main/DEBUG] [net.minecraftforge.fml.loading.moddiscovery.ModFileParser/LOADING]: Considering mod file candidate /workspaces/firmecodigo/servidor_minecraft/mods/PlayerRevive_FORGE_v2.0.31_mc1.20.1.jar
[13Jan2025 22:53:46.102] [main/DEBUG] [net.minecraftforge.fml.loading.moddiscovery.ModFileInfo/LOADING]: Found valid mod file PlayerRevive_FORGE_v2.0.31_mc1.20.1.jar with {playerrevive} mods - versions {2.0.31}
[13Jan2025 22:53:46.104] [main/DEBUG] [net.minecraftforge.fml.loading.moddiscovery.ModFileParser/LOADING]: Considering mod file candidate /workspaces/firmecodigo/servidor_minecraft/mods/pointblank-forge-1.20.1-1.7.6.jar
[13Jan2025 22:53:46.105] [main/DEBUG] [net.minecraftforge.fml.loading.moddiscovery.ModFileInfo/LOADING]: Found valid mod file pointblank-forge-1.20.1-1.7.6.jar with {pointblank} mods - versions {1.7.6}
[13Jan2025 22:53:46.105] [main/DEBUG] [net.minecraftforge.fml.loading.moddiscovery.ModFileParser/LOADING]: Considering mod file candidate /workspaces/firmecodigo/servidor_minecraft/mods/powered_flashlight-forge-1.20.1-1.0.0.jar
[13Jan2025 22:53:46.106] [main/DEBUG] [net.minecraftforge.fml.loading.moddiscovery.ModFileInfo/LOADING]: Found valid mod file powered_flashlight-forge-1.20.1-1.0.0.jar with {powered_flashlight} mods - versions {1.0.0}
[13Jan2025 22:53:46.108] [main/DEBUG] [net.minecraftforge.fml.loading.moddiscovery.ModFileParser/LOADING]: Considering mod file candidate /workspaces/firmecodigo/servidor_minecraft/mods/PresenceFootsteps-1.20.1-1.9.1-beta.1.jar
[13Jan2025 22:53:46.108] [main/DEBUG] [net.minecraftforge.fml.loading.moddiscovery.ModFileInfo/LOADING]: Found valid mod file PresenceFootsteps-1.20.1-1.9.1-beta.1.jar with {presencefootsteps} mods - versions {1.20.1-1.9.1-beta.1}
[13Jan2025 22:53:46.110] [main/DEBUG] [net.minecraftforge.fml.loading.moddiscovery.ModFileParser/LOADING]: Considering mod file candidate /workspaces/firmecodigo/servidor_minecraft/mods/projectvibrantjourneys-1.20.1-6.0.4.jar
[13Jan2025 22:53:46.110] [main/DEBUG] [net.minecraftforge.fml.loading.moddiscovery.ModFileInfo/LOADING]: Found valid mod file projectvibrantjourneys-1.20.1-6.0.4.jar with {projectvibrantjourneys} mods - versions {1.20.1-6.0.4}
[13Jan2025 22:53:46.120] [main/DEBUG] [net.minecraftforge.fml.loading.moddiscovery.ModFileParser/LOADING]: Considering mod file candidate /workspaces/firmecodigo/servidor_minecraft/mods/PuzzlesLib-v8.1.24-1.20.1-Forge.jar
[13Jan2025 22:53:46.121] [main/DEBUG] [net.minecraftforge.fml.loading.moddiscovery.ModFileInfo/LOADING]: Found valid mod file PuzzlesLib-v8.1.24-1.20.1-Forge.jar with {puzzleslib} mods - versions {8.1.24}
[13Jan2025 22:53:46.168] [main/DEBUG] [net.minecraftforge.fml.loading.moddiscovery.ModFileParser/LOADING]: Considering mod file candidate /workspaces/firmecodigo/servidor_minecraft/mods/refurbished_furniture-forge-1.20.1-1.0.6.jar
[13Jan2025 22:53:46.169] [main/DEBUG] [net.minecraftforge.fml.loading.moddiscovery.ModFileInfo/LOADING]: Found valid mod file refurbished_furniture-forge-1.20.1-1.0.6.jar with {refurbished_furniture} mods - versions {1.0.6}
[13Jan2025 22:53:46.170] [main/DEBUG] [net.minecraftforge.fml.loading.moddiscovery.ModFileParser/LOADING]: Considering mod file candidate /workspaces/firmecodigo/servidor_minecraft/mods/sona-1.20.1-forge-1.0.3.jar
[13Jan2025 22:53:46.172] [main/DEBUG] [net.minecraftforge.fml.loading.moddiscovery.ModFileInfo/LOADING]: Found valid mod file sona-1.20.1-forge-1.0.3.jar with {sona} mods - versions {1.0.3}
[13Jan2025 22:53:46.173] [main/DEBUG] [net.minecraftforge.fml.loading.moddiscovery.ModFileParser/LOADING]: Considering mod file candidate /workspaces/firmecodigo/servidor_minecraft/mods/sound-physics-remastered-forge-1.20.1-1.4.5.jar
[13Jan2025 22:53:46.175] [main/DEBUG] [net.minecraftforge.fml.loading.moddiscovery.ModFileInfo/LOADING]: Found valid mod file sound-physics-remastered-forge-1.20.1-1.4.5.jar with {sound_physics_remastered} mods - versions {1.20.1-1.4.5}
[13Jan2025 22:53:46.176] [main/DEBUG] [net.minecraftforge.fml.loading.moddiscovery.ModFileParser/LOADING]: Considering mod file candidate /workspaces/firmecodigo/servidor_minecraft/mods/ThirstWasTaken-1.20.1-1.3.9.jar
[13Jan2025 22:53:46.177] [main/DEBUG] [net.minecraftforge.fml.loading.moddiscovery.ModFileInfo/LOADING]: Found valid mod file ThirstWasTaken-1.20.1-1.3.9.jar with {thirst} mods - versions {1.20.1-1.3.9}
[13Jan2025 22:53:46.178] [main/DEBUG] [net.minecraftforge.fml.loading.moddiscovery.ModFileParser/LOADING]: Considering mod file candidate /workspaces/firmecodigo/servidor_minecraft/mods/voicechat-forge-1.20.1-2.5.24.jar
[13Jan2025 22:53:46.179] [main/DEBUG] [net.minecraftforge.fml.loading.moddiscovery.ModFileInfo/LOADING]: Found valid mod file voicechat-forge-1.20.1-2.5.24.jar with {voicechat} mods - versions {1.20.1-2.5.24}
[13Jan2025 22:53:46.179] [main/DEBUG] [net.minecraftforge.fml.loading.moddiscovery.ModFileParser/LOADING]: Considering mod file candidate /workspaces/firmecodigo/servidor_minecraft/mods/wegotrunnners-0.7.1.1.20.1[SPANISH TRANSLATION UPDATE].jar
[13Jan2025 22:53:46.180] [main/DEBUG] [net.minecraftforge.fml.loading.moddiscovery.ModFileInfo/LOADING]: Found valid mod file wegotrunnners-0.7.1.1.20.1[SPANISH TRANSLATION UPDATE].jar with {wegotrunnners} mods - versions {1.0.0}
[13Jan2025 22:53:46.183] [main/DEBUG] [net.minecraftforge.fml.loading.moddiscovery.ModFileParser/LOADING]: Considering mod file candidate /workspaces/firmecodigo/servidor_minecraft/mods/XeKr's Decoration-1.20.1-Forge-0.8.2.jar
[13Jan2025 22:53:46.184] [main/DEBUG] [net.minecraftforge.fml.loading.moddiscovery.ModFileInfo/LOADING]: Found valid mod file XeKr's Decoration-1.20.1-Forge-0.8.2.jar with {xkdeco} mods - versions {0.8.2+forge}
[13Jan2025 22:53:46.185] [main/DEBUG] [net.minecraftforge.fml.loading.moddiscovery.ModFileParser/LOADING]: Considering mod file candidate /workspaces/firmecodigo/servidor_minecraft/mods/Zombie Extreme 1.20.1 0.2.6.jar
[13Jan2025 22:53:46.186] [main/DEBUG] [net.minecraftforge.fml.loading.moddiscovery.ModFileInfo/LOADING]: Found valid mod file Zombie Extreme 1.20.1 0.2.6.jar with {zombie_extreme} mods - versions {0.2.6}
[13Jan2025 22:53:46.187] [main/DEBUG] [net.minecraftforge.fml.loading.moddiscovery.ModFileParser/LOADING]: Considering mod file candidate /workspaces/firmecodigo/servidor_minecraft/mods/Zombie Island 1.20.1 0.1.2.jar
[13Jan2025 22:53:46.187] [main/DEBUG] [net.minecraftforge.fml.loading.moddiscovery.ModFileInfo/LOADING]: Found valid mod file Zombie Island 1.20.1 0.1.2.jar with {zombie_island} mods - versions {0.1.2}
[13Jan2025 22:53:46.188] [main/DEBUG] [net.minecraftforge.fml.loading.moddiscovery.ModFileParser/LOADING]: Considering mod file candidate /workspaces/firmecodigo/servidor_minecraft/mods/Zombie Survival Kit-1.20.1-forge-2.0.2.jar
[13Jan2025 22:53:46.189] [main/DEBUG] [net.minecraftforge.fml.loading.moddiscovery.ModFileInfo/LOADING]: Found valid mod file Zombie Survival Kit-1.20.1-forge-2.0.2.jar with {zombiekit} mods - versions {2.0.1}
[13Jan2025 22:53:46.190] [main/DEBUG] [net.minecraftforge.fml.loading.moddiscovery.ModFileParser/LOADING]: Considering mod file candidate /workspaces/firmecodigo/servidor_minecraft/mods/zombieawareness-1.20.1-1.13.1.jar
[13Jan2025 22:53:46.191] [main/DEBUG] [net.minecraftforge.fml.loading.moddiscovery.ModFileInfo/LOADING]: Found valid mod file zombieawareness-1.20.1-1.13.1.jar with {zombieawareness} mods - versions {1.20.1-1.13.1}
[13Jan2025 22:53:46.191] [main/DEBUG] [net.minecraftforge.fml.loading.moddiscovery.ModFileParser/LOADING]: Considering mod file candidate /workspaces/firmecodigo/servidor_minecraft/mods/zombiesmore-2.1.0-forge-1.20.1.jar
[13Jan2025 22:53:46.192] [main/DEBUG] [net.minecraftforge.fml.loading.moddiscovery.ModFileInfo/LOADING]: Found valid mod file zombiesmore-2.1.0-forge-1.20.1.jar with {zombiesmore} mods - versions {2.0.0}
[13Jan2025 22:53:46.318] [main/DEBUG] [net.minecraftforge.fml.loading.moddiscovery.ModFileInfo/LOADING]: Found valid mod file server-1.20.1-20230612.114412-srg.jar with {minecraft} mods - versions {1.20.1}
[13Jan2025 22:53:46.320] [main/DEBUG] [net.minecraftforge.fml.loading.moddiscovery.ModFileParser/LOADING]: Considering mod file candidate /workspaces/firmecodigo/servidor_minecraft/libraries/net/minecraftforge/fmlcore/1.20.1-47.3.7/fmlcore-1.20.1-47.3.7.jar
[13Jan2025 22:53:46.320] [main/WARN] [net.minecraftforge.fml.loading.moddiscovery.ModFileParser/LOADING]: Mod file /workspaces/firmecodigo/servidor_minecraft/libraries/net/minecraftforge/fmlcore/1.20.1-47.3.7/fmlcore-1.20.1-47.3.7.jar is missing mods.toml file
[13Jan2025 22:53:46.321] [main/DEBUG] [net.minecraftforge.fml.loading.moddiscovery.ModFileParser/LOADING]: Considering mod file candidate /workspaces/firmecodigo/servidor_minecraft/libraries/net/minecraftforge/javafmllanguage/1.20.1-47.3.7/javafmllanguage-1.20.1-47.3.7.jar
[13Jan2025 22:53:46.321] [main/WARN] [net.minecraftforge.fml.loading.moddiscovery.ModFileParser/LOADING]: Mod file /workspaces/firmecodigo/servidor_minecraft/libraries/net/minecraftforge/javafmllanguage/1.20.1-47.3.7/javafmllanguage-1.20.1-47.3.7.jar is missing mods.toml file
[13Jan2025 22:53:46.322] [main/DEBUG] [net.minecraftforge.fml.loading.moddiscovery.ModFileParser/LOADING]: Considering mod file candidate /workspaces/firmecodigo/servidor_minecraft/libraries/net/minecraftforge/lowcodelanguage/1.20.1-47.3.7/lowcodelanguage-1.20.1-47.3.7.jar
[13Jan2025 22:53:46.322] [main/WARN] [net.minecraftforge.fml.loading.moddiscovery.ModFileParser/LOADING]: Mod file /workspaces/firmecodigo/servidor_minecraft/libraries/net/minecraftforge/lowcodelanguage/1.20.1-47.3.7/lowcodelanguage-1.20.1-47.3.7.jar is missing mods.toml file
[13Jan2025 22:53:46.323] [main/DEBUG] [net.minecraftforge.fml.loading.moddiscovery.ModFileParser/LOADING]: Considering mod file candidate /workspaces/firmecodigo/servidor_minecraft/libraries/net/minecraftforge/mclanguage/1.20.1-47.3.7/mclanguage-1.20.1-47.3.7.jar
[13Jan2025 22:53:46.324] [main/WARN] [net.minecraftforge.fml.loading.moddiscovery.ModFileParser/LOADING]: Mod file /workspaces/firmecodigo/servidor_minecraft/libraries/net/minecraftforge/mclanguage/1.20.1-47.3.7/mclanguage-1.20.1-47.3.7.jar is missing mods.toml file
[13Jan2025 22:53:46.365] [main/DEBUG] [net.minecraftforge.fml.loading.moddiscovery.ModFileParser/LOADING]: Considering mod file candidate /workspaces/firmecodigo/servidor_minecraft/libraries/net/minecraftforge/forge/1.20.1-47.3.7/forge-1.20.1-47.3.7-universal.jar
[13Jan2025 22:53:46.366] [main/DEBUG] [net.minecraftforge.fml.loading.moddiscovery.ModFileInfo/LOADING]: Found valid mod file forge-1.20.1-47.3.7-universal.jar with {forge} mods - versions {47.3.7}
[13Jan2025 22:53:46.378] [main/DEBUG] [net.minecraftforge.fml.loading.moddiscovery.AbstractJarFileDependencyLocator/]: Failed to load resource META-INF/jarjar/metadata.json from Zombie Extreme 1.20.1 0.2.6.jar, it does not contain dependency information.
[13Jan2025 22:53:46.378] [main/DEBUG] [net.minecraftforge.fml.loading.moddiscovery.AbstractJarFileDependencyLocator/]: Failed to load resource META-INF/jarjar/metadata.json from Zombie Survival Kit-1.20.1-forge-2.0.2.jar, it does not contain dependency information.
[13Jan2025 22:53:46.379] [main/DEBUG] [net.minecraftforge.fml.loading.moddiscovery.AbstractJarFileDependencyLocator/]: Failed to load resource META-INF/jarjar/metadata.json from player-animation-lib-forge-1.0.2-rc1+1.20.jar, it does not contain dependency information.
[13Jan2025 22:53:46.379] [main/DEBUG] [net.minecraftforge.fml.loading.moddiscovery.AbstractJarFileDependencyLocator/]: Failed to load resource META-INF/jarjar/metadata.json from jei-1.20.1-forge-15.20.0.104.jar, it does not contain dependency information.
[13Jan2025 22:53:46.379] [main/DEBUG] [net.minecraftforge.fml.loading.moddiscovery.AbstractJarFileDependencyLocator/]: Failed to load resource META-INF/jarjar/metadata.json from InsaneLib-1.16.1-mc1.20.1.jar, it does not contain dependency information.
[13Jan2025 22:53:46.379] [main/DEBUG] [net.minecraftforge.fml.loading.moddiscovery.AbstractJarFileDependencyLocator/]: Failed to load resource META-INF/jarjar/metadata.json from immersive_weathering-1.20.1-2.0.3-forge.jar, it does not contain dependency information.
[13Jan2025 22:53:46.379] [main/DEBUG] [net.minecraftforge.fml.loading.moddiscovery.AbstractJarFileDependencyLocator/]: Failed to load resource META-INF/jarjar/metadata.json from zombiesmore-2.1.0-forge-1.20.1.jar, it does not contain dependency information.
[13Jan2025 22:53:46.379] [main/DEBUG] [net.minecraftforge.fml.loading.moddiscovery.AbstractJarFileDependencyLocator/]: Failed to load resource META-INF/jarjar/metadata.json from sound-physics-remastered-forge-1.20.1-1.4.5.jar, it does not contain dependency information.
[13Jan2025 22:53:46.380] [main/DEBUG] [net.minecraftforge.fml.loading.moddiscovery.AbstractJarFileDependencyLocator/]: Failed to load resource META-INF/jarjar/metadata.json from EnhancedVisuals_FORGE_v1.8.1_mc1.20.1.jar, it does not contain dependency information.
[13Jan2025 22:53:46.380] [main/DEBUG] [net.minecraftforge.fml.loading.moddiscovery.AbstractJarFileDependencyLocator/]: Failed to load resource META-INF/jarjar/metadata.json from horror_element_mod-1.6.0-forge-1.20.1.jar, it does not contain dependency information.
[13Jan2025 22:53:46.380] [main/DEBUG] [net.minecraftforge.fml.loading.moddiscovery.AbstractJarFileDependencyLocator/]: Failed to load resource META-INF/jarjar/metadata.json from zombieawareness-1.20.1-1.13.1.jar, it does not contain dependency information.
[13Jan2025 22:53:46.380] [main/DEBUG] [net.minecraftforge.fml.loading.moddiscovery.AbstractJarFileDependencyLocator/]: Failed to load resource META-INF/jarjar/metadata.json from design_decor-0.4.0b-1.20.1.jar, it does not contain dependency information.
[13Jan2025 22:53:46.380] [main/DEBUG] [net.minecraftforge.fml.loading.moddiscovery.AbstractJarFileDependencyLocator/]: Failed to load resource META-INF/jarjar/metadata.json from wegotrunnners-0.7.1.1.20.1[SPANISH TRANSLATION UPDATE].jar, it does not contain dependency information.
[13Jan2025 22:53:46.380] [main/DEBUG] [net.minecraftforge.fml.loading.moddiscovery.AbstractJarFileDependencyLocator/]: Failed to load resource META-INF/jarjar/metadata.json from firstaid-1.20.1-1.1.jar, it does not contain dependency information.
[13Jan2025 22:53:46.381] [main/DEBUG] [net.minecraftforge.fml.loading.moddiscovery.AbstractJarFileDependencyLocator/]: Failed to load resource META-INF/jarjar/metadata.json from forge-1.20.1-47.3.7-universal.jar, it does not contain dependency information.
[13Jan2025 22:53:46.381] [main/DEBUG] [net.minecraftforge.fml.loading.moddiscovery.AbstractJarFileDependencyLocator/]: Failed to load resource META-INF/jarjar/metadata.json from paladin-furniture-mod-1.2.1-forge-mc1.20.1.jar, it does not contain dependency information.
[13Jan2025 22:53:46.381] [main/DEBUG] [net.minecraftforge.fml.loading.moddiscovery.AbstractJarFileDependencyLocator/]: Failed to load resource META-INF/jarjar/metadata.json from sona-1.20.1-forge-1.0.3.jar, it does not contain dependency information.
[13Jan2025 22:53:46.381] [main/DEBUG] [net.minecraftforge.fml.loading.moddiscovery.AbstractJarFileDependencyLocator/]: Failed to load resource META-INF/jarjar/metadata.json from server-1.20.1-20230612.114412-srg.jar, it does not contain dependency information.
[13Jan2025 22:53:46.381] [main/DEBUG] [net.minecraftforge.fml.loading.moddiscovery.AbstractJarFileDependencyLocator/]: Failed to load resource META-INF/jarjar/metadata.json from FarmersDelight-1.20.1-1.2.4.jar, it does not contain dependency information.
[13Jan2025 22:53:46.382] [main/DEBUG] [net.minecraftforge.fml.loading.moddiscovery.AbstractJarFileDependencyLocator/]: Failed to load resource META-INF/jarjar/metadata.json from voicechat-forge-1.20.1-2.5.24.jar, it does not contain dependency information.
[13Jan2025 22:53:46.382] [main/DEBUG] [net.minecraftforge.fml.loading.moddiscovery.AbstractJarFileDependencyLocator/]: Failed to load resource META-INF/jarjar/metadata.json from extragore-1.20.1-5.2.3.1.jar, it does not contain dependency information.
[13Jan2025 22:53:46.382] [main/DEBUG] [net.minecraftforge.fml.loading.moddiscovery.AbstractJarFileDependencyLocator/]: Failed to load resource META-INF/jarjar/metadata.json from AmbientSounds_FORGE_v6.1.1_mc1.20.1.jar, it does not contain dependency information.
[13Jan2025 22:53:46.382] [main/DEBUG] [net.minecraftforge.fml.loading.moddiscovery.AbstractJarFileDependencyLocator/]: Failed to load resource META-INF/jarjar/metadata.json from projectvibrantjourneys-1.20.1-6.0.4.jar, it does not contain dependency information.
[13Jan2025 22:53:46.382] [main/DEBUG] [net.minecraftforge.fml.loading.moddiscovery.AbstractJarFileDependencyLocator/]: Failed to load resource META-INF/jarjar/metadata.json from Jade-1.20.1-forge-11.11.1.jar, it does not contain dependency information.
[13Jan2025 22:53:46.382] [main/DEBUG] [net.minecraftforge.fml.loading.moddiscovery.AbstractJarFileDependencyLocator/]: Failed to load resource META-INF/jarjar/metadata.json from lrarmor-1.20.1-0.1.4.3.jar, it does not contain dependency information.
[13Jan2025 22:53:46.383] [main/DEBUG] [net.minecraftforge.fml.loading.moddiscovery.AbstractJarFileDependencyLocator/]: Failed to load resource META-INF/jarjar/metadata.json from CreativeCore_FORGE_v2.12.17_mc1.20.1.jar, it does not contain dependency information.
[13Jan2025 22:53:46.383] [main/DEBUG] [net.minecraftforge.fml.loading.moddiscovery.AbstractJarFileDependencyLocator/]: Failed to load resource META-INF/jarjar/metadata.json from Zombie Island 1.20.1 0.1.2.jar, it does not contain dependency information.
[13Jan2025 22:53:46.383] [main/DEBUG] [net.minecraftforge.fml.loading.moddiscovery.AbstractJarFileDependencyLocator/]: Failed to load resource META-INF/jarjar/metadata.json from Corgilib-Forge-1.20.1-4.0.3.3.jar, it does not contain dependency information.
[13Jan2025 22:53:46.383] [main/DEBUG] [net.minecraftforge.fml.loading.moddiscovery.AbstractJarFileDependencyLocator/]: Failed to load resource META-INF/jarjar/metadata.json from Extinction Z 1.20.1 1.1.0.jar, it does not contain dependency information.
[13Jan2025 22:53:46.383] [main/DEBUG] [net.minecraftforge.fml.loading.moddiscovery.AbstractJarFileDependencyLocator/]: Failed to load resource META-INF/jarjar/metadata.json from curios-forge-5.10.0+1.20.1.jar, it does not contain dependency information.
[13Jan2025 22:53:46.383] [main/DEBUG] [net.minecraftforge.fml.loading.moddiscovery.AbstractJarFileDependencyLocator/]: Failed to load resource META-INF/jarjar/metadata.json from [1.20.1] SecurityCraft v1.9.11.jar, it does not contain dependency information.
[13Jan2025 22:53:46.384] [main/DEBUG] [net.minecraftforge.fml.loading.moddiscovery.AbstractJarFileDependencyLocator/]: Failed to load resource META-INF/jarjar/metadata.json from ThirstWasTaken-1.20.1-1.3.9.jar, it does not contain dependency information.
[13Jan2025 22:53:46.384] [main/DEBUG] [net.minecraftforge.fml.loading.moddiscovery.AbstractJarFileDependencyLocator/]: Failed to load resource META-INF/jarjar/metadata.json from pointblank-forge-1.20.1-1.7.6.jar, it does not contain dependency information.
[13Jan2025 22:53:46.384] [main/DEBUG] [net.minecraftforge.fml.loading.moddiscovery.AbstractJarFileDependencyLocator/]: Failed to load resource META-INF/jarjar/metadata.json from damageindicator-2.0.0-1.20.1.jar, it does not contain dependency information.
[13Jan2025 22:53:46.384] [main/DEBUG] [net.minecraftforge.fml.loading.moddiscovery.AbstractJarFileDependencyLocator/]: Failed to load resource META-INF/jarjar/metadata.json from coroutil-forge-1.20.1-1.3.7.jar, it does not contain dependency information.
[13Jan2025 22:53:46.384] [main/DEBUG] [net.minecraftforge.fml.loading.moddiscovery.AbstractJarFileDependencyLocator/]: Failed to load resource META-INF/jarjar/metadata.json from automobility-0.4.2+1.20.1-forge.jar, it does not contain dependency information.
[13Jan2025 22:53:46.384] [main/DEBUG] [net.minecraftforge.fml.loading.moddiscovery.AbstractJarFileDependencyLocator/]: Failed to load resource META-INF/jarjar/metadata.json from powered_flashlight-forge-1.20.1-1.0.0.jar, it does not contain dependency information.
[13Jan2025 22:53:46.384] [main/DEBUG] [net.minecraftforge.fml.loading.moddiscovery.AbstractJarFileDependencyLocator/]: Failed to load resource META-INF/jarjar/metadata.json from AI-Improvements-1.20-0.5.2.jar, it does not contain dependency information.
[13Jan2025 22:53:46.385] [main/DEBUG] [net.minecraftforge.fml.loading.moddiscovery.AbstractJarFileDependencyLocator/]: Failed to load resource META-INF/jarjar/metadata.json from refurbished_furniture-forge-1.20.1-1.0.6.jar, it does not contain dependency information.
[13Jan2025 22:53:46.385] [main/DEBUG] [net.minecraftforge.fml.loading.moddiscovery.AbstractJarFileDependencyLocator/]: Failed to load resource META-INF/jarjar/metadata.json from Enhanced-Celestials-Forge-1.20.1-5.0.2.3.jar, it does not contain dependency information.
[13Jan2025 22:53:46.385] [main/DEBUG] [net.minecraftforge.fml.loading.moddiscovery.AbstractJarFileDependencyLocator/]: Failed to load resource META-INF/jarjar/metadata.json from framework-forge-1.20.1-0.7.8.jar, it does not contain dependency information.
[13Jan2025 22:53:46.385] [main/DEBUG] [net.minecraftforge.fml.loading.moddiscovery.AbstractJarFileDependencyLocator/]: Failed to load resource META-INF/jarjar/metadata.json from createtaczauto-1.1.2-forge-1.20.1.jar, it does not contain dependency information.
[13Jan2025 22:53:46.385] [main/DEBUG] [net.minecraftforge.fml.loading.moddiscovery.AbstractJarFileDependencyLocator/]: Failed to load resource META-INF/jarjar/metadata.json from eh1.3.1-1.20.1.jar, it does not contain dependency information.
[13Jan2025 22:53:46.386] [main/DEBUG] [net.minecraftforge.fml.loading.moddiscovery.AbstractJarFileDependencyLocator/]: Failed to load resource META-INF/jarjar/metadata.json from explosiveenhancement-1.0.1-tacz.jar, it does not contain dependency information.
[13Jan2025 22:53:46.386] [main/DEBUG] [net.minecraftforge.fml.loading.moddiscovery.AbstractJarFileDependencyLocator/]: Failed to load resource META-INF/jarjar/metadata.json from PlayerRevive_FORGE_v2.0.31_mc1.20.1.jar, it does not contain dependency information.
[13Jan2025 22:53:46.386] [main/DEBUG] [net.minecraftforge.fml.loading.moddiscovery.AbstractJarFileDependencyLocator/]: Failed to load resource META-INF/jarjar/metadata.json from PresenceFootsteps-1.20.1-1.9.1-beta.1.jar, it does not contain dependency information.
[13Jan2025 22:53:46.386] [main/DEBUG] [net.minecraftforge.fml.loading.moddiscovery.AbstractJarFileDependencyLocator/]: Failed to load resource META-INF/jarjar/metadata.json from mclanguage-1.20.1-47.3.7.jar, it does not contain dependency information.
[13Jan2025 22:53:46.386] [main/DEBUG] [net.minecraftforge.fml.loading.moddiscovery.AbstractJarFileDependencyLocator/]: Failed to load resource META-INF/jarjar/metadata.json from javafmllanguage-1.20.1-47.3.7.jar, it does not contain dependency information.
[13Jan2025 22:53:46.386] [main/DEBUG] [net.minecraftforge.fml.loading.moddiscovery.AbstractJarFileDependencyLocator/]: Failed to load resource META-INF/jarjar/metadata.json from fmlcore-1.20.1-47.3.7.jar, it does not contain dependency information.
[13Jan2025 22:53:46.387] [main/DEBUG] [net.minecraftforge.fml.loading.moddiscovery.AbstractJarFileDependencyLocator/]: Failed to load resource META-INF/jarjar/metadata.json from lowcodelanguage-1.20.1-47.3.7.jar, it does not contain dependency information.
[13Jan2025 22:53:46.450] [main/DEBUG] [net.minecraftforge.fml.loading.moddiscovery.ModFileParser/LOADING]: Considering mod file candidate 
[13Jan2025 22:53:46.451] [main/DEBUG] [net.minecraftforge.fml.loading.moddiscovery.ModFileInfo/LOADING]: Found valid mod file flywheel-forge-1.20.1-0.6.11-13.jar with {flywheel} mods - versions {0.6.11-13}
[13Jan2025 22:53:46.454] [main/DEBUG] [net.minecraftforge.fml.loading.moddiscovery.ModFileParser/LOADING]: Considering mod file candidate 
[13Jan2025 22:53:46.454] [main/DEBUG] [net.minecraftforge.fml.loading.moddiscovery.ModFileInfo/LOADING]: Found valid mod file puzzlesaccessapi-forge-8.0.7.jar with {puzzlesaccessapi} mods - versions {8.0.7}
[13Jan2025 22:53:46.456] [main/DEBUG] [net.minecraftforge.fml.loading.moddiscovery.ModFileParser/LOADING]: Considering mod file candidate 
[13Jan2025 22:53:46.457] [main/DEBUG] [net.minecraftforge.fml.loading.moddiscovery.ModFileInfo/LOADING]: Found valid mod file mixinextras-forge-0.3.6.jar with {mixinextras} mods - versions {0.3.6}
[13Jan2025 22:53:46.458] [main/DEBUG] [net.minecraftforge.fml.loading.moddiscovery.ModFileParser/LOADING]: Considering mod file candidate 
[13Jan2025 22:53:46.459] [main/DEBUG] [net.minecraftforge.fml.loading.moddiscovery.ModFileInfo/LOADING]: Found valid mod file mixinextras-forge-0.3.5.jar with {mixinextras} mods - versions {0.3.5}
[13Jan2025 22:53:46.460] [main/DEBUG] [net.minecraftforge.fml.loading.moddiscovery.ModFileParser/LOADING]: Considering mod file candidate 
[13Jan2025 22:53:46.461] [main/DEBUG] [net.minecraftforge.fml.loading.moddiscovery.ModFileInfo/LOADING]: Found valid mod file mixinextras-forge-0.3.6.jar with {mixinextras} mods - versions {0.3.6}
[13Jan2025 22:53:46.480] [main/DEBUG] [net.minecraftforge.fml.loading.moddiscovery.ModFileParser/LOADING]: Considering mod file candidate 
[13Jan2025 22:53:46.481] [main/DEBUG] [net.minecraftforge.fml.loading.moddiscovery.ModFileInfo/LOADING]: Found valid mod file kiwi-11.8.20+forge.jar with {kiwi} mods - versions {11.8.20+forge}
[13Jan2025 22:53:46.482] [main/DEBUG] [net.minecraftforge.fml.loading.moddiscovery.AbstractJarFileDependencyLocator/]: Failed to load resource META-INF/jarjar/metadata.json from jcpp-1.4.14.jar, it does not contain dependency information.
[13Jan2025 22:53:46.482] [main/DEBUG] [net.minecraftforge.fml.loading.moddiscovery.AbstractJarFileDependencyLocator/]: Failed to load resource META-INF/jarjar/metadata.json from mclib-20.jar, it does not contain dependency information.
[13Jan2025 22:53:46.482] [main/DEBUG] [net.minecraftforge.fml.loading.moddiscovery.AbstractJarFileDependencyLocator/]: Failed to load resource META-INF/jarjar/metadata.json from Registrate-MC1.20-1.3.3.jar, it does not contain dependency information.
[13Jan2025 22:53:46.482] [main/DEBUG] [net.minecraftforge.fml.loading.moddiscovery.AbstractJarFileDependencyLocator/]: Failed to load resource META-INF/jarjar/metadata.json from flywheel-forge-1.20.1-0.6.11-13.jar, it does not contain dependency information.
[13Jan2025 22:53:46.502] [main/DEBUG] [net.minecraftforge.fml.loading.moddiscovery.ModFileParser/LOADING]: Considering mod file candidate 
[13Jan2025 22:53:46.503] [main/DEBUG] [net.minecraftforge.fml.loading.moddiscovery.ModFileInfo/LOADING]: Found valid mod file mixinextras-forge-0.3.2.jar with {mixinextras} mods - versions {0.3.2}
[13Jan2025 22:53:46.503] [main/DEBUG] [net.minecraftforge.fml.loading.moddiscovery.AbstractJarFileDependencyLocator/]: Failed to load resource META-INF/jarjar/metadata.json from MixinExtras-0.3.6.jar, it does not contain dependency information.
[13Jan2025 22:53:46.503] [main/DEBUG] [net.minecraftforge.fml.loading.moddiscovery.AbstractJarFileDependencyLocator/]: Failed to load resource META-INF/jarjar/metadata.json from MixinExtras-0.3.5.jar, it does not contain dependency information.
[13Jan2025 22:53:46.503] [main/DEBUG] [net.minecraftforge.fml.loading.moddiscovery.AbstractJarFileDependencyLocator/]: Failed to load resource META-INF/jarjar/metadata.json from MixinExtras-0.3.6.jar, it does not contain dependency information.
[13Jan2025 22:53:46.510] [main/DEBUG] [net.minecraftforge.fml.loading.moddiscovery.AbstractJarFileDependencyLocator/]: Failed to load resource META-INF/jarjar/metadata.json from MixinExtras-0.3.2.jar, it does not contain dependency information.
[13Jan2025 22:53:46.536] [main/DEBUG] [net.minecraftforge.fml.loading.moddiscovery.ModFileParser/LOADING]: Considering mod file candidate 
[13Jan2025 22:53:46.537] [main/DEBUG] [net.minecraftforge.fml.loading.moddiscovery.ModFileInfo/LOADING]: Found valid mod file flywheel-forge-1.20.1-0.6.11-13.jar with {flywheel} mods - versions {0.6.11-13}
[13Jan2025 22:53:46.539] [main/DEBUG] [net.minecraftforge.fml.loading.moddiscovery.ModFileParser/LOADING]: Considering mod file candidate 
[13Jan2025 22:53:46.540] [main/DEBUG] [net.minecraftforge.fml.loading.moddiscovery.ModFileInfo/LOADING]: Found valid mod file puzzlesaccessapi-forge-8.0.7.jar with {puzzlesaccessapi} mods - versions {8.0.7}
[13Jan2025 22:53:46.541] [main/DEBUG] [net.minecraftforge.fml.loading.moddiscovery.ModFileParser/LOADING]: Considering mod file candidate 
[13Jan2025 22:53:46.542] [main/DEBUG] [net.minecraftforge.fml.loading.moddiscovery.ModFileInfo/LOADING]: Found valid mod file mixinextras-forge-0.3.6.jar with {mixinextras} mods - versions {0.3.6}
[13Jan2025 22:53:46.554] [main/DEBUG] [net.minecraftforge.fml.loading.moddiscovery.ModFileParser/LOADING]: Considering mod file candidate 
[13Jan2025 22:53:46.555] [main/DEBUG] [net.minecraftforge.fml.loading.moddiscovery.ModFileInfo/LOADING]: Found valid mod file kiwi-11.8.20+forge.jar with {kiwi} mods - versions {11.8.20+forge}
[13Jan2025 22:53:46.565] [main/INFO] [net.minecraftforge.fml.loading.moddiscovery.JarInJarDependencyLocator/]: Found 8 dependencies adding them to mods collection
[13Jan2025 22:53:46.567] [main/DEBUG] [net.minecraftforge.fml.loading.moddiscovery.ModFileParser/LOADING]: Considering mod file candidate /workspaces/firmecodigo/servidor_minecraft/mods/Zombie Extreme 1.20.1 0.2.6.jar
[13Jan2025 22:53:46.568] [main/DEBUG] [net.minecraftforge.fml.loading.moddiscovery.ModFileInfo/LOADING]: Found valid mod file Zombie Extreme 1.20.1 0.2.6.jar with {zombie_extreme} mods - versions {0.2.6}
[13Jan2025 22:53:46.570] [main/DEBUG] [net.minecraftforge.fml.loading.moddiscovery.ModFile/LOADING]: Loading mod file /workspaces/firmecodigo/servidor_minecraft/mods/Zombie Extreme 1.20.1 0.2.6.jar with languages [LanguageSpec[languageName=javafml, acceptedVersions=[47,)]]
[13Jan2025 22:53:46.571] [main/DEBUG] [net.minecraftforge.fml.loading.moddiscovery.ModFileParser/LOADING]: Considering mod file candidate 
[13Jan2025 22:53:46.572] [main/DEBUG] [net.minecraftforge.fml.loading.moddiscovery.ModFileInfo/LOADING]: Found valid mod file kiwi-11.8.20+forge.jar with {kiwi} mods - versions {11.8.20+forge}
[13Jan2025 22:53:46.572] [main/DEBUG] [net.minecraftforge.fml.loading.moddiscovery.ModFile/LOADING]: Loading mod file  with languages [LanguageSpec[languageName=javafml, acceptedVersions=[46,)]]
[13Jan2025 22:53:46.572] [main/DEBUG] [net.minecraftforge.fml.loading.moddiscovery.ModFileParser/LOADING]: Considering mod file candidate /workspaces/firmecodigo/servidor_minecraft/mods/MutantMonsters-v8.0.7-1.20.1-Forge.jar
[13Jan2025 22:53:46.573] [main/DEBUG] [net.minecraftforge.fml.loading.moddiscovery.ModFileInfo/LOADING]: Found valid mod file MutantMonsters-v8.0.7-1.20.1-Forge.jar with {mutantmonsters} mods - versions {8.0.7}
[13Jan2025 22:53:46.573] [main/DEBUG] [net.minecraftforge.fml.loading.moddiscovery.ModFile/LOADING]: Loading mod file /workspaces/firmecodigo/servidor_minecraft/mods/MutantMonsters-v8.0.7-1.20.1-Forge.jar with languages [LanguageSpec[languageName=javafml, acceptedVersions=[47,)]]
[13Jan2025 22:53:46.573] [main/DEBUG] [net.minecraftforge.fml.loading.moddiscovery.ModFileParser/LOADING]: Considering mod file candidate /workspaces/firmecodigo/servidor_minecraft/mods/Zombie Survival Kit-1.20.1-forge-2.0.2.jar
[13Jan2025 22:53:46.574] [main/DEBUG] [net.minecraftforge.fml.loading.moddiscovery.ModFileInfo/LOADING]: Found valid mod file Zombie Survival Kit-1.20.1-forge-2.0.2.jar with {zombiekit} mods - versions {2.0.1}
[13Jan2025 22:53:46.575] [main/DEBUG] [net.minecraftforge.fml.loading.moddiscovery.ModFile/LOADING]: Loading mod file /workspaces/firmecodigo/servidor_minecraft/mods/Zombie Survival Kit-1.20.1-forge-2.0.2.jar with languages [LanguageSpec[languageName=javafml, acceptedVersions=[47,)]]
[13Jan2025 22:53:46.575] [main/DEBUG] [net.minecraftforge.fml.loading.moddiscovery.ModFileParser/LOADING]: Considering mod file candidate /workspaces/firmecodigo/servidor_minecraft/mods/geckolib-forge-1.20.1-4.4.9.jar
[13Jan2025 22:53:46.575] [main/DEBUG] [net.minecraftforge.fml.loading.moddiscovery.ModFileInfo/LOADING]: Found valid mod file geckolib-forge-1.20.1-4.4.9.jar with {geckolib} mods - versions {4.4.9}
[13Jan2025 22:53:46.575] [main/DEBUG] [net.minecraftforge.fml.loading.moddiscovery.ModFile/LOADING]: Loading mod file /workspaces/firmecodigo/servidor_minecraft/mods/geckolib-forge-1.20.1-4.4.9.jar with languages [LanguageSpec[languageName=javafml, acceptedVersions=[47,)]]
[13Jan2025 22:53:46.576] [main/DEBUG] [net.minecraftforge.fml.loading.moddiscovery.ModFileParser/LOADING]: Considering mod file candidate /workspaces/firmecodigo/servidor_minecraft/mods/player-animation-lib-forge-1.0.2-rc1+1.20.jar
[13Jan2025 22:53:46.576] [main/DEBUG] [net.minecraftforge.fml.loading.moddiscovery.ModFileInfo/LOADING]: Found valid mod file player-animation-lib-forge-1.0.2-rc1+1.20.jar with {playeranimator} mods - versions {1.0.2-rc1+1.20}
[13Jan2025 22:53:46.576] [main/DEBUG] [net.minecraftforge.fml.loading.moddiscovery.ModFile/LOADING]: Loading mod file /workspaces/firmecodigo/servidor_minecraft/mods/player-animation-lib-forge-1.0.2-rc1+1.20.jar with languages [LanguageSpec[languageName=javafml, acceptedVersions=[46.0.0,)]]
[13Jan2025 22:53:46.576] [main/DEBUG] [net.minecraftforge.fml.loading.moddiscovery.ModFileParser/LOADING]: Considering mod file candidate /workspaces/firmecodigo/servidor_minecraft/mods/jei-1.20.1-forge-15.20.0.104.jar
[13Jan2025 22:53:46.577] [main/DEBUG] [net.minecraftforge.fml.loading.moddiscovery.ModFileInfo/LOADING]: Found valid mod file jei-1.20.1-forge-15.20.0.104.jar with {jei} mods - versions {15.20.0.104}
[13Jan2025 22:53:46.577] [main/DEBUG] [net.minecraftforge.fml.loading.moddiscovery.ModFile/LOADING]: Loading mod file /workspaces/firmecodigo/servidor_minecraft/mods/jei-1.20.1-forge-15.20.0.104.jar with languages [LanguageSpec[languageName=javafml, acceptedVersions=[47,)]]
[13Jan2025 22:53:46.577] [main/DEBUG] [net.minecraftforge.fml.loading.moddiscovery.ModFileParser/LOADING]: Considering mod file candidate /workspaces/firmecodigo/servidor_minecraft/mods/immersive_weathering-1.20.1-2.0.3-forge.jar
[13Jan2025 22:53:46.578] [main/DEBUG] [net.minecraftforge.fml.loading.moddiscovery.ModFileInfo/LOADING]: Found valid mod file immersive_weathering-1.20.1-2.0.3-forge.jar with {immersive_weathering} mods - versions {1.20.1-2.0.3}
[13Jan2025 22:53:46.578] [main/DEBUG] [net.minecraftforge.fml.loading.moddiscovery.ModFile/LOADING]: Loading mod file /workspaces/firmecodigo/servidor_minecraft/mods/immersive_weathering-1.20.1-2.0.3-forge.jar with languages [LanguageSpec[languageName=javafml, acceptedVersions=[40,)]]
[13Jan2025 22:53:46.578] [main/DEBUG] [net.minecraftforge.fml.loading.moddiscovery.ModFileParser/LOADING]: Considering mod file candidate /workspaces/firmecodigo/servidor_minecraft/mods/InsaneLib-1.16.1-mc1.20.1.jar
[13Jan2025 22:53:46.579] [main/DEBUG] [net.minecraftforge.fml.loading.moddiscovery.ModFileInfo/LOADING]: Found valid mod file InsaneLib-1.16.1-mc1.20.1.jar with {insanelib} mods - versions {1.16.1}
[13Jan2025 22:53:46.579] [main/DEBUG] [net.minecraftforge.fml.loading.moddiscovery.ModFile/LOADING]: Loading mod file /workspaces/firmecodigo/servidor_minecraft/mods/InsaneLib-1.16.1-mc1.20.1.jar with languages [LanguageSpec[languageName=javafml, acceptedVersions=[47,)]]
[13Jan2025 22:53:46.579] [main/DEBUG] [net.minecraftforge.fml.loading.moddiscovery.ModFileParser/LOADING]: Considering mod file candidate /workspaces/firmecodigo/servidor_minecraft/mods/create-1.20.1-0.5.1.i.jar
[13Jan2025 22:53:46.580] [main/DEBUG] [net.minecraftforge.fml.loading.moddiscovery.ModFileInfo/LOADING]: Found valid mod file create-1.20.1-0.5.1.i.jar with {create} mods - versions {0.5.1.i}
[13Jan2025 22:53:46.580] [main/DEBUG] [net.minecraftforge.fml.loading.moddiscovery.ModFile/LOADING]: Loading mod file /workspaces/firmecodigo/servidor_minecraft/mods/create-1.20.1-0.5.1.i.jar with languages [LanguageSpec[languageName=javafml, acceptedVersions=[47,)]]
[13Jan2025 22:53:46.580] [main/DEBUG] [net.minecraftforge.fml.loading.moddiscovery.ModFileParser/LOADING]: Considering mod file candidate /workspaces/firmecodigo/servidor_minecraft/mods/sound-physics-remastered-forge-1.20.1-1.4.5.jar
[13Jan2025 22:53:46.581] [main/DEBUG] [net.minecraftforge.fml.loading.moddiscovery.ModFileInfo/LOADING]: Found valid mod file sound-physics-remastered-forge-1.20.1-1.4.5.jar with {sound_physics_remastered} mods - versions {1.20.1-1.4.5}
[13Jan2025 22:53:46.581] [main/DEBUG] [net.minecraftforge.fml.loading.moddiscovery.ModFile/LOADING]: Loading mod file /workspaces/firmecodigo/servidor_minecraft/mods/sound-physics-remastered-forge-1.20.1-1.4.5.jar with languages [LanguageSpec[languageName=javafml, acceptedVersions=*]]
[13Jan2025 22:53:46.581] [main/DEBUG] [net.minecraftforge.fml.loading.moddiscovery.ModFileParser/LOADING]: Considering mod file candidate /workspaces/firmecodigo/servidor_minecraft/mods/zombiesmore-2.1.0-forge-1.20.1.jar
[13Jan2025 22:53:46.582] [main/DEBUG] [net.minecraftforge.fml.loading.moddiscovery.ModFileInfo/LOADING]: Found valid mod file zombiesmore-2.1.0-forge-1.20.1.jar with {zombiesmore} mods - versions {2.0.0}
[13Jan2025 22:53:46.582] [main/DEBUG] [net.minecraftforge.fml.loading.moddiscovery.ModFile/LOADING]: Loading mod file /workspaces/firmecodigo/servidor_minecraft/mods/zombiesmore-2.1.0-forge-1.20.1.jar with languages [LanguageSpec[languageName=javafml, acceptedVersions=[47,)]]
[13Jan2025 22:53:46.582] [main/DEBUG] [net.minecraftforge.fml.loading.moddiscovery.ModFileParser/LOADING]: Considering mod file candidate /workspaces/firmecodigo/servidor_minecraft/mods/EnhancedVisuals_FORGE_v1.8.1_mc1.20.1.jar
[13Jan2025 22:53:46.583] [main/DEBUG] [net.minecraftforge.fml.loading.moddiscovery.ModFileInfo/LOADING]: Found valid mod file EnhancedVisuals_FORGE_v1.8.1_mc1.20.1.jar with {enhancedvisuals} mods - versions {1.8.1}
[13Jan2025 22:53:46.583] [main/DEBUG] [net.minecraftforge.fml.loading.moddiscovery.ModFile/LOADING]: Loading mod file /workspaces/firmecodigo/servidor_minecraft/mods/EnhancedVisuals_FORGE_v1.8.1_mc1.20.1.jar with languages [LanguageSpec[languageName=javafml, acceptedVersions=[46,)]]
[13Jan2025 22:53:46.583] [main/DEBUG] [net.minecraftforge.fml.loading.moddiscovery.ModFileParser/LOADING]: Considering mod file candidate /workspaces/firmecodigo/servidor_minecraft/mods/horror_element_mod-1.6.0-forge-1.20.1.jar
[13Jan2025 22:53:46.583] [main/DEBUG] [net.minecraftforge.fml.loading.moddiscovery.ModFileInfo/LOADING]: Found valid mod file horror_element_mod-1.6.0-forge-1.20.1.jar with {horror_element_mod} mods - versions {1.6.0}
[13Jan2025 22:53:46.584] [main/DEBUG] [net.minecraftforge.fml.loading.moddiscovery.ModFile/LOADING]: Loading mod file /workspaces/firmecodigo/servidor_minecraft/mods/horror_element_mod-1.6.0-forge-1.20.1.jar with languages [LanguageSpec[languageName=javafml, acceptedVersions=[47,)]]
[13Jan2025 22:53:46.584] [main/DEBUG] [net.minecraftforge.fml.loading.moddiscovery.ModFileParser/LOADING]: Considering mod file candidate /workspaces/firmecodigo/servidor_minecraft/mods/zombieawareness-1.20.1-1.13.1.jar
[13Jan2025 22:53:46.584] [main/DEBUG] [net.minecraftforge.fml.loading.moddiscovery.ModFileInfo/LOADING]: Found valid mod file zombieawareness-1.20.1-1.13.1.jar with {zombieawareness} mods - versions {1.20.1-1.13.1}
[13Jan2025 22:53:46.584] [main/DEBUG] [net.minecraftforge.fml.loading.moddiscovery.ModFile/LOADING]: Loading mod file /workspaces/firmecodigo/servidor_minecraft/mods/zombieawareness-1.20.1-1.13.1.jar with languages [LanguageSpec[languageName=javafml, acceptedVersions=[47,)]]
[13Jan2025 22:53:46.585] [main/DEBUG] [net.minecraftforge.fml.loading.moddiscovery.ModFileParser/LOADING]: Considering mod file candidate /workspaces/firmecodigo/servidor_minecraft/mods/design_decor-0.4.0b-1.20.1.jar
[13Jan2025 22:53:46.585] [main/DEBUG] [net.minecraftforge.fml.loading.moddiscovery.ModFileInfo/LOADING]: Found valid mod file design_decor-0.4.0b-1.20.1.jar with {design_decor} mods - versions {0.4.0b}
[13Jan2025 22:53:46.585] [main/DEBUG] [net.minecraftforge.fml.loading.moddiscovery.ModFile/LOADING]: Loading mod file /workspaces/firmecodigo/servidor_minecraft/mods/design_decor-0.4.0b-1.20.1.jar with languages [LanguageSpec[languageName=javafml, acceptedVersions=[43,)]]
[13Jan2025 22:53:46.585] [main/DEBUG] [net.minecraftforge.fml.loading.moddiscovery.ModFileParser/LOADING]: Considering mod file candidate /workspaces/firmecodigo/servidor_minecraft/mods/wegotrunnners-0.7.1.1.20.1[SPANISH TRANSLATION UPDATE].jar
[13Jan2025 22:53:46.586] [main/DEBUG] [net.minecraftforge.fml.loading.moddiscovery.ModFileInfo/LOADING]: Found valid mod file wegotrunnners-0.7.1.1.20.1[SPANISH TRANSLATION UPDATE].jar with {wegotrunnners} mods - versions {1.0.0}
[13Jan2025 22:53:46.586] [main/DEBUG] [net.minecraftforge.fml.loading.moddiscovery.ModFile/LOADING]: Loading mod file /workspaces/firmecodigo/servidor_minecraft/mods/wegotrunnners-0.7.1.1.20.1[SPANISH TRANSLATION UPDATE].jar with languages [LanguageSpec[languageName=javafml, acceptedVersions=[47,)]]
[13Jan2025 22:53:46.586] [main/DEBUG] [net.minecraftforge.fml.loading.moddiscovery.ModFileParser/LOADING]: Considering mod file candidate 
[13Jan2025 22:53:46.587] [main/DEBUG] [net.minecraftforge.fml.loading.moddiscovery.ModFileInfo/LOADING]: Found valid mod file puzzlesaccessapi-forge-8.0.7.jar with {puzzlesaccessapi} mods - versions {8.0.7}
[13Jan2025 22:53:46.587] [main/DEBUG] [net.minecraftforge.fml.loading.moddiscovery.ModFile/LOADING]: Loading mod file  with languages [LanguageSpec[languageName=javafml, acceptedVersions=[47,)]]
[13Jan2025 22:53:46.587] [main/DEBUG] [net.minecraftforge.fml.loading.moddiscovery.ModFileParser/LOADING]: Considering mod file candidate /workspaces/firmecodigo/servidor_minecraft/mods/firstaid-1.20.1-1.1.jar
[13Jan2025 22:53:46.588] [main/DEBUG] [net.minecraftforge.fml.loading.moddiscovery.ModFileInfo/LOADING]: Found valid mod file firstaid-1.20.1-1.1.jar with {firstaid} mods - versions {1.20.1-1.1}
[13Jan2025 22:53:46.588] [main/DEBUG] [net.minecraftforge.fml.loading.moddiscovery.ModFile/LOADING]: Loading mod file /workspaces/firmecodigo/servidor_minecraft/mods/firstaid-1.20.1-1.1.jar with languages [LanguageSpec[languageName=javafml, acceptedVersions=[26,)]]
[13Jan2025 22:53:46.588] [main/DEBUG] [net.minecraftforge.fml.loading.moddiscovery.ModFileParser/LOADING]: Considering mod file candidate /workspaces/firmecodigo/servidor_minecraft/mods/paladin-furniture-mod-1.2.1-forge-mc1.20.1.jar
[13Jan2025 22:53:46.589] [main/DEBUG] [net.minecraftforge.fml.loading.moddiscovery.ModFileInfo/LOADING]: Found valid mod file paladin-furniture-mod-1.2.1-forge-mc1.20.1.jar with {pfm} mods - versions {1.2.1}
[13Jan2025 22:53:46.589] [main/DEBUG] [net.minecraftforge.fml.loading.moddiscovery.ModFile/LOADING]: Loading mod file /workspaces/firmecodigo/servidor_minecraft/mods/paladin-furniture-mod-1.2.1-forge-mc1.20.1.jar with languages [LanguageSpec[languageName=javafml, acceptedVersions=[47,)]]
[13Jan2025 22:53:46.589] [main/DEBUG] [net.minecraftforge.fml.loading.moddiscovery.ModFileParser/LOADING]: Considering mod file candidate /workspaces/firmecodigo/servidor_minecraft/libraries/net/minecraftforge/forge/1.20.1-47.3.7/forge-1.20.1-47.3.7-universal.jar
[13Jan2025 22:53:46.589] [main/DEBUG] [net.minecraftforge.fml.loading.moddiscovery.ModFileInfo/LOADING]: Found valid mod file forge-1.20.1-47.3.7-universal.jar with {forge} mods - versions {47.3.7}
[13Jan2025 22:53:46.589] [main/DEBUG] [net.minecraftforge.fml.loading.moddiscovery.ModFile/LOADING]: Loading mod file /workspaces/firmecodigo/servidor_minecraft/libraries/net/minecraftforge/forge/1.20.1-47.3.7/forge-1.20.1-47.3.7-universal.jar with languages [LanguageSpec[languageName=javafml, acceptedVersions=[24,]]]
[13Jan2025 22:53:46.591] [main/DEBUG] [net.minecraftforge.fml.loading.moddiscovery.ModFileParser/LOADING]: Found coremod field_to_method with Javascript path coremods/field_to_method.js
[13Jan2025 22:53:46.592] [main/DEBUG] [net.minecraftforge.fml.loading.moddiscovery.ModFileParser/LOADING]: Found coremod field_to_instanceof with Javascript path coremods/field_to_instanceof.js
[13Jan2025 22:53:46.592] [main/DEBUG] [net.minecraftforge.fml.loading.moddiscovery.ModFileParser/LOADING]: Found coremod add_bouncer_method with Javascript path coremods/add_bouncer_method.js
[13Jan2025 22:53:46.592] [main/DEBUG] [net.minecraftforge.fml.loading.moddiscovery.ModFileParser/LOADING]: Found coremod method_redirector with Javascript path coremods/method_redirector.js
[13Jan2025 22:53:46.592] [main/DEBUG] [net.minecraftforge.fml.loading.moddiscovery.ModFile/LOADING]: Found coremod coremods/field_to_method.js
[13Jan2025 22:53:46.592] [main/DEBUG] [net.minecraftforge.fml.loading.moddiscovery.ModFile/LOADING]: Found coremod coremods/field_to_instanceof.js
[13Jan2025 22:53:46.592] [main/DEBUG] [net.minecraftforge.fml.loading.moddiscovery.ModFile/LOADING]: Found coremod coremods/add_bouncer_method.js
[13Jan2025 22:53:46.592] [main/DEBUG] [net.minecraftforge.fml.loading.moddiscovery.ModFile/LOADING]: Found coremod coremods/method_redirector.js
[13Jan2025 22:53:46.592] [main/DEBUG] [net.minecraftforge.fml.loading.moddiscovery.ModFileParser/LOADING]: Considering mod file candidate /workspaces/firmecodigo/servidor_minecraft/mods/embeddium-0.3.31+mc1.20.1.jar
[13Jan2025 22:53:46.593] [main/DEBUG] [net.minecraftforge.fml.loading.moddiscovery.ModFileInfo/LOADING]: Found valid mod file embeddium-0.3.31+mc1.20.1.jar with {embeddium,rubidium} mods - versions {0.3.31+mc1.20.1,0.7.1}
[13Jan2025 22:53:46.593] [main/DEBUG] [net.minecraftforge.fml.loading.moddiscovery.ModFile/LOADING]: Loading mod file /workspaces/firmecodigo/servidor_minecraft/mods/embeddium-0.3.31+mc1.20.1.jar with languages [LanguageSpec[languageName=javafml, acceptedVersions=[47,)]]
[13Jan2025 22:53:46.593] [main/DEBUG] [net.minecraftforge.fml.loading.moddiscovery.ModFileParser/LOADING]: Considering mod file candidate /workspaces/firmecodigo/servidor_minecraft/mods/sona-1.20.1-forge-1.0.3.jar
[13Jan2025 22:53:46.594] [main/DEBUG] [net.minecraftforge.fml.loading.moddiscovery.ModFileInfo/LOADING]: Found valid mod file sona-1.20.1-forge-1.0.3.jar with {sona} mods - versions {1.0.3}
[13Jan2025 22:53:46.594] [main/DEBUG] [net.minecraftforge.fml.loading.moddiscovery.ModFile/LOADING]: Loading mod file /workspaces/firmecodigo/servidor_minecraft/mods/sona-1.20.1-forge-1.0.3.jar with languages [LanguageSpec[languageName=javafml, acceptedVersions=[47,)]]
[13Jan2025 22:53:46.594] [main/DEBUG] [net.minecraftforge.fml.loading.moddiscovery.ModFileParser/LOADING]: Considering mod file candidate /workspaces/firmecodigo/servidor_minecraft/mods/FarmersDelight-1.20.1-1.2.4.jar
[13Jan2025 22:53:46.595] [main/DEBUG] [net.minecraftforge.fml.loading.moddiscovery.ModFileInfo/LOADING]: Found valid mod file FarmersDelight-1.20.1-1.2.4.jar with {farmersdelight} mods - versions {1.20.1-1.2.4}
[13Jan2025 22:53:46.595] [main/DEBUG] [net.minecraftforge.fml.loading.moddiscovery.ModFile/LOADING]: Loading mod file /workspaces/firmecodigo/servidor_minecraft/mods/FarmersDelight-1.20.1-1.2.4.jar with languages [LanguageSpec[languageName=javafml, acceptedVersions=[46,)]]
[13Jan2025 22:53:46.595] [main/DEBUG] [net.minecraftforge.fml.loading.moddiscovery.ModFileInfo/LOADING]: Found valid mod file server-1.20.1-20230612.114412-srg.jar with {minecraft} mods - versions {1.20.1}
[13Jan2025 22:53:46.595] [main/DEBUG] [net.minecraftforge.fml.loading.moddiscovery.ModFile/LOADING]: Loading mod file /workspaces/firmecodigo/servidor_minecraft/libraries/net/minecraft/server/1.20.1-20230612.114412/server-1.20.1-20230612.114412-srg.jar with languages [LanguageSpec[languageName=minecraft, acceptedVersions=1]]
[13Jan2025 22:53:46.596] [main/DEBUG] [net.minecraftforge.fml.loading.moddiscovery.ModFileParser/LOADING]: Considering mod file candidate /workspaces/firmecodigo/servidor_minecraft/mods/voicechat-forge-1.20.1-2.5.24.jar
[13Jan2025 22:53:46.596] [main/DEBUG] [net.minecraftforge.fml.loading.moddiscovery.ModFileInfo/LOADING]: Found valid mod file voicechat-forge-1.20.1-2.5.24.jar with {voicechat} mods - versions {1.20.1-2.5.24}
[13Jan2025 22:53:46.596] [main/DEBUG] [net.minecraftforge.fml.loading.moddiscovery.ModFile/LOADING]: Loading mod file /workspaces/firmecodigo/servidor_minecraft/mods/voicechat-forge-1.20.1-2.5.24.jar with languages [LanguageSpec[languageName=javafml, acceptedVersions=*]]
[13Jan2025 22:53:46.596] [main/DEBUG] [net.minecraftforge.fml.loading.moddiscovery.ModFileParser/LOADING]: Considering mod file candidate /workspaces/firmecodigo/servidor_minecraft/mods/AmbientSounds_FORGE_v6.1.1_mc1.20.1.jar
[13Jan2025 22:53:46.597] [main/DEBUG] [net.minecraftforge.fml.loading.moddiscovery.ModFileInfo/LOADING]: Found valid mod file AmbientSounds_FORGE_v6.1.1_mc1.20.1.jar with {ambientsounds} mods - versions {6.1.1}
[13Jan2025 22:53:46.597] [main/DEBUG] [net.minecraftforge.fml.loading.moddiscovery.ModFile/LOADING]: Loading mod file /workspaces/firmecodigo/servidor_minecraft/mods/AmbientSounds_FORGE_v6.1.1_mc1.20.1.jar with languages [LanguageSpec[languageName=javafml, acceptedVersions=[46,)]]
[13Jan2025 22:53:46.597] [main/DEBUG] [net.minecraftforge.fml.loading.moddiscovery.ModFileParser/LOADING]: Considering mod file candidate /workspaces/firmecodigo/servidor_minecraft/mods/extragore-1.20.1-5.2.3.1.jar
[13Jan2025 22:53:46.598] [main/DEBUG] [net.minecraftforge.fml.loading.moddiscovery.ModFileInfo/LOADING]: Found valid mod file extragore-1.20.1-5.2.3.1.jar with {extragore} mods - versions {5.2.3.1}
[13Jan2025 22:53:46.598] [main/DEBUG] [net.minecraftforge.fml.loading.moddiscovery.ModFile/LOADING]: Loading mod file /workspaces/firmecodigo/servidor_minecraft/mods/extragore-1.20.1-5.2.3.1.jar with languages [LanguageSpec[languageName=javafml, acceptedVersions=[47,)]]
[13Jan2025 22:53:46.598] [main/DEBUG] [net.minecraftforge.fml.loading.moddiscovery.ModFileParser/LOADING]: Considering mod file candidate /workspaces/firmecodigo/servidor_minecraft/mods/moonlight-1.20-2.13.7-forge.jar
[13Jan2025 22:53:46.598] [main/DEBUG] [net.minecraftforge.fml.loading.moddiscovery.ModFileInfo/LOADING]: Found valid mod file moonlight-1.20-2.13.7-forge.jar with {moonlight} mods - versions {1.20-2.13.7}
[13Jan2025 22:53:46.598] [main/DEBUG] [net.minecraftforge.fml.loading.moddiscovery.ModFile/LOADING]: Loading mod file /workspaces/firmecodigo/servidor_minecraft/mods/moonlight-1.20-2.13.7-forge.jar with languages [LanguageSpec[languageName=javafml, acceptedVersions=[40,)]]
[13Jan2025 22:53:46.599] [main/DEBUG] [net.minecraftforge.fml.loading.moddiscovery.ModFileParser/LOADING]: Considering mod file candidate /workspaces/firmecodigo/servidor_minecraft/mods/Jade-1.20.1-forge-11.11.1.jar
[13Jan2025 22:53:46.599] [main/DEBUG] [net.minecraftforge.fml.loading.moddiscovery.ModFileInfo/LOADING]: Found valid mod file Jade-1.20.1-forge-11.11.1.jar with {jade} mods - versions {11.11.1+forge}
[13Jan2025 22:53:46.599] [main/DEBUG] [net.minecraftforge.fml.loading.moddiscovery.ModFile/LOADING]: Loading mod file /workspaces/firmecodigo/servidor_minecraft/mods/Jade-1.20.1-forge-11.11.1.jar with languages [LanguageSpec[languageName=javafml, acceptedVersions=[46,)]]
[13Jan2025 22:53:46.599] [main/DEBUG] [net.minecraftforge.fml.loading.moddiscovery.ModFileParser/LOADING]: Considering mod file candidate /workspaces/firmecodigo/servidor_minecraft/mods/projectvibrantjourneys-1.20.1-6.0.4.jar
[13Jan2025 22:53:46.600] [main/DEBUG] [net.minecraftforge.fml.loading.moddiscovery.ModFileInfo/LOADING]: Found valid mod file projectvibrantjourneys-1.20.1-6.0.4.jar with {projectvibrantjourneys} mods - versions {1.20.1-6.0.4}
[13Jan2025 22:53:46.600] [main/DEBUG] [net.minecraftforge.fml.loading.moddiscovery.ModFile/LOADING]: Loading mod file /workspaces/firmecodigo/servidor_minecraft/mods/projectvibrantjourneys-1.20.1-6.0.4.jar with languages [LanguageSpec[languageName=javafml, acceptedVersions=[47,)]]
[13Jan2025 22:53:46.600] [main/DEBUG] [net.minecraftforge.fml.loading.moddiscovery.ModFileParser/LOADING]: Considering mod file candidate /workspaces/firmecodigo/servidor_minecraft/mods/CreativeCore_FORGE_v2.12.17_mc1.20.1.jar
[13Jan2025 22:53:46.600] [main/DEBUG] [net.minecraftforge.fml.loading.moddiscovery.ModFileInfo/LOADING]: Found valid mod file CreativeCore_FORGE_v2.12.17_mc1.20.1.jar with {creativecore} mods - versions {2.12.17}
[13Jan2025 22:53:46.600] [main/DEBUG] [net.minecraftforge.fml.loading.moddiscovery.ModFile/LOADING]: Loading mod file /workspaces/firmecodigo/servidor_minecraft/mods/CreativeCore_FORGE_v2.12.17_mc1.20.1.jar with languages [LanguageSpec[languageName=javafml, acceptedVersions=[46,)]]
[13Jan2025 22:53:46.601] [main/DEBUG] [net.minecraftforge.fml.loading.moddiscovery.ModFileParser/LOADING]: Considering mod file candidate /workspaces/firmecodigo/servidor_minecraft/mods/lrarmor-1.20.1-0.1.4.3.jar
[13Jan2025 22:53:46.601] [main/DEBUG] [net.minecraftforge.fml.loading.moddiscovery.ModFileInfo/LOADING]: Found valid mod file lrarmor-1.20.1-0.1.4.3.jar with {lrarmor} mods - versions {0.1.4.3}
[13Jan2025 22:53:46.601] [main/DEBUG] [net.minecraftforge.fml.loading.moddiscovery.ModFile/LOADING]: Loading mod file /workspaces/firmecodigo/servidor_minecraft/mods/lrarmor-1.20.1-0.1.4.3.jar with languages [LanguageSpec[languageName=javafml, acceptedVersions=[47,)]]
[13Jan2025 22:53:46.601] [main/DEBUG] [net.minecraftforge.fml.loading.moddiscovery.ModFileParser/LOADING]: Considering mod file candidate /workspaces/firmecodigo/servidor_minecraft/mods/Zombie Island 1.20.1 0.1.2.jar
[13Jan2025 22:53:46.602] [main/DEBUG] [net.minecraftforge.fml.loading.moddiscovery.ModFileInfo/LOADING]: Found valid mod file Zombie Island 1.20.1 0.1.2.jar with {zombie_island} mods - versions {0.1.2}
[13Jan2025 22:53:46.602] [main/DEBUG] [net.minecraftforge.fml.loading.moddiscovery.ModFile/LOADING]: Loading mod file /workspaces/firmecodigo/servidor_minecraft/mods/Zombie Island 1.20.1 0.1.2.jar with languages [LanguageSpec[languageName=javafml, acceptedVersions=[47,)]]
[13Jan2025 22:53:46.602] [main/DEBUG] [net.minecraftforge.fml.loading.moddiscovery.ModFileParser/LOADING]: Considering mod file candidate /workspaces/firmecodigo/servidor_minecraft/mods/Corgilib-Forge-1.20.1-4.0.3.3.jar
[13Jan2025 22:53:46.602] [main/DEBUG] [net.minecraftforge.fml.loading.moddiscovery.ModFileInfo/LOADING]: Found valid mod file Corgilib-Forge-1.20.1-4.0.3.3.jar with {corgilib} mods - versions {4.0.3.3}
[13Jan2025 22:53:46.603] [main/DEBUG] [net.minecraftforge.fml.loading.moddiscovery.ModFile/LOADING]: Loading mod file /workspaces/firmecodigo/servidor_minecraft/mods/Corgilib-Forge-1.20.1-4.0.3.3.jar with languages [LanguageSpec[languageName=javafml, acceptedVersions=[46,)]]
[13Jan2025 22:53:46.603] [main/DEBUG] [net.minecraftforge.fml.loading.moddiscovery.ModFileParser/LOADING]: Considering mod file candidate /workspaces/firmecodigo/servidor_minecraft/mods/Extinction Z 1.20.1 1.1.0.jar
[13Jan2025 22:53:46.603] [main/DEBUG] [net.minecraftforge.fml.loading.moddiscovery.ModFileInfo/LOADING]: Found valid mod file Extinction Z 1.20.1 1.1.0.jar with {extinction} mods - versions {1.1.0}
[13Jan2025 22:53:46.603] [main/DEBUG] [net.minecraftforge.fml.loading.moddiscovery.ModFile/LOADING]: Loading mod file /workspaces/firmecodigo/servidor_minecraft/mods/Extinction Z 1.20.1 1.1.0.jar with languages [LanguageSpec[languageName=javafml, acceptedVersions=[47,)]]
[13Jan2025 22:53:46.603] [main/DEBUG] [net.minecraftforge.fml.loading.moddiscovery.ModFileParser/LOADING]: Considering mod file candidate 
[13Jan2025 22:53:46.604] [main/DEBUG] [net.minecraftforge.fml.loading.moddiscovery.ModFileInfo/LOADING]: Found valid mod file flywheel-forge-1.20.1-0.6.11-13.jar with {flywheel} mods - versions {0.6.11-13}
[13Jan2025 22:53:46.604] [main/DEBUG] [net.minecraftforge.fml.loading.moddiscovery.ModFile/LOADING]: Loading mod file  with languages [LanguageSpec[languageName=javafml, acceptedVersions=[47,)]]
[13Jan2025 22:53:46.604] [main/DEBUG] [net.minecraftforge.fml.loading.moddiscovery.ModFileParser/LOADING]: Considering mod file candidate /workspaces/firmecodigo/servidor_minecraft/mods/curios-forge-5.10.0+1.20.1.jar
[13Jan2025 22:53:46.605] [main/DEBUG] [net.minecraftforge.fml.loading.moddiscovery.ModFileInfo/LOADING]: Found valid mod file curios-forge-5.10.0+1.20.1.jar with {curios} mods - versions {5.10.0+1.20.1}
[13Jan2025 22:53:46.605] [main/DEBUG] [net.minecraftforge.fml.loading.moddiscovery.ModFile/LOADING]: Loading mod file /workspaces/firmecodigo/servidor_minecraft/mods/curios-forge-5.10.0+1.20.1.jar with languages [LanguageSpec[languageName=javafml, acceptedVersions=[41,)]]
[13Jan2025 22:53:46.605] [main/DEBUG] [net.minecraftforge.fml.loading.moddiscovery.ModFileParser/LOADING]: Considering mod file candidate /workspaces/firmecodigo/servidor_minecraft/mods/oculus-mc1.20.1-1.8.0.jar
[13Jan2025 22:53:46.605] [main/DEBUG] [net.minecraftforge.fml.loading.moddiscovery.ModFileInfo/LOADING]: Found valid mod file oculus-mc1.20.1-1.8.0.jar with {oculus} mods - versions {1.8.0}
[13Jan2025 22:53:46.605] [main/DEBUG] [net.minecraftforge.fml.loading.moddiscovery.ModFile/LOADING]: Loading mod file /workspaces/firmecodigo/servidor_minecraft/mods/oculus-mc1.20.1-1.8.0.jar with languages [LanguageSpec[languageName=javafml, acceptedVersions=*]]
[13Jan2025 22:53:46.606] [main/DEBUG] [net.minecraftforge.fml.loading.moddiscovery.ModFileParser/LOADING]: Considering mod file candidate /workspaces/firmecodigo/servidor_minecraft/mods/[1.20.1] SecurityCraft v1.9.11.jar
[13Jan2025 22:53:46.606] [main/DEBUG] [net.minecraftforge.fml.loading.moddiscovery.ModFileInfo/LOADING]: Found valid mod file [1.20.1] SecurityCraft v1.9.11.jar with {securitycraft} mods - versions {1.9.11}
[13Jan2025 22:53:46.606] [main/DEBUG] [net.minecraftforge.fml.loading.moddiscovery.ModFile/LOADING]: Loading mod file /workspaces/firmecodigo/servidor_minecraft/mods/[1.20.1] SecurityCraft v1.9.11.jar with languages [LanguageSpec[languageName=javafml, acceptedVersions=[46,)]]
[13Jan2025 22:53:46.606] [main/DEBUG] [net.minecraftforge.fml.loading.moddiscovery.ModFileParser/LOADING]: Considering mod file candidate /workspaces/firmecodigo/servidor_minecraft/mods/ThirstWasTaken-1.20.1-1.3.9.jar
[13Jan2025 22:53:46.607] [main/DEBUG] [net.minecraftforge.fml.loading.moddiscovery.ModFileInfo/LOADING]: Found valid mod file ThirstWasTaken-1.20.1-1.3.9.jar with {thirst} mods - versions {1.20.1-1.3.9}
[13Jan2025 22:53:46.607] [main/DEBUG] [net.minecraftforge.fml.loading.moddiscovery.ModFile/LOADING]: Loading mod file /workspaces/firmecodigo/servidor_minecraft/mods/ThirstWasTaken-1.20.1-1.3.9.jar with languages [LanguageSpec[languageName=javafml, acceptedVersions=[46,)]]
[13Jan2025 22:53:46.607] [main/DEBUG] [net.minecraftforge.fml.loading.moddiscovery.ModFileParser/LOADING]: Considering mod file candidate /workspaces/firmecodigo/servidor_minecraft/mods/pointblank-forge-1.20.1-1.7.6.jar
[13Jan2025 22:53:46.608] [main/DEBUG] [net.minecraftforge.fml.loading.moddiscovery.ModFileInfo/LOADING]: Found valid mod file pointblank-forge-1.20.1-1.7.6.jar with {pointblank} mods - versions {1.7.6}
[13Jan2025 22:53:46.608] [main/DEBUG] [net.minecraftforge.fml.loading.moddiscovery.ModFile/LOADING]: Loading mod file /workspaces/firmecodigo/servidor_minecraft/mods/pointblank-forge-1.20.1-1.7.6.jar with languages [LanguageSpec[languageName=javafml, acceptedVersions=[47,)]]
[13Jan2025 22:53:46.608] [main/DEBUG] [net.minecraftforge.fml.loading.moddiscovery.ModFileParser/LOADING]: Considering mod file candidate /workspaces/firmecodigo/servidor_minecraft/mods/damageindicator-2.0.0-1.20.1.jar
[13Jan2025 22:53:46.608] [main/DEBUG] [net.minecraftforge.fml.loading.moddiscovery.ModFileInfo/LOADING]: Found valid mod file damageindicator-2.0.0-1.20.1.jar with {damageindicator} mods - versions {2.0.0-1.20.1}
[13Jan2025 22:53:46.609] [main/DEBUG] [net.minecraftforge.fml.loading.moddiscovery.ModFile/LOADING]: Loading mod file /workspaces/firmecodigo/servidor_minecraft/mods/damageindicator-2.0.0-1.20.1.jar with languages [LanguageSpec[languageName=javafml, acceptedVersions=[0,)]]
[13Jan2025 22:53:46.609] [main/DEBUG] [net.minecraftforge.fml.loading.moddiscovery.ModFileParser/LOADING]: Considering mod file candidate /workspaces/firmecodigo/servidor_minecraft/mods/coroutil-forge-1.20.1-1.3.7.jar
[13Jan2025 22:53:46.609] [main/DEBUG] [net.minecraftforge.fml.loading.moddiscovery.ModFileInfo/LOADING]: Found valid mod file coroutil-forge-1.20.1-1.3.7.jar with {coroutil} mods - versions {1.20.1-1.3.7}
[13Jan2025 22:53:46.609] [main/DEBUG] [net.minecraftforge.fml.loading.moddiscovery.ModFile/LOADING]: Loading mod file /workspaces/firmecodigo/servidor_minecraft/mods/coroutil-forge-1.20.1-1.3.7.jar with languages [LanguageSpec[languageName=javafml, acceptedVersions=[47,)]]
[13Jan2025 22:53:46.609] [main/DEBUG] [net.minecraftforge.fml.loading.moddiscovery.ModFileParser/LOADING]: Considering mod file candidate /workspaces/firmecodigo/servidor_minecraft/mods/automobility-0.4.2+1.20.1-forge.jar
[13Jan2025 22:53:46.610] [main/DEBUG] [net.minecraftforge.fml.loading.moddiscovery.ModFileInfo/LOADING]: Found valid mod file automobility-0.4.2+1.20.1-forge.jar with {automobility} mods - versions {0.4.2+1.20.1-forge}
[13Jan2025 22:53:46.610] [main/DEBUG] [net.minecraftforge.fml.loading.moddiscovery.ModFile/LOADING]: Loading mod file /workspaces/firmecodigo/servidor_minecraft/mods/automobility-0.4.2+1.20.1-forge.jar with languages [LanguageSpec[languageName=javafml, acceptedVersions=[46,)]]
[13Jan2025 22:53:46.610] [main/DEBUG] [net.minecraftforge.fml.loading.moddiscovery.ModFileParser/LOADING]: Considering mod file candidate /workspaces/firmecodigo/servidor_minecraft/mods/AI-Improvements-1.20-0.5.2.jar
[13Jan2025 22:53:46.611] [main/DEBUG] [net.minecraftforge.fml.loading.moddiscovery.ModFileInfo/LOADING]: Found valid mod file AI-Improvements-1.20-0.5.2.jar with {aiimprovements} mods - versions {0.5.2}
[13Jan2025 22:53:46.611] [main/DEBUG] [net.minecraftforge.fml.loading.moddiscovery.ModFile/LOADING]: Loading mod file /workspaces/firmecodigo/servidor_minecraft/mods/AI-Improvements-1.20-0.5.2.jar with languages [LanguageSpec[languageName=javafml, acceptedVersions=[46,)]]
[13Jan2025 22:53:46.611] [main/DEBUG] [net.minecraftforge.fml.loading.moddiscovery.ModFileParser/LOADING]: Considering mod file candidate /workspaces/firmecodigo/servidor_minecraft/mods/powered_flashlight-forge-1.20.1-1.0.0.jar
[13Jan2025 22:53:46.611] [main/DEBUG] [net.minecraftforge.fml.loading.moddiscovery.ModFileInfo/LOADING]: Found valid mod file powered_flashlight-forge-1.20.1-1.0.0.jar with {powered_flashlight} mods - versions {1.0.0}
[13Jan2025 22:53:46.611] [main/DEBUG] [net.minecraftforge.fml.loading.moddiscovery.ModFile/LOADING]: Loading mod file /workspaces/firmecodigo/servidor_minecraft/mods/powered_flashlight-forge-1.20.1-1.0.0.jar with languages [LanguageSpec[languageName=javafml, acceptedVersions=[47,)]]
[13Jan2025 22:53:46.611] [main/DEBUG] [net.minecraftforge.fml.loading.moddiscovery.ModFileParser/LOADING]: Considering mod file candidate /workspaces/firmecodigo/servidor_minecraft/mods/refurbished_furniture-forge-1.20.1-1.0.6.jar
[13Jan2025 22:53:46.612] [main/DEBUG] [net.minecraftforge.fml.loading.moddiscovery.ModFileInfo/LOADING]: Found valid mod file refurbished_furniture-forge-1.20.1-1.0.6.jar with {refurbished_furniture} mods - versions {1.0.6}
[13Jan2025 22:53:46.612] [main/DEBUG] [net.minecraftforge.fml.loading.moddiscovery.ModFile/LOADING]: Loading mod file /workspaces/firmecodigo/servidor_minecraft/mods/refurbished_furniture-forge-1.20.1-1.0.6.jar with languages [LanguageSpec[languageName=javafml, acceptedVersions=[39,)]]
[13Jan2025 22:53:46.612] [main/DEBUG] [net.minecraftforge.fml.loading.moddiscovery.ModFileParser/LOADING]: Considering mod file candidate /workspaces/firmecodigo/servidor_minecraft/mods/Enhanced-Celestials-Forge-1.20.1-5.0.2.3.jar
[13Jan2025 22:53:46.613] [main/DEBUG] [net.minecraftforge.fml.loading.moddiscovery.ModFileInfo/LOADING]: Found valid mod file Enhanced-Celestials-Forge-1.20.1-5.0.2.3.jar with {enhancedcelestials} mods - versions {1.20.1-5.0.2.3}
[13Jan2025 22:53:46.613] [main/DEBUG] [net.minecraftforge.fml.loading.moddiscovery.ModFile/LOADING]: Loading mod file /workspaces/firmecodigo/servidor_minecraft/mods/Enhanced-Celestials-Forge-1.20.1-5.0.2.3.jar with languages [LanguageSpec[languageName=javafml, acceptedVersions=[40,)]]
[13Jan2025 22:53:46.613] [main/DEBUG] [net.minecraftforge.fml.loading.moddiscovery.ModFileParser/LOADING]: Considering mod file candidate /workspaces/firmecodigo/servidor_minecraft/mods/PuzzlesLib-v8.1.24-1.20.1-Forge.jar
[13Jan2025 22:53:46.613] [main/DEBUG] [net.minecraftforge.fml.loading.moddiscovery.ModFileInfo/LOADING]: Found valid mod file PuzzlesLib-v8.1.24-1.20.1-Forge.jar with {puzzleslib} mods - versions {8.1.24}
[13Jan2025 22:53:46.613] [main/DEBUG] [net.minecraftforge.fml.loading.moddiscovery.ModFile/LOADING]: Loading mod file /workspaces/firmecodigo/servidor_minecraft/mods/PuzzlesLib-v8.1.24-1.20.1-Forge.jar with languages [LanguageSpec[languageName=javafml, acceptedVersions=[47,)]]
[13Jan2025 22:53:46.613] [main/DEBUG] [net.minecraftforge.fml.loading.moddiscovery.ModFileParser/LOADING]: Considering mod file candidate /workspaces/firmecodigo/servidor_minecraft/mods/EnhancedAI-2.5.2-mc1.20.1.jar
[13Jan2025 22:53:46.614] [main/DEBUG] [net.minecraftforge.fml.loading.moddiscovery.ModFileInfo/LOADING]: Found valid mod file EnhancedAI-2.5.2-mc1.20.1.jar with {enhancedai} mods - versions {2.5.2}
[13Jan2025 22:53:46.614] [main/DEBUG] [net.minecraftforge.fml.loading.moddiscovery.ModFile/LOADING]: Loading mod file /workspaces/firmecodigo/servidor_minecraft/mods/EnhancedAI-2.5.2-mc1.20.1.jar with languages [LanguageSpec[languageName=javafml, acceptedVersions=[46,)]]
[13Jan2025 22:53:46.614] [main/DEBUG] [net.minecraftforge.fml.loading.moddiscovery.ModFileParser/LOADING]: Considering mod file candidate /workspaces/firmecodigo/servidor_minecraft/mods/createtaczauto-1.1.2-forge-1.20.1.jar
[13Jan2025 22:53:46.615] [main/DEBUG] [net.minecraftforge.fml.loading.moddiscovery.ModFileInfo/LOADING]: Found valid mod file createtaczauto-1.1.2-forge-1.20.1.jar with {createtaczauto} mods - versions {1.1.2}
[13Jan2025 22:53:46.615] [main/DEBUG] [net.minecraftforge.fml.loading.moddiscovery.ModFile/LOADING]: Loading mod file /workspaces/firmecodigo/servidor_minecraft/mods/createtaczauto-1.1.2-forge-1.20.1.jar with languages [LanguageSpec[languageName=javafml, acceptedVersions=[47,)]]
[13Jan2025 22:53:46.615] [main/DEBUG] [net.minecraftforge.fml.loading.moddiscovery.ModFileParser/LOADING]: Considering mod file candidate /workspaces/firmecodigo/servidor_minecraft/mods/framework-forge-1.20.1-0.7.8.jar
[13Jan2025 22:53:46.615] [main/DEBUG] [net.minecraftforge.fml.loading.moddiscovery.ModFileInfo/LOADING]: Found valid mod file framework-forge-1.20.1-0.7.8.jar with {framework} mods - versions {0.7.8}
[13Jan2025 22:53:46.615] [main/DEBUG] [net.minecraftforge.fml.loading.moddiscovery.ModFile/LOADING]: Loading mod file /workspaces/firmecodigo/servidor_minecraft/mods/framework-forge-1.20.1-0.7.8.jar with languages [LanguageSpec[languageName=javafml, acceptedVersions=[39,)]]
[13Jan2025 22:53:46.615] [main/DEBUG] [net.minecraftforge.fml.loading.moddiscovery.ModFileParser/LOADING]: Considering mod file candidate /workspaces/firmecodigo/servidor_minecraft/mods/eh1.3.1-1.20.1.jar
[13Jan2025 22:53:46.616] [main/DEBUG] [net.minecraftforge.fml.loading.moddiscovery.ModFileInfo/LOADING]: Found valid mod file eh1.3.1-1.20.1.jar with {horde_hoard} mods - versions {1.1.0}
[13Jan2025 22:53:46.616] [main/DEBUG] [net.minecraftforge.fml.loading.moddiscovery.ModFile/LOADING]: Loading mod file /workspaces/firmecodigo/servidor_minecraft/mods/eh1.3.1-1.20.1.jar with languages [LanguageSpec[languageName=javafml, acceptedVersions=[47,)]]
[13Jan2025 22:53:46.616] [main/DEBUG] [net.minecraftforge.fml.loading.moddiscovery.ModFileParser/LOADING]: Considering mod file candidate /workspaces/firmecodigo/servidor_minecraft/mods/XeKr's Decoration-1.20.1-Forge-0.8.2.jar
[13Jan2025 22:53:46.616] [main/DEBUG] [net.minecraftforge.fml.loading.moddiscovery.ModFileInfo/LOADING]: Found valid mod file XeKr's Decoration-1.20.1-Forge-0.8.2.jar with {xkdeco} mods - versions {0.8.2+forge}
[13Jan2025 22:53:46.617] [main/DEBUG] [net.minecraftforge.fml.loading.moddiscovery.ModFile/LOADING]: Loading mod file /workspaces/firmecodigo/servidor_minecraft/mods/XeKr's Decoration-1.20.1-Forge-0.8.2.jar with languages [LanguageSpec[languageName=javafml, acceptedVersions=[40,)]]
[13Jan2025 22:53:46.617] [main/DEBUG] [net.minecraftforge.fml.loading.moddiscovery.ModFileParser/LOADING]: Considering mod file candidate /workspaces/firmecodigo/servidor_minecraft/mods/explosiveenhancement-1.0.1-tacz.jar
[13Jan2025 22:53:46.618] [main/DEBUG] [net.minecraftforge.fml.loading.moddiscovery.ModFileInfo/LOADING]: Found valid mod file explosiveenhancement-1.0.1-tacz.jar with {explosiveenhancement} mods - versions {1.0.1-tacz}
[13Jan2025 22:53:46.618] [main/DEBUG] [net.minecraftforge.fml.loading.moddiscovery.ModFile/LOADING]: Loading mod file /workspaces/firmecodigo/servidor_minecraft/mods/explosiveenhancement-1.0.1-tacz.jar with languages [LanguageSpec[languageName=javafml, acceptedVersions=[47,)]]
[13Jan2025 22:53:46.618] [main/DEBUG] [net.minecraftforge.fml.loading.moddiscovery.ModFileParser/LOADING]: Considering mod file candidate /workspaces/firmecodigo/servidor_minecraft/mods/PlayerRevive_FORGE_v2.0.31_mc1.20.1.jar
[13Jan2025 22:53:46.618] [main/DEBUG] [net.minecraftforge.fml.loading.moddiscovery.ModFileInfo/LOADING]: Found valid mod file PlayerRevive_FORGE_v2.0.31_mc1.20.1.jar with {playerrevive} mods - versions {2.0.31}
[13Jan2025 22:53:46.618] [main/DEBUG] [net.minecraftforge.fml.loading.moddiscovery.ModFile/LOADING]: Loading mod file /workspaces/firmecodigo/servidor_minecraft/mods/PlayerRevive_FORGE_v2.0.31_mc1.20.1.jar with languages [LanguageSpec[languageName=javafml, acceptedVersions=[46,)]]
[13Jan2025 22:53:46.619] [main/DEBUG] [net.minecraftforge.fml.loading.moddiscovery.ModFileParser/LOADING]: Considering mod file candidate /workspaces/firmecodigo/servidor_minecraft/mods/PresenceFootsteps-1.20.1-1.9.1-beta.1.jar
[13Jan2025 22:53:46.619] [main/DEBUG] [net.minecraftforge.fml.loading.moddiscovery.ModFileInfo/LOADING]: Found valid mod file PresenceFootsteps-1.20.1-1.9.1-beta.1.jar with {presencefootsteps} mods - versions {1.20.1-1.9.1-beta.1}
[13Jan2025 22:53:46.619] [main/DEBUG] [net.minecraftforge.fml.loading.moddiscovery.ModFile/LOADING]: Loading mod file /workspaces/firmecodigo/servidor_minecraft/mods/PresenceFootsteps-1.20.1-1.9.1-beta.1.jar with languages [LanguageSpec[languageName=javafml, acceptedVersions=[47,)]]
[13Jan2025 22:53:46.619] [main/DEBUG] [net.minecraftforge.fml.loading.moddiscovery.ModFile/LOADING]: Loading mod file  with languages []
[13Jan2025 22:53:46.619] [main/DEBUG] [net.minecraftforge.fml.loading.moddiscovery.ModFile/LOADING]: Loading mod file  with languages []
[13Jan2025 22:53:46.619] [main/DEBUG] [net.minecraftforge.fml.loading.moddiscovery.ModFileParser/LOADING]: Considering mod file candidate 
[13Jan2025 22:53:46.620] [main/DEBUG] [net.minecraftforge.fml.loading.moddiscovery.ModFileInfo/LOADING]: Found valid mod file mixinextras-forge-0.3.6.jar with {mixinextras} mods - versions {0.3.6}
[13Jan2025 22:53:46.620] [main/DEBUG] [net.minecraftforge.fml.loading.moddiscovery.ModFile/LOADING]: Loading mod file  with languages [LanguageSpec[languageName=javafml, acceptedVersions=*]]
[13Jan2025 22:53:46.620] [main/DEBUG] [net.minecraftforge.fml.loading.moddiscovery.ModFile/LOADING]: Loading mod file  with languages []
[13Jan2025 22:53:46.620] [main/DEBUG] [net.minecraftforge.fml.loading.moddiscovery.ModFile/LOADING]: Loading mod file  with languages []
[13Jan2025 22:53:46.620] [main/DEBUG] [net.minecraftforge.fml.loading.moddiscovery.ModFile/LOADING]: Loading mod file  with languages []
[13Jan2025 22:53:46.620] [main/DEBUG] [net.minecraftforge.fml.loading.moddiscovery.ModFile/LOADING]: Loading mod file  with languages []
[13Jan2025 22:53:46.621] [main/DEBUG] [net.minecraftforge.fml.loading.moddiscovery.ModFileParser/LOADING]: Considering mod file candidate 
[13Jan2025 22:53:46.621] [main/DEBUG] [net.minecraftforge.fml.loading.moddiscovery.ModFileInfo/LOADING]: Found valid mod file mixinextras-forge-0.3.6.jar with {mixinextras} mods - versions {0.3.6}
[13Jan2025 22:53:46.621] [main/DEBUG] [net.minecraftforge.fml.loading.moddiscovery.ModFile/LOADING]: Loading mod file  with languages [LanguageSpec[languageName=javafml, acceptedVersions=*]]
[13Jan2025 22:53:46.621] [main/DEBUG] [net.minecraftforge.fml.loading.moddiscovery.ModFile/LOADING]: Loading mod file  with languages []
[13Jan2025 22:53:46.621] [main/DEBUG] [net.minecraftforge.fml.loading.moddiscovery.ModFile/LOADING]: Loading mod file  with languages []
[13Jan2025 22:53:46.622] [main/DEBUG] [cpw.mods.modlauncher.TransformationServiceDecorator/MODLAUNCHER]: End scan trigger - transformation service fml
[13Jan2025 22:53:46.630] [main/DEBUG] [net.minecraftforge.fml.loading.LanguageLoadingProvider/CORE]: Found 3 language providers
[13Jan2025 22:53:46.631] [main/DEBUG] [net.minecraftforge.fml.loading.LanguageLoadingProvider/CORE]: Found language provider minecraft, version 1.0
[13Jan2025 22:53:46.632] [main/DEBUG] [net.minecraftforge.fml.loading.LanguageLoadingProvider/CORE]: Found language provider lowcodefml, version 47
[13Jan2025 22:53:46.632] [main/DEBUG] [net.minecraftforge.fml.loading.LanguageLoadingProvider/CORE]: Found language provider javafml, version 47
[13Jan2025 22:53:46.635] [main/DEBUG] [net.minecraftforge.fml.loading.UniqueModListBuilder/]: Found 2 mods for first modid mclib, selecting most recent based on version data
[13Jan2025 22:53:46.635] [main/DEBUG] [net.minecraftforge.fml.loading.UniqueModListBuilder/]: Selected file mclib-20.jar for modid mclib with version 0.0NONE
[13Jan2025 22:53:46.635] [main/DEBUG] [net.minecraftforge.fml.loading.UniqueModListBuilder/]: Found 2 mods for first modid Registrate.MC1._20, selecting most recent based on version data
[13Jan2025 22:53:46.636] [main/DEBUG] [net.minecraftforge.fml.loading.UniqueModListBuilder/]: Selected file Registrate-MC1.20-1.3.3.jar for modid Registrate.MC1._20 with version 0.0NONE
[13Jan2025 22:53:46.636] [main/DEBUG] [net.minecraftforge.fml.loading.UniqueModListBuilder/]: Found 2 mods for first modid mixinextras, selecting most recent based on version data
[13Jan2025 22:53:46.636] [main/DEBUG] [net.minecraftforge.fml.loading.UniqueModListBuilder/]: Selected file mixinextras-forge-0.3.6.jar for modid mixinextras with version 0.3.6
[13Jan2025 22:53:46.636] [main/DEBUG] [net.minecraftforge.fml.loading.UniqueModListBuilder/]: Found 2 mods for first modid jcpp, selecting most recent based on version data
[13Jan2025 22:53:46.636] [main/DEBUG] [net.minecraftforge.fml.loading.UniqueModListBuilder/]: Selected file jcpp-1.4.14.jar for modid jcpp with version 1.4.14
[13Jan2025 22:53:46.636] [main/DEBUG] [net.minecraftforge.fml.loading.UniqueModListBuilder/]: Found 2 mods for first modid MixinExtras, selecting most recent based on version data
[13Jan2025 22:53:46.636] [main/DEBUG] [net.minecraftforge.fml.loading.UniqueModListBuilder/]: Selected file MixinExtras-0.3.6.jar for modid MixinExtras with version 0.0NONE
[13Jan2025 22:53:46.638] [main/DEBUG] [net.minecraftforge.fml.loading.ModSorter/]: Configured system mods: [minecraft, forge]
[13Jan2025 22:53:46.638] [main/DEBUG] [net.minecraftforge.fml.loading.ModSorter/]: Found system mod: minecraft
[13Jan2025 22:53:46.638] [main/DEBUG] [net.minecraftforge.fml.loading.ModSorter/]: Found system mod: forge
[13Jan2025 22:53:46.641] [main/DEBUG] [net.minecraftforge.fml.loading.ModSorter/LOADING]: Found 116 mod requirements (101 mandatory, 15 optional)
[13Jan2025 22:53:46.642] [main/DEBUG] [net.minecraftforge.fml.loading.ModSorter/LOADING]: Found 0 mod requirements missing (0 mandatory, 0 optional)
[13Jan2025 22:53:47.160] [main/DEBUG] [cpw.mods.modlauncher.TransformationServicesHandler/MODLAUNCHER]: Transformation services loading transformers
[13Jan2025 22:53:47.161] [main/DEBUG] [cpw.mods.modlauncher.TransformationServiceDecorator/MODLAUNCHER]: Initializing transformers for transformation service mixin
[13Jan2025 22:53:47.161] [main/DEBUG] [cpw.mods.modlauncher.TransformationServiceDecorator/MODLAUNCHER]: Initialized transformers for transformation service mixin
[13Jan2025 22:53:47.161] [main/DEBUG] [cpw.mods.modlauncher.TransformationServiceDecorator/MODLAUNCHER]: Initializing transformers for transformation service fml
[13Jan2025 22:53:47.162] [main/DEBUG] [net.minecraftforge.fml.loading.FMLServiceProvider/CORE]: Loading coremod transformers
[13Jan2025 22:53:47.162] [main/DEBUG] [net.minecraftforge.coremod.CoreModEngine/COREMOD]: Loading CoreMod from coremods/field_to_method.js
[13Jan2025 22:53:47.342] [main/DEBUG] [net.minecraftforge.coremod.CoreModEngine/COREMOD]: CoreMod loaded successfully
[13Jan2025 22:53:47.342] [main/DEBUG] [net.minecraftforge.coremod.CoreModEngine/COREMOD]: Loading CoreMod from coremods/field_to_instanceof.js
[13Jan2025 22:53:47.415] [main/DEBUG] [net.minecraftforge.coremod.CoreModEngine/COREMOD]: CoreMod loaded successfully
[13Jan2025 22:53:47.416] [main/DEBUG] [net.minecraftforge.coremod.CoreModEngine/COREMOD]: Loading CoreMod from coremods/add_bouncer_method.js
[13Jan2025 22:53:47.473] [main/DEBUG] [net.minecraftforge.coremod.CoreModEngine/COREMOD]: CoreMod loaded successfully
[13Jan2025 22:53:47.475] [main/DEBUG] [net.minecraftforge.coremod.CoreModEngine/COREMOD]: Loading CoreMod from coremods/method_redirector.js
[13Jan2025 22:53:47.547] [main/DEBUG] [net.minecraftforge.coremod.CoreModEngine/COREMOD]: CoreMod loaded successfully
[13Jan2025 22:53:47.557] [main/DEBUG] [cpw.mods.modlauncher.TransformStore/MODLAUNCHER]: Adding transformer net.minecraftforge.coremod.transformer.CoreModClassTransformer@34b87182 to Target : CLASS {Lnet/minecraft/world/level/biome/Biome;} {} {V}
[13Jan2025 22:53:47.558] [main/DEBUG] [cpw.mods.modlauncher.TransformStore/MODLAUNCHER]: Adding transformer net.minecraftforge.coremod.transformer.CoreModClassTransformer@7f973a14 to Target : CLASS {Lnet/minecraft/world/level/levelgen/structure/Structure;} {} {V}
[13Jan2025 22:53:47.558] [main/DEBUG] [cpw.mods.modlauncher.TransformStore/MODLAUNCHER]: Adding transformer net.minecraftforge.coremod.transformer.CoreModClassTransformer@76130a29 to Target : CLASS {Lnet/minecraft/world/effect/MobEffectInstance;} {} {V}
[13Jan2025 22:53:47.558] [main/DEBUG] [cpw.mods.modlauncher.TransformStore/MODLAUNCHER]: Adding transformer net.minecraftforge.coremod.transformer.CoreModClassTransformer@124d02b2 to Target : CLASS {Lnet/minecraft/world/level/block/LiquidBlock;} {} {V}
[13Jan2025 22:53:47.558] [main/DEBUG] [cpw.mods.modlauncher.TransformStore/MODLAUNCHER]: Adding transformer net.minecraftforge.coremod.transformer.CoreModClassTransformer@3451f01d to Target : CLASS {Lnet/minecraft/world/item/BucketItem;} {} {V}
[13Jan2025 22:53:47.558] [main/DEBUG] [cpw.mods.modlauncher.TransformStore/MODLAUNCHER]: Adding transformer net.minecraftforge.coremod.transformer.CoreModClassTransformer@72503b19 to Target : CLASS {Lnet/minecraft/world/level/block/StairBlock;} {} {V}
[13Jan2025 22:53:47.559] [main/DEBUG] [cpw.mods.modlauncher.TransformStore/MODLAUNCHER]: Adding transformer net.minecraftforge.coremod.transformer.CoreModClassTransformer@1cfc2538 to Target : CLASS {Lnet/minecraft/world/level/block/FlowerPotBlock;} {} {V}
[13Jan2025 22:53:47.559] [main/DEBUG] [cpw.mods.modlauncher.TransformStore/MODLAUNCHER]: Adding transformer net.minecraftforge.coremod.transformer.CoreModClassTransformer@66deec87 to Target : CLASS {Lnet/minecraft/world/item/ItemStack;} {} {V}
[13Jan2025 22:53:47.559] [main/DEBUG] [cpw.mods.modlauncher.TransformStore/MODLAUNCHER]: Adding transformer net.minecraftforge.coremod.transformer.CoreModClassTransformer@5d342959 to Target : CLASS {Lnet/minecraft/network/play/client/CClientSettingsPacket;} {} {V}
[13Jan2025 22:53:47.559] [main/DEBUG] [cpw.mods.modlauncher.TransformStore/MODLAUNCHER]: Adding transformer net.minecraftforge.coremod.transformer.CoreModClassTransformer@2ecf5915 to Target : CLASS {Lnet/minecraft/world/level/levelgen/structure/templatesystem/StructureTemplate;} {} {V}
[13Jan2025 22:53:47.559] [main/DEBUG] [cpw.mods.modlauncher.TransformStore/MODLAUNCHER]: Adding transformer net.minecraftforge.coremod.transformer.CoreModClassTransformer@2ecf5915 to Target : CLASS {Lnet/minecraft/world/level/levelgen/PatrolSpawner;} {} {V}
[13Jan2025 22:53:47.559] [main/DEBUG] [cpw.mods.modlauncher.TransformStore/MODLAUNCHER]: Adding transformer net.minecraftforge.coremod.transformer.CoreModClassTransformer@2ecf5915 to Target : CLASS {Lnet/minecraft/server/commands/SummonCommand;} {} {V}
[13Jan2025 22:53:47.559] [main/DEBUG] [cpw.mods.modlauncher.TransformStore/MODLAUNCHER]: Adding transformer net.minecraftforge.coremod.transformer.CoreModClassTransformer@2ecf5915 to Target : CLASS {Lnet/minecraft/world/entity/monster/Strider;} {} {V}
[13Jan2025 22:53:47.559] [main/DEBUG] [cpw.mods.modlauncher.TransformStore/MODLAUNCHER]: Adding transformer net.minecraftforge.coremod.transformer.CoreModClassTransformer@2ecf5915 to Target : CLASS {Lnet/minecraft/world/entity/animal/horse/SkeletonTrapGoal;} {} {V}
[13Jan2025 22:53:47.560] [main/DEBUG] [cpw.mods.modlauncher.TransformStore/MODLAUNCHER]: Adding transformer net.minecraftforge.coremod.transformer.CoreModClassTransformer@2ecf5915 to Target : CLASS {Lnet/minecraft/world/entity/npc/CatSpawner;} {} {V}
[13Jan2025 22:53:47.560] [main/DEBUG] [cpw.mods.modlauncher.TransformStore/MODLAUNCHER]: Adding transformer net.minecraftforge.coremod.transformer.CoreModClassTransformer@2ecf5915 to Target : CLASS {Lnet/minecraft/world/level/levelgen/PhantomSpawner;} {} {V}
[13Jan2025 22:53:47.560] [main/DEBUG] [cpw.mods.modlauncher.TransformStore/MODLAUNCHER]: Adding transformer net.minecraftforge.coremod.transformer.CoreModClassTransformer@2ecf5915 to Target : CLASS {Lnet/minecraft/world/level/levelgen/structure/structures/OceanRuinPieces$OceanRuinPiece;} {} {V}
[13Jan2025 22:53:47.560] [main/DEBUG] [cpw.mods.modlauncher.TransformStore/MODLAUNCHER]: Adding transformer net.minecraftforge.coremod.transformer.CoreModClassTransformer@2ecf5915 to Target : CLASS {Lnet/minecraft/world/entity/monster/Spider;} {} {V}
[13Jan2025 22:53:47.560] [main/DEBUG] [cpw.mods.modlauncher.TransformStore/MODLAUNCHER]: Adding transformer net.minecraftforge.coremod.transformer.CoreModClassTransformer@2ecf5915 to Target : CLASS {Lnet/minecraft/world/level/levelgen/structure/structures/WoodlandMansionPieces$WoodlandMansionPiece;} {} {V}
[13Jan2025 22:53:47.560] [main/DEBUG] [cpw.mods.modlauncher.TransformStore/MODLAUNCHER]: Adding transformer net.minecraftforge.coremod.transformer.CoreModClassTransformer@2ecf5915 to Target : CLASS {Lnet/minecraft/world/entity/EntityType;} {} {V}
[13Jan2025 22:53:47.560] [main/DEBUG] [cpw.mods.modlauncher.TransformStore/MODLAUNCHER]: Adding transformer net.minecraftforge.coremod.transformer.CoreModClassTransformer@2ecf5915 to Target : CLASS {Lnet/minecraft/world/level/NaturalSpawner;} {} {V}
[13Jan2025 22:53:47.560] [main/DEBUG] [cpw.mods.modlauncher.TransformStore/MODLAUNCHER]: Adding transformer net.minecraftforge.coremod.transformer.CoreModClassTransformer@2ecf5915 to Target : CLASS {Lnet/minecraft/world/entity/npc/Villager;} {} {V}
[13Jan2025 22:53:47.560] [main/DEBUG] [cpw.mods.modlauncher.TransformStore/MODLAUNCHER]: Adding transformer net.minecraftforge.coremod.transformer.CoreModClassTransformer@2ecf5915 to Target : CLASS {Lnet/minecraft/world/entity/ai/village/VillageSiege;} {} {V}
[13Jan2025 22:53:47.560] [main/DEBUG] [cpw.mods.modlauncher.TransformStore/MODLAUNCHER]: Adding transformer net.minecraftforge.coremod.transformer.CoreModClassTransformer@2ecf5915 to Target : CLASS {Lnet/minecraft/world/level/levelgen/structure/structures/SwampHutPiece;} {} {V}
[13Jan2025 22:53:47.561] [main/DEBUG] [cpw.mods.modlauncher.TransformStore/MODLAUNCHER]: Adding transformer net.minecraftforge.coremod.transformer.CoreModClassTransformer@2ecf5915 to Target : CLASS {Lnet/minecraft/world/entity/monster/ZombieVillager;} {} {V}
[13Jan2025 22:53:47.561] [main/DEBUG] [cpw.mods.modlauncher.TransformStore/MODLAUNCHER]: Adding transformer net.minecraftforge.coremod.transformer.CoreModClassTransformer@2ecf5915 to Target : CLASS {Lnet/minecraft/world/level/levelgen/structure/structures/OceanMonumentPieces$OceanMonumentPiece;} {} {V}
[13Jan2025 22:53:47.561] [main/DEBUG] [cpw.mods.modlauncher.TransformStore/MODLAUNCHER]: Adding transformer net.minecraftforge.coremod.transformer.CoreModClassTransformer@2ecf5915 to Target : CLASS {Lnet/minecraft/world/entity/monster/Zombie;} {} {V}
[13Jan2025 22:53:47.561] [main/DEBUG] [cpw.mods.modlauncher.TransformStore/MODLAUNCHER]: Adding transformer net.minecraftforge.coremod.transformer.CoreModClassTransformer@2ecf5915 to Target : CLASS {Lnet/minecraft/world/entity/monster/Evoker$EvokerSummonSpellGoal;} {} {V}
[13Jan2025 22:53:47.561] [main/DEBUG] [cpw.mods.modlauncher.TransformStore/MODLAUNCHER]: Adding transformer net.minecraftforge.coremod.transformer.CoreModClassTransformer@2ecf5915 to Target : CLASS {Lnet/minecraft/world/entity/animal/frog/Tadpole;} {} {V}
[13Jan2025 22:53:47.561] [main/DEBUG] [cpw.mods.modlauncher.TransformStore/MODLAUNCHER]: Adding transformer net.minecraftforge.coremod.transformer.CoreModClassTransformer@2ecf5915 to Target : CLASS {Lnet/minecraft/world/entity/raid/Raid;} {} {V}
[13Jan2025 22:53:47.561] [main/DEBUG] [cpw.mods.modlauncher.TransformStore/MODLAUNCHER]: Adding transformer net.minecraftforge.coremod.transformer.CoreModClassTransformer@2ecf5915 to Target : CLASS {Lnet/minecraft/server/commands/RaidCommand;} {} {V}
[13Jan2025 22:53:47.561] [main/DEBUG] [cpw.mods.modlauncher.TransformationServiceDecorator/MODLAUNCHER]: Initialized transformers for transformation service fml
[13Jan2025 22:53:48.743] [main/DEBUG] [mixin/]: Processing prepare() for PlatformAgent[MixinPlatformAgentDefault:ModLauncher Root Container(ModLauncher:4f56a0a2)]
[13Jan2025 22:53:48.744] [main/DEBUG] [mixin/]: Processing launch tasks for PlatformAgent[MixinPlatformAgentDefault:ModLauncher Root Container(ModLauncher:4f56a0a2)]
[13Jan2025 22:53:48.744] [main/DEBUG] [mixin/]: Adding mixin platform agents for container SecureJarResource(kiwi)
[13Jan2025 22:53:48.744] [main/DEBUG] [mixin/]: Instancing new MixinPlatformAgentMinecraftForge for SecureJarResource(kiwi)
[13Jan2025 22:53:48.744] [main/DEBUG] [mixin/]: MixinPlatformAgentMinecraftForge rejected container SecureJarResource(kiwi)
[13Jan2025 22:53:48.745] [main/DEBUG] [mixin/]: Instancing new MixinPlatformAgentDefault for SecureJarResource(kiwi)
[13Jan2025 22:53:48.745] [main/DEBUG] [mixin/]: MixinPlatformAgentDefault accepted container SecureJarResource(kiwi)
[13Jan2025 22:53:48.745] [main/DEBUG] [mixin/]: Processing prepare() for PlatformAgent[MixinPlatformAgentDefault:SecureJarResource(kiwi)]
[13Jan2025 22:53:48.745] [main/DEBUG] [mixin/]: Registering mixin config: kiwi.mixins.json
[13Jan2025 22:53:48.759] [main/DEBUG] [mixin/]: Compatibility level JAVA_17 specified by kiwi.mixins.json is higher than the maximum level supported by this version of mixin (JAVA_13).
[13Jan2025 22:53:48.762] [main/INFO] [mixin/]: Compatibility level set to JAVA_17
[13Jan2025 22:53:48.762] [main/DEBUG] [mixin/]: Adding mixin platform agents for container SecureJarResource(zombiekit)
[13Jan2025 22:53:48.762] [main/DEBUG] [mixin/]: Instancing new MixinPlatformAgentMinecraftForge for SecureJarResource(zombiekit)
[13Jan2025 22:53:48.762] [main/DEBUG] [mixin/]: MixinPlatformAgentMinecraftForge rejected container SecureJarResource(zombiekit)
[13Jan2025 22:53:48.762] [main/DEBUG] [mixin/]: Instancing new MixinPlatformAgentDefault for SecureJarResource(zombiekit)
[13Jan2025 22:53:48.762] [main/DEBUG] [mixin/]: MixinPlatformAgentDefault accepted container SecureJarResource(zombiekit)
[13Jan2025 22:53:48.762] [main/DEBUG] [mixin/]: Processing prepare() for PlatformAgent[MixinPlatformAgentDefault:SecureJarResource(zombiekit)]
[13Jan2025 22:53:48.763] [main/DEBUG] [mixin/]: Registering mixin config: zombiekit.mixins.json
[13Jan2025 22:53:48.764] [main/DEBUG] [mixin/]: Adding mixin platform agents for container SecureJarResource(mutantmonsters)
[13Jan2025 22:53:48.764] [main/DEBUG] [mixin/]: Instancing new MixinPlatformAgentMinecraftForge for SecureJarResource(mutantmonsters)
[13Jan2025 22:53:48.765] [main/DEBUG] [mixin/]: MixinPlatformAgentMinecraftForge rejected container SecureJarResource(mutantmonsters)
[13Jan2025 22:53:48.765] [main/DEBUG] [mixin/]: Instancing new MixinPlatformAgentDefault for SecureJarResource(mutantmonsters)
[13Jan2025 22:53:48.765] [main/DEBUG] [mixin/]: MixinPlatformAgentDefault accepted container SecureJarResource(mutantmonsters)
[13Jan2025 22:53:48.765] [main/DEBUG] [mixin/]: Processing prepare() for PlatformAgent[MixinPlatformAgentDefault:SecureJarResource(mutantmonsters)]
[13Jan2025 22:53:48.765] [main/DEBUG] [mixin/]: Registering mixin config: mutantmonsters.common.mixins.json
[13Jan2025 22:53:48.767] [main/DEBUG] [mixin/]: Adding mixin platform agents for container SecureJarResource(geckolib)
[13Jan2025 22:53:48.767] [main/DEBUG] [mixin/]: Instancing new MixinPlatformAgentMinecraftForge for SecureJarResource(geckolib)
[13Jan2025 22:53:48.768] [main/DEBUG] [mixin/]: MixinPlatformAgentMinecraftForge rejected container SecureJarResource(geckolib)
[13Jan2025 22:53:48.768] [main/DEBUG] [mixin/]: Instancing new MixinPlatformAgentDefault for SecureJarResource(geckolib)
[13Jan2025 22:53:48.768] [main/DEBUG] [mixin/]: MixinPlatformAgentDefault accepted container SecureJarResource(geckolib)
[13Jan2025 22:53:48.768] [main/DEBUG] [mixin/]: Processing prepare() for PlatformAgent[MixinPlatformAgentDefault:SecureJarResource(geckolib)]
[13Jan2025 22:53:48.769] [main/DEBUG] [mixin/]: Registering mixin config: geckolib.mixins.json
[13Jan2025 22:53:48.771] [main/DEBUG] [mixin/]: Adding mixin platform agents for container SecureJarResource(playeranimator)
[13Jan2025 22:53:48.771] [main/DEBUG] [mixin/]: Instancing new MixinPlatformAgentMinecraftForge for SecureJarResource(playeranimator)
[13Jan2025 22:53:48.771] [main/DEBUG] [mixin/]: MixinPlatformAgentMinecraftForge rejected container SecureJarResource(playeranimator)
[13Jan2025 22:53:48.771] [main/DEBUG] [mixin/]: Instancing new MixinPlatformAgentDefault for SecureJarResource(playeranimator)
[13Jan2025 22:53:48.772] [main/DEBUG] [mixin/]: MixinPlatformAgentDefault accepted container SecureJarResource(playeranimator)
[13Jan2025 22:53:48.772] [main/DEBUG] [mixin/]: Processing prepare() for PlatformAgent[MixinPlatformAgentDefault:SecureJarResource(playeranimator)]
[13Jan2025 22:53:48.772] [main/DEBUG] [mixin/]: Registering mixin config: playerAnimator-common.mixins.json
[13Jan2025 22:53:48.774] [main/DEBUG] [mixin/]: Compatibility level JAVA_16 specified by playerAnimator-common.mixins.json is higher than the maximum level supported by this version of mixin (JAVA_13).
[13Jan2025 22:53:48.774] [main/DEBUG] [mixin/]: Adding mixin platform agents for container SecureJarResource(jei)
[13Jan2025 22:53:48.775] [main/DEBUG] [mixin/]: Instancing new MixinPlatformAgentMinecraftForge for SecureJarResource(jei)
[13Jan2025 22:53:48.775] [main/DEBUG] [mixin/]: MixinPlatformAgentMinecraftForge rejected container SecureJarResource(jei)
[13Jan2025 22:53:48.775] [main/DEBUG] [mixin/]: Instancing new MixinPlatformAgentDefault for SecureJarResource(jei)
[13Jan2025 22:53:48.775] [main/DEBUG] [mixin/]: MixinPlatformAgentDefault accepted container SecureJarResource(jei)
[13Jan2025 22:53:48.775] [main/DEBUG] [mixin/]: Processing prepare() for PlatformAgent[MixinPlatformAgentDefault:SecureJarResource(jei)]
[13Jan2025 22:53:48.775] [main/DEBUG] [mixin/]: Adding mixin platform agents for container SecureJarResource(insanelib)
[13Jan2025 22:53:48.776] [main/DEBUG] [mixin/]: Instancing new MixinPlatformAgentMinecraftForge for SecureJarResource(insanelib)
[13Jan2025 22:53:48.776] [main/DEBUG] [mixin/]: MixinPlatformAgentMinecraftForge rejected container SecureJarResource(insanelib)
[13Jan2025 22:53:48.776] [main/DEBUG] [mixin/]: Instancing new MixinPlatformAgentDefault for SecureJarResource(insanelib)
[13Jan2025 22:53:48.776] [main/DEBUG] [mixin/]: MixinPlatformAgentDefault accepted container SecureJarResource(insanelib)
[13Jan2025 22:53:48.776] [main/DEBUG] [mixin/]: Processing prepare() for PlatformAgent[MixinPlatformAgentDefault:SecureJarResource(insanelib)]
[13Jan2025 22:53:48.776] [main/DEBUG] [mixin/]: Registering mixin config: insanelib.mixins.json
[13Jan2025 22:53:48.778] [main/DEBUG] [mixin/]: Compatibility level JAVA_8 specified by insanelib.mixins.json is lower than the default level supported by the current mixin service (JAVA_16).
[13Jan2025 22:53:48.779] [main/DEBUG] [mixin/]: Adding mixin platform agents for container SecureJarResource(immersive_weathering)
[13Jan2025 22:53:48.779] [main/DEBUG] [mixin/]: Instancing new MixinPlatformAgentMinecraftForge for SecureJarResource(immersive_weathering)
[13Jan2025 22:53:48.779] [main/DEBUG] [mixin/]: MixinPlatformAgentMinecraftForge rejected container SecureJarResource(immersive_weathering)
[13Jan2025 22:53:48.779] [main/DEBUG] [mixin/]: Instancing new MixinPlatformAgentDefault for SecureJarResource(immersive_weathering)
[13Jan2025 22:53:48.779] [main/DEBUG] [mixin/]: MixinPlatformAgentDefault accepted container SecureJarResource(immersive_weathering)
[13Jan2025 22:53:48.779] [main/DEBUG] [mixin/]: Processing prepare() for PlatformAgent[MixinPlatformAgentDefault:SecureJarResource(immersive_weathering)]
[13Jan2025 22:53:48.780] [main/DEBUG] [mixin/]: Registering mixin config: immersive_weathering-common.mixins.json
[13Jan2025 22:53:48.782] [main/DEBUG] [mixin/]: Registering mixin config: immersive_weathering.mixins.json
[13Jan2025 22:53:48.784] [main/DEBUG] [mixin/]: Compatibility level JAVA_16 specified by immersive_weathering.mixins.json is higher than the maximum level supported by this version of mixin (JAVA_13).
[13Jan2025 22:53:48.784] [main/DEBUG] [mixin/]: Adding mixin platform agents for container SecureJarResource(zombiesmore)
[13Jan2025 22:53:48.784] [main/DEBUG] [mixin/]: Instancing new MixinPlatformAgentMinecraftForge for SecureJarResource(zombiesmore)
[13Jan2025 22:53:48.785] [main/DEBUG] [mixin/]: MixinPlatformAgentMinecraftForge rejected container SecureJarResource(zombiesmore)
[13Jan2025 22:53:48.785] [main/DEBUG] [mixin/]: Instancing new MixinPlatformAgentDefault for SecureJarResource(zombiesmore)
[13Jan2025 22:53:48.785] [main/DEBUG] [mixin/]: MixinPlatformAgentDefault accepted container SecureJarResource(zombiesmore)
[13Jan2025 22:53:48.785] [main/DEBUG] [mixin/]: Processing prepare() for PlatformAgent[MixinPlatformAgentDefault:SecureJarResource(zombiesmore)]
[13Jan2025 22:53:48.785] [main/DEBUG] [mixin/]: Adding mixin platform agents for container SecureJarResource(enhancedvisuals)
[13Jan2025 22:53:48.785] [main/DEBUG] [mixin/]: Instancing new MixinPlatformAgentMinecraftForge for SecureJarResource(enhancedvisuals)
[13Jan2025 22:53:48.786] [main/DEBUG] [mixin/]: MixinPlatformAgentMinecraftForge rejected container SecureJarResource(enhancedvisuals)
[13Jan2025 22:53:48.786] [main/DEBUG] [mixin/]: Instancing new MixinPlatformAgentDefault for SecureJarResource(enhancedvisuals)
[13Jan2025 22:53:48.786] [main/DEBUG] [mixin/]: MixinPlatformAgentDefault accepted container SecureJarResource(enhancedvisuals)
[13Jan2025 22:53:48.786] [main/DEBUG] [mixin/]: Processing prepare() for PlatformAgent[MixinPlatformAgentDefault:SecureJarResource(enhancedvisuals)]
[13Jan2025 22:53:48.786] [main/DEBUG] [mixin/]: Registering mixin config: enhancedvisuals.mixins.json
[13Jan2025 22:53:48.788] [main/DEBUG] [mixin/]: Adding mixin platform agents for container SecureJarResource(zombieawareness)
[13Jan2025 22:53:48.788] [main/DEBUG] [mixin/]: Instancing new MixinPlatformAgentMinecraftForge for SecureJarResource(zombieawareness)
[13Jan2025 22:53:48.788] [main/DEBUG] [mixin/]: MixinPlatformAgentMinecraftForge rejected container SecureJarResource(zombieawareness)
[13Jan2025 22:53:48.788] [main/DEBUG] [mixin/]: Instancing new MixinPlatformAgentDefault for SecureJarResource(zombieawareness)
[13Jan2025 22:53:48.788] [main/DEBUG] [mixin/]: MixinPlatformAgentDefault accepted container SecureJarResource(zombieawareness)
[13Jan2025 22:53:48.788] [main/DEBUG] [mixin/]: Processing prepare() for PlatformAgent[MixinPlatformAgentDefault:SecureJarResource(zombieawareness)]
[13Jan2025 22:53:48.789] [main/DEBUG] [mixin/]: Registering mixin config: zombieawareness.mixins.json
[13Jan2025 22:53:48.790] [main/DEBUG] [mixin/]: Adding mixin platform agents for container SecureJarResource(mixinextras)
[13Jan2025 22:53:48.790] [main/DEBUG] [mixin/]: Instancing new MixinPlatformAgentMinecraftForge for SecureJarResource(mixinextras)
[13Jan2025 22:53:48.791] [main/DEBUG] [mixin/]: MixinPlatformAgentMinecraftForge rejected container SecureJarResource(mixinextras)
[13Jan2025 22:53:48.791] [main/DEBUG] [mixin/]: Instancing new MixinPlatformAgentDefault for SecureJarResource(mixinextras)
[13Jan2025 22:53:48.791] [main/DEBUG] [mixin/]: MixinPlatformAgentDefault accepted container SecureJarResource(mixinextras)
[13Jan2025 22:53:48.791] [main/DEBUG] [mixin/]: Processing prepare() for PlatformAgent[MixinPlatformAgentDefault:SecureJarResource(mixinextras)]
[13Jan2025 22:53:48.791] [main/DEBUG] [mixin/]: Registering mixin config: mixinextras.init.mixins.json
[13Jan2025 22:53:48.793] [main/DEBUG] [mixin/]: Adding mixin platform agents for container SecureJarResource(design_decor)
[13Jan2025 22:53:48.793] [main/DEBUG] [mixin/]: Instancing new MixinPlatformAgentMinecraftForge for SecureJarResource(design_decor)
[13Jan2025 22:53:48.794] [main/DEBUG] [mixin/]: MixinPlatformAgentMinecraftForge rejected container SecureJarResource(design_decor)
[13Jan2025 22:53:48.794] [main/DEBUG] [mixin/]: Instancing new MixinPlatformAgentDefault for SecureJarResource(design_decor)
[13Jan2025 22:53:48.794] [main/DEBUG] [mixin/]: MixinPlatformAgentDefault accepted container SecureJarResource(design_decor)
[13Jan2025 22:53:48.794] [main/DEBUG] [mixin/]: Processing prepare() for PlatformAgent[MixinPlatformAgentDefault:SecureJarResource(design_decor)]
[13Jan2025 22:53:48.794] [main/DEBUG] [mixin/]: Registering mixin config: design_decor.mixins.json
[13Jan2025 22:53:48.796] [main/DEBUG] [mixin/]: Compatibility level JAVA_8 specified by design_decor.mixins.json is lower than the default level supported by the current mixin service (JAVA_16).
[13Jan2025 22:53:48.797] [main/DEBUG] [mixin/]: Adding mixin platform agents for container SecureJarResource(wegotrunnners)
[13Jan2025 22:53:48.797] [main/DEBUG] [mixin/]: Instancing new MixinPlatformAgentMinecraftForge for SecureJarResource(wegotrunnners)
[13Jan2025 22:53:48.797] [main/DEBUG] [mixin/]: MixinPlatformAgentMinecraftForge rejected container SecureJarResource(wegotrunnners)
[13Jan2025 22:53:48.797] [main/DEBUG] [mixin/]: Instancing new MixinPlatformAgentDefault for SecureJarResource(wegotrunnners)
[13Jan2025 22:53:48.798] [main/DEBUG] [mixin/]: MixinPlatformAgentDefault accepted container SecureJarResource(wegotrunnners)
[13Jan2025 22:53:48.798] [main/DEBUG] [mixin/]: Processing prepare() for PlatformAgent[MixinPlatformAgentDefault:SecureJarResource(wegotrunnners)]
[13Jan2025 22:53:48.798] [main/DEBUG] [mixin/]: Adding mixin platform agents for container SecureJarResource(puzzlesaccessapi)
[13Jan2025 22:53:48.798] [main/DEBUG] [mixin/]: Instancing new MixinPlatformAgentMinecraftForge for SecureJarResource(puzzlesaccessapi)
[13Jan2025 22:53:48.798] [main/DEBUG] [mixin/]: MixinPlatformAgentMinecraftForge rejected container SecureJarResource(puzzlesaccessapi)
[13Jan2025 22:53:48.798] [main/DEBUG] [mixin/]: Instancing new MixinPlatformAgentDefault for SecureJarResource(puzzlesaccessapi)
[13Jan2025 22:53:48.799] [main/DEBUG] [mixin/]: MixinPlatformAgentDefault accepted container SecureJarResource(puzzlesaccessapi)
[13Jan2025 22:53:48.799] [main/DEBUG] [mixin/]: Processing prepare() for PlatformAgent[MixinPlatformAgentDefault:SecureJarResource(puzzlesaccessapi)]
[13Jan2025 22:53:48.799] [main/DEBUG] [mixin/]: Adding mixin platform agents for container SecureJarResource(firstaid)
[13Jan2025 22:53:48.799] [main/DEBUG] [mixin/]: Instancing new MixinPlatformAgentMinecraftForge for SecureJarResource(firstaid)
[13Jan2025 22:53:48.799] [main/DEBUG] [mixin/]: MixinPlatformAgentMinecraftForge rejected container SecureJarResource(firstaid)
[13Jan2025 22:53:48.799] [main/DEBUG] [mixin/]: Instancing new MixinPlatformAgentDefault for SecureJarResource(firstaid)
[13Jan2025 22:53:48.799] [main/DEBUG] [mixin/]: MixinPlatformAgentDefault accepted container SecureJarResource(firstaid)
[13Jan2025 22:53:48.799] [main/DEBUG] [mixin/]: Processing prepare() for PlatformAgent[MixinPlatformAgentDefault:SecureJarResource(firstaid)]
[13Jan2025 22:53:48.799] [main/DEBUG] [mixin/]: Adding mixin platform agents for container SecureJarResource(forge)
[13Jan2025 22:53:48.799] [main/DEBUG] [mixin/]: Instancing new MixinPlatformAgentMinecraftForge for SecureJarResource(forge)
[13Jan2025 22:53:48.799] [main/DEBUG] [mixin/]: MixinPlatformAgentMinecraftForge rejected container SecureJarResource(forge)
[13Jan2025 22:53:48.800] [main/DEBUG] [mixin/]: Instancing new MixinPlatformAgentDefault for SecureJarResource(forge)
[13Jan2025 22:53:48.800] [main/DEBUG] [mixin/]: MixinPlatformAgentDefault accepted container SecureJarResource(forge)
[13Jan2025 22:53:48.800] [main/DEBUG] [mixin/]: Processing prepare() for PlatformAgent[MixinPlatformAgentDefault:SecureJarResource(forge)]
[13Jan2025 22:53:48.800] [main/DEBUG] [mixin/]: Adding mixin platform agents for container SecureJarResource(pfm)
[13Jan2025 22:53:48.800] [main/DEBUG] [mixin/]: Instancing new MixinPlatformAgentMinecraftForge for SecureJarResource(pfm)
[13Jan2025 22:53:48.800] [main/DEBUG] [mixin/]: MixinPlatformAgentMinecraftForge rejected container SecureJarResource(pfm)
[13Jan2025 22:53:48.800] [main/DEBUG] [mixin/]: Instancing new MixinPlatformAgentDefault for SecureJarResource(pfm)
[13Jan2025 22:53:48.800] [main/DEBUG] [mixin/]: MixinPlatformAgentDefault accepted container SecureJarResource(pfm)
[13Jan2025 22:53:48.800] [main/DEBUG] [mixin/]: Processing prepare() for PlatformAgent[MixinPlatformAgentDefault:SecureJarResource(pfm)]
[13Jan2025 22:53:48.800] [main/DEBUG] [mixin/]: Registering mixin config: pfm-common.mixins.json
[13Jan2025 22:53:48.802] [main/DEBUG] [mixin/]: Compatibility level JAVA_8 specified by pfm-common.mixins.json is lower than the default level supported by the current mixin service (JAVA_16).
[13Jan2025 22:53:48.803] [main/DEBUG] [mixin/]: Registering mixin config: pfm.mixins.json
[13Jan2025 22:53:48.805] [main/DEBUG] [mixin/]: Compatibility level JAVA_8 specified by pfm.mixins.json is lower than the default level supported by the current mixin service (JAVA_16).
[13Jan2025 22:53:48.805] [main/DEBUG] [mixin/]: Adding mixin platform agents for container SecureJarResource(sona)
[13Jan2025 22:53:48.805] [main/DEBUG] [mixin/]: Instancing new MixinPlatformAgentMinecraftForge for SecureJarResource(sona)
[13Jan2025 22:53:48.805] [main/DEBUG] [mixin/]: MixinPlatformAgentMinecraftForge rejected container SecureJarResource(sona)
[13Jan2025 22:53:48.805] [main/DEBUG] [mixin/]: Instancing new MixinPlatformAgentDefault for SecureJarResource(sona)
[13Jan2025 22:53:48.805] [main/DEBUG] [mixin/]: MixinPlatformAgentDefault accepted container SecureJarResource(sona)
[13Jan2025 22:53:48.805] [main/DEBUG] [mixin/]: Processing prepare() for PlatformAgent[MixinPlatformAgentDefault:SecureJarResource(sona)]
[13Jan2025 22:53:48.805] [main/DEBUG] [mixin/]: Registering mixin config: sona.mixins.json
[13Jan2025 22:53:48.808] [main/DEBUG] [mixin/]: Adding mixin platform agents for container SecureJarResource(embeddium)
[13Jan2025 22:53:48.810] [main/DEBUG] [mixin/]: Instancing new MixinPlatformAgentMinecraftForge for SecureJarResource(embeddium)
[13Jan2025 22:53:48.810] [main/DEBUG] [mixin/]: MixinPlatformAgentMinecraftForge rejected container SecureJarResource(embeddium)
[13Jan2025 22:53:48.810] [main/DEBUG] [mixin/]: Instancing new MixinPlatformAgentDefault for SecureJarResource(embeddium)
[13Jan2025 22:53:48.810] [main/DEBUG] [mixin/]: MixinPlatformAgentDefault accepted container SecureJarResource(embeddium)
[13Jan2025 22:53:48.811] [main/DEBUG] [mixin/]: Processing prepare() for PlatformAgent[MixinPlatformAgentDefault:SecureJarResource(embeddium)]
[13Jan2025 22:53:48.811] [main/DEBUG] [mixin/]: Registering mixin config: embeddium.mixins.json
[13Jan2025 22:53:48.813] [main/DEBUG] [mixin/]: Adding mixin platform agents for container SecureJarResource(minecraft)
[13Jan2025 22:53:48.814] [main/DEBUG] [mixin/]: Instancing new MixinPlatformAgentMinecraftForge for SecureJarResource(minecraft)
[13Jan2025 22:53:48.814] [main/DEBUG] [mixin/]: MixinPlatformAgentMinecraftForge rejected container SecureJarResource(minecraft)
[13Jan2025 22:53:48.814] [main/DEBUG] [mixin/]: Instancing new MixinPlatformAgentDefault for SecureJarResource(minecraft)
[13Jan2025 22:53:48.814] [main/DEBUG] [mixin/]: MixinPlatformAgentDefault accepted container SecureJarResource(minecraft)
[13Jan2025 22:53:48.814] [main/DEBUG] [mixin/]: Processing prepare() for PlatformAgent[MixinPlatformAgentDefault:SecureJarResource(minecraft)]
[13Jan2025 22:53:48.814] [main/DEBUG] [mixin/]: Adding mixin platform agents for container SecureJarResource(zombie_extreme)
[13Jan2025 22:53:48.814] [main/DEBUG] [mixin/]: Instancing new MixinPlatformAgentMinecraftForge for SecureJarResource(zombie_extreme)
[13Jan2025 22:53:48.814] [main/DEBUG] [mixin/]: MixinPlatformAgentMinecraftForge rejected container SecureJarResource(zombie_extreme)
[13Jan2025 22:53:48.815] [main/DEBUG] [mixin/]: Instancing new MixinPlatformAgentDefault for SecureJarResource(zombie_extreme)
[13Jan2025 22:53:48.815] [main/DEBUG] [mixin/]: MixinPlatformAgentDefault accepted container SecureJarResource(zombie_extreme)
[13Jan2025 22:53:48.815] [main/DEBUG] [mixin/]: Processing prepare() for PlatformAgent[MixinPlatformAgentDefault:SecureJarResource(zombie_extreme)]
[13Jan2025 22:53:48.815] [main/DEBUG] [mixin/]: Adding mixin platform agents for container SecureJarResource(horror_element_mod)
[13Jan2025 22:53:48.815] [main/DEBUG] [mixin/]: Instancing new MixinPlatformAgentMinecraftForge for SecureJarResource(horror_element_mod)
[13Jan2025 22:53:48.815] [main/DEBUG] [mixin/]: MixinPlatformAgentMinecraftForge rejected container SecureJarResource(horror_element_mod)
[13Jan2025 22:53:48.815] [main/DEBUG] [mixin/]: Instancing new MixinPlatformAgentDefault for SecureJarResource(horror_element_mod)
[13Jan2025 22:53:48.815] [main/DEBUG] [mixin/]: MixinPlatformAgentDefault accepted container SecureJarResource(horror_element_mod)
[13Jan2025 22:53:48.815] [main/DEBUG] [mixin/]: Processing prepare() for PlatformAgent[MixinPlatformAgentDefault:SecureJarResource(horror_element_mod)]
[13Jan2025 22:53:48.815] [main/DEBUG] [mixin/]: Adding mixin platform agents for container SecureJarResource(farmersdelight)
[13Jan2025 22:53:48.815] [main/DEBUG] [mixin/]: Instancing new MixinPlatformAgentMinecraftForge for SecureJarResource(farmersdelight)
[13Jan2025 22:53:48.815] [main/DEBUG] [mixin/]: MixinPlatformAgentMinecraftForge rejected container SecureJarResource(farmersdelight)
[13Jan2025 22:53:48.815] [main/DEBUG] [mixin/]: Instancing new MixinPlatformAgentDefault for SecureJarResource(farmersdelight)
[13Jan2025 22:53:48.816] [main/DEBUG] [mixin/]: MixinPlatformAgentDefault accepted container SecureJarResource(farmersdelight)
[13Jan2025 22:53:48.816] [main/DEBUG] [mixin/]: Processing prepare() for PlatformAgent[MixinPlatformAgentDefault:SecureJarResource(farmersdelight)]
[13Jan2025 22:53:48.816] [main/DEBUG] [mixin/]: Registering mixin config: farmersdelight.mixins.json
[13Jan2025 22:53:48.818] [main/DEBUG] [mixin/]: Adding mixin platform agents for container SecureJarResource(voicechat)
[13Jan2025 22:53:48.818] [main/DEBUG] [mixin/]: Instancing new MixinPlatformAgentMinecraftForge for SecureJarResource(voicechat)
[13Jan2025 22:53:48.818] [main/DEBUG] [mixin/]: MixinPlatformAgentMinecraftForge rejected container SecureJarResource(voicechat)
[13Jan2025 22:53:48.818] [main/DEBUG] [mixin/]: Instancing new MixinPlatformAgentDefault for SecureJarResource(voicechat)
[13Jan2025 22:53:48.818] [main/DEBUG] [mixin/]: MixinPlatformAgentDefault accepted container SecureJarResource(voicechat)
[13Jan2025 22:53:48.818] [main/DEBUG] [mixin/]: Processing prepare() for PlatformAgent[MixinPlatformAgentDefault:SecureJarResource(voicechat)]
[13Jan2025 22:53:48.818] [main/DEBUG] [mixin/]: Adding mixin platform agents for container SecureJarResource(sound_physics_remastered)
[13Jan2025 22:53:48.818] [main/DEBUG] [mixin/]: Instancing new MixinPlatformAgentMinecraftForge for SecureJarResource(sound_physics_remastered)
[13Jan2025 22:53:48.818] [main/DEBUG] [mixin/]: MixinPlatformAgentMinecraftForge rejected container SecureJarResource(sound_physics_remastered)
[13Jan2025 22:53:48.818] [main/DEBUG] [mixin/]: Instancing new MixinPlatformAgentDefault for SecureJarResource(sound_physics_remastered)
[13Jan2025 22:53:48.818] [main/DEBUG] [mixin/]: MixinPlatformAgentDefault accepted container SecureJarResource(sound_physics_remastered)
[13Jan2025 22:53:48.819] [main/DEBUG] [mixin/]: Processing prepare() for PlatformAgent[MixinPlatformAgentDefault:SecureJarResource(sound_physics_remastered)]
[13Jan2025 22:53:48.819] [main/DEBUG] [mixin/]: Adding mixin platform agents for container SecureJarResource(moonlight)
[13Jan2025 22:53:48.819] [main/DEBUG] [mixin/]: Instancing new MixinPlatformAgentMinecraftForge for SecureJarResource(moonlight)
[13Jan2025 22:53:48.819] [main/DEBUG] [mixin/]: MixinPlatformAgentMinecraftForge rejected container SecureJarResource(moonlight)
[13Jan2025 22:53:48.819] [main/DEBUG] [mixin/]: Instancing new MixinPlatformAgentDefault for SecureJarResource(moonlight)
[13Jan2025 22:53:48.820] [main/DEBUG] [mixin/]: MixinPlatformAgentDefault accepted container SecureJarResource(moonlight)
[13Jan2025 22:53:48.820] [main/DEBUG] [mixin/]: Processing prepare() for PlatformAgent[MixinPlatformAgentDefault:SecureJarResource(moonlight)]
[13Jan2025 22:53:48.820] [main/DEBUG] [mixin/]: Registering mixin config: moonlight-common.mixins.json
[13Jan2025 22:53:48.852] [main/DEBUG] [mixin/]: Error cleaning class output directory: .mixin.out
[13Jan2025 22:53:48.853] [main/DEBUG] [mixin/]: Preparing mixins for MixinEnvironment[PREINIT]
[13Jan2025 22:53:48.866] [main/DEBUG] [mixin/]: Registering mixin config: moonlight.mixins.json
[13Jan2025 22:53:48.867] [main/DEBUG] [mixin/]: Adding mixin platform agents for container SecureJarResource(extragore)
[13Jan2025 22:53:48.867] [main/DEBUG] [mixin/]: Instancing new MixinPlatformAgentMinecraftForge for SecureJarResource(extragore)
[13Jan2025 22:53:48.867] [main/DEBUG] [mixin/]: MixinPlatformAgentMinecraftForge rejected container SecureJarResource(extragore)
[13Jan2025 22:53:48.867] [main/DEBUG] [mixin/]: Instancing new MixinPlatformAgentDefault for SecureJarResource(extragore)
[13Jan2025 22:53:48.867] [main/DEBUG] [mixin/]: MixinPlatformAgentDefault accepted container SecureJarResource(extragore)
[13Jan2025 22:53:48.868] [main/DEBUG] [mixin/]: Processing prepare() for PlatformAgent[MixinPlatformAgentDefault:SecureJarResource(extragore)]
[13Jan2025 22:53:48.868] [main/DEBUG] [mixin/]: Adding mixin platform agents for container SecureJarResource(ambientsounds)
[13Jan2025 22:53:48.868] [main/DEBUG] [mixin/]: Instancing new MixinPlatformAgentMinecraftForge for SecureJarResource(ambientsounds)
[13Jan2025 22:53:48.868] [main/DEBUG] [mixin/]: MixinPlatformAgentMinecraftForge rejected container SecureJarResource(ambientsounds)
[13Jan2025 22:53:48.868] [main/DEBUG] [mixin/]: Instancing new MixinPlatformAgentDefault for SecureJarResource(ambientsounds)
[13Jan2025 22:53:48.868] [main/DEBUG] [mixin/]: MixinPlatformAgentDefault accepted container SecureJarResource(ambientsounds)
[13Jan2025 22:53:48.868] [main/DEBUG] [mixin/]: Processing prepare() for PlatformAgent[MixinPlatformAgentDefault:SecureJarResource(ambientsounds)]
[13Jan2025 22:53:48.868] [main/DEBUG] [mixin/]: Registering mixin config: ambientsounds.mixins.json
[13Jan2025 22:53:48.869] [main/DEBUG] [mixin/]: Adding mixin platform agents for container SecureJarResource(projectvibrantjourneys)
[13Jan2025 22:53:48.869] [main/DEBUG] [mixin/]: Instancing new MixinPlatformAgentMinecraftForge for SecureJarResource(projectvibrantjourneys)
[13Jan2025 22:53:48.869] [main/DEBUG] [mixin/]: MixinPlatformAgentMinecraftForge rejected container SecureJarResource(projectvibrantjourneys)
[13Jan2025 22:53:48.869] [main/DEBUG] [mixin/]: Instancing new MixinPlatformAgentDefault for SecureJarResource(projectvibrantjourneys)
[13Jan2025 22:53:48.869] [main/DEBUG] [mixin/]: MixinPlatformAgentDefault accepted container SecureJarResource(projectvibrantjourneys)
[13Jan2025 22:53:48.870] [main/DEBUG] [mixin/]: Processing prepare() for PlatformAgent[MixinPlatformAgentDefault:SecureJarResource(projectvibrantjourneys)]
[13Jan2025 22:53:48.870] [main/DEBUG] [mixin/]: Registering mixin config: projectvibrantjourneys.mixins.json
[13Jan2025 22:53:48.871] [main/DEBUG] [mixin/]: Adding mixin platform agents for container SecureJarResource(jade)
[13Jan2025 22:53:48.871] [main/DEBUG] [mixin/]: Instancing new MixinPlatformAgentMinecraftForge for SecureJarResource(jade)
[13Jan2025 22:53:48.871] [main/DEBUG] [mixin/]: MixinPlatformAgentMinecraftForge rejected container SecureJarResource(jade)
[13Jan2025 22:53:48.872] [main/DEBUG] [mixin/]: Instancing new MixinPlatformAgentDefault for SecureJarResource(jade)
[13Jan2025 22:53:48.872] [main/DEBUG] [mixin/]: MixinPlatformAgentDefault accepted container SecureJarResource(jade)
[13Jan2025 22:53:48.872] [main/DEBUG] [mixin/]: Processing prepare() for PlatformAgent[MixinPlatformAgentDefault:SecureJarResource(jade)]
[13Jan2025 22:53:48.872] [main/DEBUG] [mixin/]: Registering mixin config: jade.mixins.json
[13Jan2025 22:53:48.873] [main/DEBUG] [mixin/]: Compatibility level JAVA_16 specified by jade.mixins.json is higher than the maximum level supported by this version of mixin (JAVA_13).
[13Jan2025 22:53:48.874] [main/DEBUG] [mixin/]: Adding mixin platform agents for container SecureJarResource(lrarmor)
[13Jan2025 22:53:48.874] [main/DEBUG] [mixin/]: Instancing new MixinPlatformAgentMinecraftForge for SecureJarResource(lrarmor)
[13Jan2025 22:53:48.874] [main/DEBUG] [mixin/]: MixinPlatformAgentMinecraftForge rejected container SecureJarResource(lrarmor)
[13Jan2025 22:53:48.874] [main/DEBUG] [mixin/]: Instancing new MixinPlatformAgentDefault for SecureJarResource(lrarmor)
[13Jan2025 22:53:48.874] [main/DEBUG] [mixin/]: MixinPlatformAgentDefault accepted container SecureJarResource(lrarmor)
[13Jan2025 22:53:48.874] [main/DEBUG] [mixin/]: Processing prepare() for PlatformAgent[MixinPlatformAgentDefault:SecureJarResource(lrarmor)]
[13Jan2025 22:53:48.874] [main/DEBUG] [mixin/]: Registering mixin config: lrarmor.mixins.json
[13Jan2025 22:53:48.876] [main/DEBUG] [mixin/]: Adding mixin platform agents for container SecureJarResource(creativecore)
[13Jan2025 22:53:48.876] [main/DEBUG] [mixin/]: Instancing new MixinPlatformAgentMinecraftForge for SecureJarResource(creativecore)
[13Jan2025 22:53:48.877] [main/DEBUG] [mixin/]: MixinPlatformAgentMinecraftForge rejected container SecureJarResource(creativecore)
[13Jan2025 22:53:48.877] [main/DEBUG] [mixin/]: Instancing new MixinPlatformAgentDefault for SecureJarResource(creativecore)
[13Jan2025 22:53:48.877] [main/DEBUG] [mixin/]: MixinPlatformAgentDefault accepted container SecureJarResource(creativecore)
[13Jan2025 22:53:48.877] [main/DEBUG] [mixin/]: Processing prepare() for PlatformAgent[MixinPlatformAgentDefault:SecureJarResource(creativecore)]
[13Jan2025 22:53:48.877] [main/DEBUG] [mixin/]: Registering mixin config: creativecore.mixins.json
[13Jan2025 22:53:48.878] [main/DEBUG] [mixin/]: Registering mixin config: creativecore.forge.mixins.json
[13Jan2025 22:53:48.880] [main/DEBUG] [mixin/]: Adding mixin platform agents for container SecureJarResource(zombie_island)
[13Jan2025 22:53:48.880] [main/DEBUG] [mixin/]: Instancing new MixinPlatformAgentMinecraftForge for SecureJarResource(zombie_island)
[13Jan2025 22:53:48.880] [main/DEBUG] [mixin/]: MixinPlatformAgentMinecraftForge rejected container SecureJarResource(zombie_island)
[13Jan2025 22:53:48.880] [main/DEBUG] [mixin/]: Instancing new MixinPlatformAgentDefault for SecureJarResource(zombie_island)
[13Jan2025 22:53:48.880] [main/DEBUG] [mixin/]: MixinPlatformAgentDefault accepted container SecureJarResource(zombie_island)
[13Jan2025 22:53:48.880] [main/DEBUG] [mixin/]: Processing prepare() for PlatformAgent[MixinPlatformAgentDefault:SecureJarResource(zombie_island)]
[13Jan2025 22:53:48.881] [main/DEBUG] [mixin/]: Adding mixin platform agents for container SecureJarResource(extinction)
[13Jan2025 22:53:48.881] [main/DEBUG] [mixin/]: Instancing new MixinPlatformAgentMinecraftForge for SecureJarResource(extinction)
[13Jan2025 22:53:48.881] [main/DEBUG] [mixin/]: MixinPlatformAgentMinecraftForge rejected container SecureJarResource(extinction)
[13Jan2025 22:53:48.881] [main/DEBUG] [mixin/]: Instancing new MixinPlatformAgentDefault for SecureJarResource(extinction)
[13Jan2025 22:53:48.881] [main/DEBUG] [mixin/]: MixinPlatformAgentDefault accepted container SecureJarResource(extinction)
[13Jan2025 22:53:48.881] [main/DEBUG] [mixin/]: Processing prepare() for PlatformAgent[MixinPlatformAgentDefault:SecureJarResource(extinction)]
[13Jan2025 22:53:48.881] [main/DEBUG] [mixin/]: Adding mixin platform agents for container SecureJarResource(curios)
[13Jan2025 22:53:48.881] [main/DEBUG] [mixin/]: Instancing new MixinPlatformAgentMinecraftForge for SecureJarResource(curios)
[13Jan2025 22:53:48.881] [main/DEBUG] [mixin/]: MixinPlatformAgentMinecraftForge rejected container SecureJarResource(curios)
[13Jan2025 22:53:48.881] [main/DEBUG] [mixin/]: Instancing new MixinPlatformAgentDefault for SecureJarResource(curios)
[13Jan2025 22:53:48.881] [main/DEBUG] [mixin/]: MixinPlatformAgentDefault accepted container SecureJarResource(curios)
[13Jan2025 22:53:48.882] [main/DEBUG] [mixin/]: Processing prepare() for PlatformAgent[MixinPlatformAgentDefault:SecureJarResource(curios)]
[13Jan2025 22:53:48.885] [main/DEBUG] [mixin/]: Registering mixin config: curios.mixins.json
[13Jan2025 22:53:48.887] [main/DEBUG] [mixin/]: Adding mixin platform agents for container SecureJarResource(flywheel)
[13Jan2025 22:53:48.887] [main/DEBUG] [mixin/]: Instancing new MixinPlatformAgentMinecraftForge for SecureJarResource(flywheel)
[13Jan2025 22:53:48.887] [main/DEBUG] [mixin/]: MixinPlatformAgentMinecraftForge rejected container SecureJarResource(flywheel)
[13Jan2025 22:53:48.888] [main/DEBUG] [mixin/]: Instancing new MixinPlatformAgentDefault for SecureJarResource(flywheel)
[13Jan2025 22:53:48.888] [main/DEBUG] [mixin/]: MixinPlatformAgentDefault accepted container SecureJarResource(flywheel)
[13Jan2025 22:53:48.888] [main/DEBUG] [mixin/]: Processing prepare() for PlatformAgent[MixinPlatformAgentDefault:SecureJarResource(flywheel)]
[13Jan2025 22:53:48.888] [main/DEBUG] [mixin/]: Registering mixin config: flywheel.mixins.json
[13Jan2025 22:53:48.889] [main/DEBUG] [mixin/]: Adding mixin platform agents for container SecureJarResource(create)
[13Jan2025 22:53:48.890] [main/DEBUG] [mixin/]: Instancing new MixinPlatformAgentMinecraftForge for SecureJarResource(create)
[13Jan2025 22:53:48.890] [main/DEBUG] [mixin/]: MixinPlatformAgentMinecraftForge rejected container SecureJarResource(create)
[13Jan2025 22:53:48.890] [main/DEBUG] [mixin/]: Instancing new MixinPlatformAgentDefault for SecureJarResource(create)
[13Jan2025 22:53:48.890] [main/DEBUG] [mixin/]: MixinPlatformAgentDefault accepted container SecureJarResource(create)
[13Jan2025 22:53:48.890] [main/DEBUG] [mixin/]: Processing prepare() for PlatformAgent[MixinPlatformAgentDefault:SecureJarResource(create)]
[13Jan2025 22:53:48.890] [main/DEBUG] [mixin/]: Registering mixin config: create.mixins.json
[13Jan2025 22:53:48.892] [main/DEBUG] [mixin/]: Adding mixin platform agents for container SecureJarResource(oculus)
[13Jan2025 22:53:48.892] [main/DEBUG] [mixin/]: Instancing new MixinPlatformAgentMinecraftForge for SecureJarResource(oculus)
[13Jan2025 22:53:48.892] [main/DEBUG] [mixin/]: MixinPlatformAgentMinecraftForge rejected container SecureJarResource(oculus)
[13Jan2025 22:53:48.892] [main/DEBUG] [mixin/]: Instancing new MixinPlatformAgentDefault for SecureJarResource(oculus)
[13Jan2025 22:53:48.892] [main/DEBUG] [mixin/]: MixinPlatformAgentDefault accepted container SecureJarResource(oculus)
[13Jan2025 22:53:48.892] [main/DEBUG] [mixin/]: Processing prepare() for PlatformAgent[MixinPlatformAgentDefault:SecureJarResource(oculus)]
[13Jan2025 22:53:48.892] [main/DEBUG] [mixin/]: Registering mixin config: mixins.oculus.json
[13Jan2025 22:53:48.894] [main/DEBUG] [mixin/]: Compatibility level JAVA_8 specified by mixins.oculus.json is lower than the default level supported by the current mixin service (JAVA_16).
[13Jan2025 22:53:48.894] [main/DEBUG] [mixin/]: Registering mixin config: mixins.oculus.fantastic.json
[13Jan2025 22:53:48.896] [main/DEBUG] [mixin/]: Compatibility level JAVA_8 specified by mixins.oculus.fantastic.json is lower than the default level supported by the current mixin service (JAVA_16).
[13Jan2025 22:53:48.896] [main/DEBUG] [mixin/]: Registering mixin config: mixins.oculus.vertexformat.json
[13Jan2025 22:53:48.898] [main/DEBUG] [mixin/]: Compatibility level JAVA_8 specified by mixins.oculus.vertexformat.json is lower than the default level supported by the current mixin service (JAVA_16).
[13Jan2025 22:53:48.898] [main/DEBUG] [mixin/]: Registering mixin config: mixins.oculus.bettermipmaps.json
[13Jan2025 22:53:48.900] [main/DEBUG] [mixin/]: Compatibility level JAVA_8 specified by mixins.oculus.bettermipmaps.json is lower than the default level supported by the current mixin service (JAVA_16).
[13Jan2025 22:53:48.900] [main/DEBUG] [mixin/]: Registering mixin config: mixins.oculus.fixes.maxfpscrash.json
[13Jan2025 22:53:48.901] [main/DEBUG] [mixin/]: Compatibility level JAVA_8 specified by mixins.oculus.fixes.maxfpscrash.json is lower than the default level supported by the current mixin service (JAVA_16).
[13Jan2025 22:53:48.902] [main/DEBUG] [mixin/]: Registering mixin config: oculus-batched-entity-rendering.mixins.json
[13Jan2025 22:53:48.903] [main/DEBUG] [mixin/]: Compatibility level JAVA_8 specified by oculus-batched-entity-rendering.mixins.json is lower than the default level supported by the current mixin service (JAVA_16).
[13Jan2025 22:53:48.904] [main/DEBUG] [mixin/]: Registering mixin config: mixins.oculus.compat.sodium.json
[13Jan2025 22:53:48.906] [main/DEBUG] [mixin/]: Compatibility level JAVA_8 specified by mixins.oculus.compat.sodium.json is lower than the default level supported by the current mixin service (JAVA_16).
[13Jan2025 22:53:48.906] [main/DEBUG] [mixin/]: Registering mixin config: mixins.oculus.compat.indigo.json
[13Jan2025 22:53:48.907] [main/DEBUG] [mixin/]: Compatibility level JAVA_8 specified by mixins.oculus.compat.indigo.json is lower than the default level supported by the current mixin service (JAVA_16).
[13Jan2025 22:53:48.908] [main/DEBUG] [mixin/]: Registering mixin config: mixins.oculus.compat.indium.json
[13Jan2025 22:53:48.909] [main/DEBUG] [mixin/]: Compatibility level JAVA_8 specified by mixins.oculus.compat.indium.json is lower than the default level supported by the current mixin service (JAVA_16).
[13Jan2025 22:53:48.909] [main/DEBUG] [mixin/]: Registering mixin config: mixins.oculus.compat.dh.json
[13Jan2025 22:53:48.911] [main/DEBUG] [mixin/]: Compatibility level JAVA_8 specified by mixins.oculus.compat.dh.json is lower than the default level supported by the current mixin service (JAVA_16).
[13Jan2025 22:53:48.912] [main/DEBUG] [mixin/]: Registering mixin config: mixins.oculus.compat.pixelmon.json
[13Jan2025 22:53:48.913] [main/DEBUG] [mixin/]: Compatibility level JAVA_8 specified by mixins.oculus.compat.pixelmon.json is lower than the default level supported by the current mixin service (JAVA_16).
[13Jan2025 22:53:48.914] [main/DEBUG] [mixin/]: Adding mixin platform agents for container SecureJarResource(securitycraft)
[13Jan2025 22:53:48.914] [main/DEBUG] [mixin/]: Instancing new MixinPlatformAgentMinecraftForge for SecureJarResource(securitycraft)
[13Jan2025 22:53:48.914] [main/DEBUG] [mixin/]: MixinPlatformAgentMinecraftForge rejected container SecureJarResource(securitycraft)
[13Jan2025 22:53:48.914] [main/DEBUG] [mixin/]: Instancing new MixinPlatformAgentDefault for SecureJarResource(securitycraft)
[13Jan2025 22:53:48.914] [main/DEBUG] [mixin/]: MixinPlatformAgentDefault accepted container SecureJarResource(securitycraft)
[13Jan2025 22:53:48.914] [main/DEBUG] [mixin/]: Processing prepare() for PlatformAgent[MixinPlatformAgentDefault:SecureJarResource(securitycraft)]
[13Jan2025 22:53:48.914] [main/DEBUG] [mixin/]: Registering mixin config: securitycraft.mixins.json
[13Jan2025 22:53:48.916] [main/DEBUG] [mixin/]: Adding mixin platform agents for container SecureJarResource(thirst)
[13Jan2025 22:53:48.916] [main/DEBUG] [mixin/]: Instancing new MixinPlatformAgentMinecraftForge for SecureJarResource(thirst)
[13Jan2025 22:53:48.916] [main/DEBUG] [mixin/]: MixinPlatformAgentMinecraftForge rejected container SecureJarResource(thirst)
[13Jan2025 22:53:48.916] [main/DEBUG] [mixin/]: Instancing new MixinPlatformAgentDefault for SecureJarResource(thirst)
[13Jan2025 22:53:48.916] [main/DEBUG] [mixin/]: MixinPlatformAgentDefault accepted container SecureJarResource(thirst)
[13Jan2025 22:53:48.916] [main/DEBUG] [mixin/]: Processing prepare() for PlatformAgent[MixinPlatformAgentDefault:SecureJarResource(thirst)]
[13Jan2025 22:53:48.916] [main/DEBUG] [mixin/]: Registering mixin config: thirst.mixin.json
[13Jan2025 22:53:48.918] [main/DEBUG] [mixin/]: Adding mixin platform agents for container SecureJarResource(pointblank)
[13Jan2025 22:53:48.918] [main/DEBUG] [mixin/]: Instancing new MixinPlatformAgentMinecraftForge for SecureJarResource(pointblank)
[13Jan2025 22:53:48.918] [main/DEBUG] [mixin/]: MixinPlatformAgentMinecraftForge rejected container SecureJarResource(pointblank)
[13Jan2025 22:53:48.918] [main/DEBUG] [mixin/]: Instancing new MixinPlatformAgentDefault for SecureJarResource(pointblank)
[13Jan2025 22:53:48.918] [main/DEBUG] [mixin/]: MixinPlatformAgentDefault accepted container SecureJarResource(pointblank)
[13Jan2025 22:53:48.918] [main/DEBUG] [mixin/]: Processing prepare() for PlatformAgent[MixinPlatformAgentDefault:SecureJarResource(pointblank)]
[13Jan2025 22:53:48.918] [main/DEBUG] [mixin/]: Registering mixin config: pointblank.mixins.json
[13Jan2025 22:53:48.920] [main/DEBUG] [mixin/]: Registering mixin config: pointblank.mixins.compat.iris.json
[13Jan2025 22:53:48.922] [main/DEBUG] [mixin/]: Registering mixin config: pointblank.mixins.compat.iris16.json
[13Jan2025 22:53:48.924] [main/DEBUG] [mixin/]: Adding mixin platform agents for container SecureJarResource(damageindicator)
[13Jan2025 22:53:48.924] [main/DEBUG] [mixin/]: Instancing new MixinPlatformAgentMinecraftForge for SecureJarResource(damageindicator)
[13Jan2025 22:53:48.924] [main/DEBUG] [mixin/]: MixinPlatformAgentMinecraftForge rejected container SecureJarResource(damageindicator)
[13Jan2025 22:53:48.924] [main/DEBUG] [mixin/]: Instancing new MixinPlatformAgentDefault for SecureJarResource(damageindicator)
[13Jan2025 22:53:48.924] [main/DEBUG] [mixin/]: MixinPlatformAgentDefault accepted container SecureJarResource(damageindicator)
[13Jan2025 22:53:48.924] [main/DEBUG] [mixin/]: Processing prepare() for PlatformAgent[MixinPlatformAgentDefault:SecureJarResource(damageindicator)]
[13Jan2025 22:53:48.924] [main/DEBUG] [mixin/]: Adding mixin platform agents for container SecureJarResource(coroutil)
[13Jan2025 22:53:48.924] [main/DEBUG] [mixin/]: Instancing new MixinPlatformAgentMinecraftForge for SecureJarResource(coroutil)
[13Jan2025 22:53:48.924] [main/DEBUG] [mixin/]: MixinPlatformAgentMinecraftForge rejected container SecureJarResource(coroutil)
[13Jan2025 22:53:48.924] [main/DEBUG] [mixin/]: Instancing new MixinPlatformAgentDefault for SecureJarResource(coroutil)
[13Jan2025 22:53:48.924] [main/DEBUG] [mixin/]: MixinPlatformAgentDefault accepted container SecureJarResource(coroutil)
[13Jan2025 22:53:48.924] [main/DEBUG] [mixin/]: Processing prepare() for PlatformAgent[MixinPlatformAgentDefault:SecureJarResource(coroutil)]
[13Jan2025 22:53:48.924] [main/DEBUG] [mixin/]: Registering mixin config: coroutil.mixins.json
[13Jan2025 22:53:48.926] [main/DEBUG] [mixin/]: Adding mixin platform agents for container SecureJarResource(automobility)
[13Jan2025 22:53:48.926] [main/DEBUG] [mixin/]: Instancing new MixinPlatformAgentMinecraftForge for SecureJarResource(automobility)
[13Jan2025 22:53:48.926] [main/DEBUG] [mixin/]: MixinPlatformAgentMinecraftForge rejected container SecureJarResource(automobility)
[13Jan2025 22:53:48.926] [main/DEBUG] [mixin/]: Instancing new MixinPlatformAgentDefault for SecureJarResource(automobility)
[13Jan2025 22:53:48.927] [main/DEBUG] [mixin/]: MixinPlatformAgentDefault accepted container SecureJarResource(automobility)
[13Jan2025 22:53:48.927] [main/DEBUG] [mixin/]: Processing prepare() for PlatformAgent[MixinPlatformAgentDefault:SecureJarResource(automobility)]
[13Jan2025 22:53:48.927] [main/DEBUG] [mixin/]: Registering mixin config: automobility.mixins.json
[13Jan2025 22:53:48.928] [main/DEBUG] [mixin/]: Registering mixin config: automobility_forge.mixins.json
[13Jan2025 22:53:48.930] [main/DEBUG] [mixin/]: Adding mixin platform agents for container SecureJarResource(powered_flashlight)
[13Jan2025 22:53:48.930] [main/DEBUG] [mixin/]: Instancing new MixinPlatformAgentMinecraftForge for SecureJarResource(powered_flashlight)
[13Jan2025 22:53:48.930] [main/DEBUG] [mixin/]: MixinPlatformAgentMinecraftForge rejected container SecureJarResource(powered_flashlight)
[13Jan2025 22:53:48.930] [main/DEBUG] [mixin/]: Instancing new MixinPlatformAgentDefault for SecureJarResource(powered_flashlight)
[13Jan2025 22:53:48.930] [main/DEBUG] [mixin/]: MixinPlatformAgentDefault accepted container SecureJarResource(powered_flashlight)
[13Jan2025 22:53:48.930] [main/DEBUG] [mixin/]: Processing prepare() for PlatformAgent[MixinPlatformAgentDefault:SecureJarResource(powered_flashlight)]
[13Jan2025 22:53:48.930] [main/DEBUG] [mixin/]: Registering mixin config: mixins.powered_flashlight.json
[13Jan2025 22:53:48.932] [main/DEBUG] [mixin/]: Registering mixin config: mixins.powered_flashlight.forge.json
[13Jan2025 22:53:48.934] [main/DEBUG] [mixin/]: Adding mixin platform agents for container SecureJarResource(aiimprovements)
[13Jan2025 22:53:48.934] [main/DEBUG] [mixin/]: Instancing new MixinPlatformAgentMinecraftForge for SecureJarResource(aiimprovements)
[13Jan2025 22:53:48.934] [main/DEBUG] [mixin/]: MixinPlatformAgentMinecraftForge rejected container SecureJarResource(aiimprovements)
[13Jan2025 22:53:48.934] [main/DEBUG] [mixin/]: Instancing new MixinPlatformAgentDefault for SecureJarResource(aiimprovements)
[13Jan2025 22:53:48.934] [main/DEBUG] [mixin/]: MixinPlatformAgentDefault accepted container SecureJarResource(aiimprovements)
[13Jan2025 22:53:48.934] [main/DEBUG] [mixin/]: Processing prepare() for PlatformAgent[MixinPlatformAgentDefault:SecureJarResource(aiimprovements)]
[13Jan2025 22:53:48.934] [main/DEBUG] [mixin/]: Adding mixin platform agents for container SecureJarResource(refurbished_furniture)
[13Jan2025 22:53:48.934] [main/DEBUG] [mixin/]: Instancing new MixinPlatformAgentMinecraftForge for SecureJarResource(refurbished_furniture)
[13Jan2025 22:53:48.934] [main/DEBUG] [mixin/]: MixinPlatformAgentMinecraftForge rejected container SecureJarResource(refurbished_furniture)
[13Jan2025 22:53:48.934] [main/DEBUG] [mixin/]: Instancing new MixinPlatformAgentDefault for SecureJarResource(refurbished_furniture)
[13Jan2025 22:53:48.934] [main/DEBUG] [mixin/]: MixinPlatformAgentDefault accepted container SecureJarResource(refurbished_furniture)
[13Jan2025 22:53:48.934] [main/DEBUG] [mixin/]: Processing prepare() for PlatformAgent[MixinPlatformAgentDefault:SecureJarResource(refurbished_furniture)]
[13Jan2025 22:53:48.934] [main/DEBUG] [mixin/]: Registering mixin config: refurbished_furniture.common.mixins.json
[13Jan2025 22:53:48.936] [main/DEBUG] [mixin/]: Adding mixin platform agents for container SecureJarResource(puzzleslib)
[13Jan2025 22:53:48.936] [main/DEBUG] [mixin/]: Instancing new MixinPlatformAgentMinecraftForge for SecureJarResource(puzzleslib)
[13Jan2025 22:53:48.936] [main/DEBUG] [mixin/]: MixinPlatformAgentMinecraftForge rejected container SecureJarResource(puzzleslib)
[13Jan2025 22:53:48.936] [main/DEBUG] [mixin/]: Instancing new MixinPlatformAgentDefault for SecureJarResource(puzzleslib)
[13Jan2025 22:53:48.936] [main/DEBUG] [mixin/]: MixinPlatformAgentDefault accepted container SecureJarResource(puzzleslib)
[13Jan2025 22:53:48.936] [main/DEBUG] [mixin/]: Processing prepare() for PlatformAgent[MixinPlatformAgentDefault:SecureJarResource(puzzleslib)]
[13Jan2025 22:53:48.936] [main/DEBUG] [mixin/]: Registering mixin config: puzzleslib.common.mixins.json
[13Jan2025 22:53:48.938] [main/DEBUG] [mixin/]: Registering mixin config: puzzleslib.forge.mixins.json
[13Jan2025 22:53:48.940] [main/DEBUG] [mixin/]: Adding mixin platform agents for container SecureJarResource(enhancedcelestials)
[13Jan2025 22:53:48.940] [main/DEBUG] [mixin/]: Instancing new MixinPlatformAgentMinecraftForge for SecureJarResource(enhancedcelestials)
[13Jan2025 22:53:48.940] [main/DEBUG] [mixin/]: MixinPlatformAgentMinecraftForge rejected container SecureJarResource(enhancedcelestials)
[13Jan2025 22:53:48.940] [main/DEBUG] [mixin/]: Instancing new MixinPlatformAgentDefault for SecureJarResource(enhancedcelestials)
[13Jan2025 22:53:48.940] [main/DEBUG] [mixin/]: MixinPlatformAgentDefault accepted container SecureJarResource(enhancedcelestials)
[13Jan2025 22:53:48.940] [main/DEBUG] [mixin/]: Processing prepare() for PlatformAgent[MixinPlatformAgentDefault:SecureJarResource(enhancedcelestials)]
[13Jan2025 22:53:48.940] [main/DEBUG] [mixin/]: Registering mixin config: enhancedcelestials.mixins.json
[13Jan2025 22:53:48.942] [main/DEBUG] [mixin/]: Registering mixin config: enhancedcelestials_asm.mixins.json
[13Jan2025 22:53:48.943] [main/DEBUG] [mixin/]: Registering mixin config: enhancedcelestials.forge.mixins.json
[13Jan2025 22:53:48.945] [main/DEBUG] [mixin/]: Adding mixin platform agents for container SecureJarResource(corgilib)
[13Jan2025 22:53:48.945] [main/DEBUG] [mixin/]: Instancing new MixinPlatformAgentMinecraftForge for SecureJarResource(corgilib)
[13Jan2025 22:53:48.945] [main/DEBUG] [mixin/]: MixinPlatformAgentMinecraftForge rejected container SecureJarResource(corgilib)
[13Jan2025 22:53:48.945] [main/DEBUG] [mixin/]: Instancing new MixinPlatformAgentDefault for SecureJarResource(corgilib)
[13Jan2025 22:53:48.945] [main/DEBUG] [mixin/]: MixinPlatformAgentDefault accepted container SecureJarResource(corgilib)
[13Jan2025 22:53:48.945] [main/DEBUG] [mixin/]: Processing prepare() for PlatformAgent[MixinPlatformAgentDefault:SecureJarResource(corgilib)]
[13Jan2025 22:53:48.945] [main/DEBUG] [mixin/]: Registering mixin config: corgilib-common.mixins.json
[13Jan2025 22:53:48.947] [main/DEBUG] [mixin/]: Adding mixin platform agents for container SecureJarResource(enhancedai)
[13Jan2025 22:53:48.947] [main/DEBUG] [mixin/]: Instancing new MixinPlatformAgentMinecraftForge for SecureJarResource(enhancedai)
[13Jan2025 22:53:48.947] [main/DEBUG] [mixin/]: MixinPlatformAgentMinecraftForge rejected container SecureJarResource(enhancedai)
[13Jan2025 22:53:48.947] [main/DEBUG] [mixin/]: Instancing new MixinPlatformAgentDefault for SecureJarResource(enhancedai)
[13Jan2025 22:53:48.947] [main/DEBUG] [mixin/]: MixinPlatformAgentDefault accepted container SecureJarResource(enhancedai)
[13Jan2025 22:53:48.947] [main/DEBUG] [mixin/]: Processing prepare() for PlatformAgent[MixinPlatformAgentDefault:SecureJarResource(enhancedai)]
[13Jan2025 22:53:48.947] [main/DEBUG] [mixin/]: Registering mixin config: enhancedai.mixins.json
[13Jan2025 22:53:48.949] [main/DEBUG] [mixin/]: Compatibility level JAVA_8 specified by enhancedai.mixins.json is lower than the default level supported by the current mixin service (JAVA_16).
[13Jan2025 22:53:48.949] [main/DEBUG] [mixin/]: Adding mixin platform agents for container SecureJarResource(framework)
[13Jan2025 22:53:48.949] [main/DEBUG] [mixin/]: Instancing new MixinPlatformAgentMinecraftForge for SecureJarResource(framework)
[13Jan2025 22:53:48.949] [main/DEBUG] [mixin/]: MixinPlatformAgentMinecraftForge rejected container SecureJarResource(framework)
[13Jan2025 22:53:48.949] [main/DEBUG] [mixin/]: Instancing new MixinPlatformAgentDefault for SecureJarResource(framework)
[13Jan2025 22:53:48.949] [main/DEBUG] [mixin/]: MixinPlatformAgentDefault accepted container SecureJarResource(framework)
[13Jan2025 22:53:48.949] [main/DEBUG] [mixin/]: Processing prepare() for PlatformAgent[MixinPlatformAgentDefault:SecureJarResource(framework)]
[13Jan2025 22:53:48.949] [main/DEBUG] [mixin/]: Adding mixin platform agents for container SecureJarResource(createtaczauto)
[13Jan2025 22:53:48.949] [main/DEBUG] [mixin/]: Instancing new MixinPlatformAgentMinecraftForge for SecureJarResource(createtaczauto)
[13Jan2025 22:53:48.950] [main/DEBUG] [mixin/]: MixinPlatformAgentMinecraftForge rejected container SecureJarResource(createtaczauto)
[13Jan2025 22:53:48.950] [main/DEBUG] [mixin/]: Instancing new MixinPlatformAgentDefault for SecureJarResource(createtaczauto)
[13Jan2025 22:53:48.950] [main/DEBUG] [mixin/]: MixinPlatformAgentDefault accepted container SecureJarResource(createtaczauto)
[13Jan2025 22:53:48.950] [main/DEBUG] [mixin/]: Processing prepare() for PlatformAgent[MixinPlatformAgentDefault:SecureJarResource(createtaczauto)]
[13Jan2025 22:53:48.950] [main/DEBUG] [mixin/]: Adding mixin platform agents for container SecureJarResource(horde_hoard)
[13Jan2025 22:53:48.950] [main/DEBUG] [mixin/]: Instancing new MixinPlatformAgentMinecraftForge for SecureJarResource(horde_hoard)
[13Jan2025 22:53:48.950] [main/DEBUG] [mixin/]: MixinPlatformAgentMinecraftForge rejected container SecureJarResource(horde_hoard)
[13Jan2025 22:53:48.950] [main/DEBUG] [mixin/]: Instancing new MixinPlatformAgentDefault for SecureJarResource(horde_hoard)
[13Jan2025 22:53:48.950] [main/DEBUG] [mixin/]: MixinPlatformAgentDefault accepted container SecureJarResource(horde_hoard)
[13Jan2025 22:53:48.950] [main/DEBUG] [mixin/]: Processing prepare() for PlatformAgent[MixinPlatformAgentDefault:SecureJarResource(horde_hoard)]
[13Jan2025 22:53:48.950] [main/DEBUG] [mixin/]: Adding mixin platform agents for container SecureJarResource(xkdeco)
[13Jan2025 22:53:48.950] [main/DEBUG] [mixin/]: Instancing new MixinPlatformAgentMinecraftForge for SecureJarResource(xkdeco)
[13Jan2025 22:53:48.950] [main/DEBUG] [mixin/]: MixinPlatformAgentMinecraftForge rejected container SecureJarResource(xkdeco)
[13Jan2025 22:53:48.950] [main/DEBUG] [mixin/]: Instancing new MixinPlatformAgentDefault for SecureJarResource(xkdeco)
[13Jan2025 22:53:48.950] [main/DEBUG] [mixin/]: MixinPlatformAgentDefault accepted container SecureJarResource(xkdeco)
[13Jan2025 22:53:48.950] [main/DEBUG] [mixin/]: Processing prepare() for PlatformAgent[MixinPlatformAgentDefault:SecureJarResource(xkdeco)]
[13Jan2025 22:53:48.950] [main/DEBUG] [mixin/]: Registering mixin config: xkdeco.mixins.json
[13Jan2025 22:53:48.952] [main/DEBUG] [mixin/]: Compatibility level JAVA_16 specified by xkdeco.mixins.json is higher than the maximum level supported by this version of mixin (JAVA_13).
[13Jan2025 22:53:48.952] [main/DEBUG] [mixin/]: Adding mixin platform agents for container SecureJarResource(explosiveenhancement)
[13Jan2025 22:53:48.952] [main/DEBUG] [mixin/]: Instancing new MixinPlatformAgentMinecraftForge for SecureJarResource(explosiveenhancement)
[13Jan2025 22:53:48.952] [main/DEBUG] [mixin/]: MixinPlatformAgentMinecraftForge rejected container SecureJarResource(explosiveenhancement)
[13Jan2025 22:53:48.952] [main/DEBUG] [mixin/]: Instancing new MixinPlatformAgentDefault for SecureJarResource(explosiveenhancement)
[13Jan2025 22:53:48.952] [main/DEBUG] [mixin/]: MixinPlatformAgentDefault accepted container SecureJarResource(explosiveenhancement)
[13Jan2025 22:53:48.952] [main/DEBUG] [mixin/]: Processing prepare() for PlatformAgent[MixinPlatformAgentDefault:SecureJarResource(explosiveenhancement)]
[13Jan2025 22:53:48.952] [main/DEBUG] [mixin/]: Registering mixin config: explosiveenhancement.mixins.json
[13Jan2025 22:53:48.954] [main/DEBUG] [mixin/]: Adding mixin platform agents for container SecureJarResource(playerrevive)
[13Jan2025 22:53:48.954] [main/DEBUG] [mixin/]: Instancing new MixinPlatformAgentMinecraftForge for SecureJarResource(playerrevive)
[13Jan2025 22:53:48.954] [main/DEBUG] [mixin/]: MixinPlatformAgentMinecraftForge rejected container SecureJarResource(playerrevive)
[13Jan2025 22:53:48.954] [main/DEBUG] [mixin/]: Instancing new MixinPlatformAgentDefault for SecureJarResource(playerrevive)
[13Jan2025 22:53:48.954] [main/DEBUG] [mixin/]: MixinPlatformAgentDefault accepted container SecureJarResource(playerrevive)
[13Jan2025 22:53:48.954] [main/DEBUG] [mixin/]: Processing prepare() for PlatformAgent[MixinPlatformAgentDefault:SecureJarResource(playerrevive)]
[13Jan2025 22:53:48.954] [main/DEBUG] [mixin/]: Registering mixin config: playerrevive.mixins.json
[13Jan2025 22:53:48.956] [main/DEBUG] [mixin/]: Adding mixin platform agents for container SecureJarResource(presencefootsteps)
[13Jan2025 22:53:48.956] [main/DEBUG] [mixin/]: Instancing new MixinPlatformAgentMinecraftForge for SecureJarResource(presencefootsteps)
[13Jan2025 22:53:48.956] [main/DEBUG] [mixin/]: MixinPlatformAgentMinecraftForge rejected container SecureJarResource(presencefootsteps)
[13Jan2025 22:53:48.956] [main/DEBUG] [mixin/]: Instancing new MixinPlatformAgentDefault for SecureJarResource(presencefootsteps)
[13Jan2025 22:53:48.956] [main/DEBUG] [mixin/]: MixinPlatformAgentDefault accepted container SecureJarResource(presencefootsteps)
[13Jan2025 22:53:48.956] [main/DEBUG] [mixin/]: Processing prepare() for PlatformAgent[MixinPlatformAgentDefault:SecureJarResource(presencefootsteps)]
[13Jan2025 22:53:48.956] [main/DEBUG] [mixin/]: Registering mixin config: presencefootsteps.mixin.json
[13Jan2025 22:53:48.958] [main/DEBUG] [mixin/]: Adding mixin platform agents for container SecureJarResource(mclib)
[13Jan2025 22:53:48.958] [main/DEBUG] [mixin/]: Instancing new MixinPlatformAgentMinecraftForge for SecureJarResource(mclib)
[13Jan2025 22:53:48.958] [main/DEBUG] [mixin/]: MixinPlatformAgentMinecraftForge rejected container SecureJarResource(mclib)
[13Jan2025 22:53:48.958] [main/DEBUG] [mixin/]: Instancing new MixinPlatformAgentDefault for SecureJarResource(mclib)
[13Jan2025 22:53:48.958] [main/DEBUG] [mixin/]: MixinPlatformAgentDefault accepted container SecureJarResource(mclib)
[13Jan2025 22:53:48.958] [main/DEBUG] [mixin/]: Processing prepare() for PlatformAgent[MixinPlatformAgentDefault:SecureJarResource(mclib)]
[13Jan2025 22:53:48.958] [main/DEBUG] [mixin/]: Adding mixin platform agents for container SecureJarResource(Registrate.MC1._20)
[13Jan2025 22:53:48.958] [main/DEBUG] [mixin/]: Instancing new MixinPlatformAgentMinecraftForge for SecureJarResource(Registrate.MC1._20)
[13Jan2025 22:53:48.958] [main/DEBUG] [mixin/]: MixinPlatformAgentMinecraftForge rejected container SecureJarResource(Registrate.MC1._20)
[13Jan2025 22:53:48.958] [main/DEBUG] [mixin/]: Instancing new MixinPlatformAgentDefault for SecureJarResource(Registrate.MC1._20)
[13Jan2025 22:53:48.958] [main/DEBUG] [mixin/]: MixinPlatformAgentDefault accepted container SecureJarResource(Registrate.MC1._20)
[13Jan2025 22:53:48.958] [main/DEBUG] [mixin/]: Processing prepare() for PlatformAgent[MixinPlatformAgentDefault:SecureJarResource(Registrate.MC1._20)]
[13Jan2025 22:53:48.958] [main/DEBUG] [mixin/]: Adding mixin platform agents for container SecureJarResource(jcpp)
[13Jan2025 22:53:48.958] [main/DEBUG] [mixin/]: Instancing new MixinPlatformAgentMinecraftForge for SecureJarResource(jcpp)
[13Jan2025 22:53:48.959] [main/DEBUG] [mixin/]: MixinPlatformAgentMinecraftForge rejected container SecureJarResource(jcpp)
[13Jan2025 22:53:48.959] [main/DEBUG] [mixin/]: Instancing new MixinPlatformAgentDefault for SecureJarResource(jcpp)
[13Jan2025 22:53:48.959] [main/DEBUG] [mixin/]: MixinPlatformAgentDefault accepted container SecureJarResource(jcpp)
[13Jan2025 22:53:48.959] [main/DEBUG] [mixin/]: Processing prepare() for PlatformAgent[MixinPlatformAgentDefault:SecureJarResource(jcpp)]
[13Jan2025 22:53:48.959] [main/DEBUG] [mixin/]: Adding mixin platform agents for container SecureJarResource(MixinExtras)
[13Jan2025 22:53:48.959] [main/DEBUG] [mixin/]: Instancing new MixinPlatformAgentMinecraftForge for SecureJarResource(MixinExtras)
[13Jan2025 22:53:48.959] [main/DEBUG] [mixin/]: MixinPlatformAgentMinecraftForge rejected container SecureJarResource(MixinExtras)
[13Jan2025 22:53:48.959] [main/DEBUG] [mixin/]: Instancing new MixinPlatformAgentDefault for SecureJarResource(MixinExtras)
[13Jan2025 22:53:48.959] [main/DEBUG] [mixin/]: MixinPlatformAgentDefault accepted container SecureJarResource(MixinExtras)
[13Jan2025 22:53:48.959] [main/DEBUG] [mixin/]: Processing prepare() for PlatformAgent[MixinPlatformAgentDefault:SecureJarResource(MixinExtras)]
[13Jan2025 22:53:48.959] [main/DEBUG] [mixin/]: inject() running with 64 agents
[13Jan2025 22:53:48.959] [main/DEBUG] [mixin/]: Processing inject() for PlatformAgent[MixinPlatformAgentDefault:ModLauncher Root Container(ModLauncher:4f56a0a2)]
[13Jan2025 22:53:48.959] [main/DEBUG] [mixin/]: Processing inject() for PlatformAgent[MixinPlatformAgentDefault:SecureJarResource(kiwi)]
[13Jan2025 22:53:48.959] [main/DEBUG] [mixin/]: Processing inject() for PlatformAgent[MixinPlatformAgentDefault:SecureJarResource(zombiekit)]
[13Jan2025 22:53:48.959] [main/DEBUG] [mixin/]: Processing inject() for PlatformAgent[MixinPlatformAgentDefault:SecureJarResource(mutantmonsters)]
[13Jan2025 22:53:48.959] [main/DEBUG] [mixin/]: Processing inject() for PlatformAgent[MixinPlatformAgentDefault:SecureJarResource(geckolib)]
[13Jan2025 22:53:48.959] [main/DEBUG] [mixin/]: Processing inject() for PlatformAgent[MixinPlatformAgentDefault:SecureJarResource(playeranimator)]
[13Jan2025 22:53:48.960] [main/DEBUG] [mixin/]: Processing inject() for PlatformAgent[MixinPlatformAgentDefault:SecureJarResource(jei)]
[13Jan2025 22:53:48.960] [main/DEBUG] [mixin/]: Processing inject() for PlatformAgent[MixinPlatformAgentDefault:SecureJarResource(insanelib)]
[13Jan2025 22:53:48.960] [main/DEBUG] [mixin/]: Processing inject() for PlatformAgent[MixinPlatformAgentDefault:SecureJarResource(immersive_weathering)]
[13Jan2025 22:53:48.960] [main/DEBUG] [mixin/]: Processing inject() for PlatformAgent[MixinPlatformAgentDefault:SecureJarResource(zombiesmore)]
[13Jan2025 22:53:48.960] [main/DEBUG] [mixin/]: Processing inject() for PlatformAgent[MixinPlatformAgentDefault:SecureJarResource(enhancedvisuals)]
[13Jan2025 22:53:48.960] [main/DEBUG] [mixin/]: Processing inject() for PlatformAgent[MixinPlatformAgentDefault:SecureJarResource(zombieawareness)]
[13Jan2025 22:53:48.960] [main/DEBUG] [mixin/]: Processing inject() for PlatformAgent[MixinPlatformAgentDefault:SecureJarResource(mixinextras)]
[13Jan2025 22:53:48.960] [main/DEBUG] [mixin/]: Processing inject() for PlatformAgent[MixinPlatformAgentDefault:SecureJarResource(design_decor)]
[13Jan2025 22:53:48.960] [main/DEBUG] [mixin/]: Processing inject() for PlatformAgent[MixinPlatformAgentDefault:SecureJarResource(wegotrunnners)]
[13Jan2025 22:53:48.960] [main/DEBUG] [mixin/]: Processing inject() for PlatformAgent[MixinPlatformAgentDefault:SecureJarResource(puzzlesaccessapi)]
[13Jan2025 22:53:48.960] [main/DEBUG] [mixin/]: Processing inject() for PlatformAgent[MixinPlatformAgentDefault:SecureJarResource(firstaid)]
[13Jan2025 22:53:48.960] [main/DEBUG] [mixin/]: Processing inject() for PlatformAgent[MixinPlatformAgentDefault:SecureJarResource(forge)]
[13Jan2025 22:53:48.960] [main/DEBUG] [mixin/]: Processing inject() for PlatformAgent[MixinPlatformAgentDefault:SecureJarResource(pfm)]
[13Jan2025 22:53:48.960] [main/DEBUG] [mixin/]: Processing inject() for PlatformAgent[MixinPlatformAgentDefault:SecureJarResource(sona)]
[13Jan2025 22:53:48.960] [main/DEBUG] [mixin/]: Processing inject() for PlatformAgent[MixinPlatformAgentDefault:SecureJarResource(embeddium)]
[13Jan2025 22:53:48.960] [main/DEBUG] [mixin/]: Processing inject() for PlatformAgent[MixinPlatformAgentDefault:SecureJarResource(minecraft)]
[13Jan2025 22:53:48.960] [main/DEBUG] [mixin/]: Processing inject() for PlatformAgent[MixinPlatformAgentDefault:SecureJarResource(zombie_extreme)]
[13Jan2025 22:53:48.960] [main/DEBUG] [mixin/]: Processing inject() for PlatformAgent[MixinPlatformAgentDefault:SecureJarResource(horror_element_mod)]
[13Jan2025 22:53:48.960] [main/DEBUG] [mixin/]: Processing inject() for PlatformAgent[MixinPlatformAgentDefault:SecureJarResource(farmersdelight)]
[13Jan2025 22:53:48.960] [main/DEBUG] [mixin/]: Processing inject() for PlatformAgent[MixinPlatformAgentDefault:SecureJarResource(voicechat)]
[13Jan2025 22:53:48.961] [main/DEBUG] [mixin/]: Processing inject() for PlatformAgent[MixinPlatformAgentDefault:SecureJarResource(sound_physics_remastered)]
[13Jan2025 22:53:48.961] [main/DEBUG] [mixin/]: Processing inject() for PlatformAgent[MixinPlatformAgentDefault:SecureJarResource(moonlight)]
[13Jan2025 22:53:48.961] [main/DEBUG] [mixin/]: Processing inject() for PlatformAgent[MixinPlatformAgentDefault:SecureJarResource(extragore)]
[13Jan2025 22:53:48.961] [main/DEBUG] [mixin/]: Processing inject() for PlatformAgent[MixinPlatformAgentDefault:SecureJarResource(ambientsounds)]
[13Jan2025 22:53:48.961] [main/DEBUG] [mixin/]: Processing inject() for PlatformAgent[MixinPlatformAgentDefault:SecureJarResource(projectvibrantjourneys)]
[13Jan2025 22:53:48.961] [main/DEBUG] [mixin/]: Processing inject() for PlatformAgent[MixinPlatformAgentDefault:SecureJarResource(jade)]
[13Jan2025 22:53:48.961] [main/DEBUG] [mixin/]: Processing inject() for PlatformAgent[MixinPlatformAgentDefault:SecureJarResource(lrarmor)]
[13Jan2025 22:53:48.961] [main/DEBUG] [mixin/]: Processing inject() for PlatformAgent[MixinPlatformAgentDefault:SecureJarResource(creativecore)]
[13Jan2025 22:53:48.961] [main/DEBUG] [mixin/]: Processing inject() for PlatformAgent[MixinPlatformAgentDefault:SecureJarResource(zombie_island)]
[13Jan2025 22:53:48.961] [main/DEBUG] [mixin/]: Processing inject() for PlatformAgent[MixinPlatformAgentDefault:SecureJarResource(extinction)]
[13Jan2025 22:53:48.961] [main/DEBUG] [mixin/]: Processing inject() for PlatformAgent[MixinPlatformAgentDefault:SecureJarResource(curios)]
[13Jan2025 22:53:48.961] [main/DEBUG] [mixin/]: Processing inject() for PlatformAgent[MixinPlatformAgentDefault:SecureJarResource(flywheel)]
[13Jan2025 22:53:48.961] [main/DEBUG] [mixin/]: Processing inject() for PlatformAgent[MixinPlatformAgentDefault:SecureJarResource(create)]
[13Jan2025 22:53:48.961] [main/DEBUG] [mixin/]: Processing inject() for PlatformAgent[MixinPlatformAgentDefault:SecureJarResource(oculus)]
[13Jan2025 22:53:48.961] [main/DEBUG] [mixin/]: Processing inject() for PlatformAgent[MixinPlatformAgentDefault:SecureJarResource(securitycraft)]
[13Jan2025 22:53:48.961] [main/DEBUG] [mixin/]: Processing inject() for PlatformAgent[MixinPlatformAgentDefault:SecureJarResource(thirst)]
[13Jan2025 22:53:48.961] [main/DEBUG] [mixin/]: Processing inject() for PlatformAgent[MixinPlatformAgentDefault:SecureJarResource(pointblank)]
[13Jan2025 22:53:48.961] [main/DEBUG] [mixin/]: Processing inject() for PlatformAgent[MixinPlatformAgentDefault:SecureJarResource(damageindicator)]
[13Jan2025 22:53:48.961] [main/DEBUG] [mixin/]: Processing inject() for PlatformAgent[MixinPlatformAgentDefault:SecureJarResource(coroutil)]
[13Jan2025 22:53:48.962] [main/DEBUG] [mixin/]: Processing inject() for PlatformAgent[MixinPlatformAgentDefault:SecureJarResource(automobility)]
[13Jan2025 22:53:48.962] [main/DEBUG] [mixin/]: Processing inject() for PlatformAgent[MixinPlatformAgentDefault:SecureJarResource(powered_flashlight)]
[13Jan2025 22:53:48.962] [main/DEBUG] [mixin/]: Processing inject() for PlatformAgent[MixinPlatformAgentDefault:SecureJarResource(aiimprovements)]
[13Jan2025 22:53:48.962] [main/DEBUG] [mixin/]: Processing inject() for PlatformAgent[MixinPlatformAgentDefault:SecureJarResource(refurbished_furniture)]
[13Jan2025 22:53:48.962] [main/DEBUG] [mixin/]: Processing inject() for PlatformAgent[MixinPlatformAgentDefault:SecureJarResource(puzzleslib)]
[13Jan2025 22:53:48.962] [main/DEBUG] [mixin/]: Processing inject() for PlatformAgent[MixinPlatformAgentDefault:SecureJarResource(enhancedcelestials)]
[13Jan2025 22:53:48.962] [main/DEBUG] [mixin/]: Processing inject() for PlatformAgent[MixinPlatformAgentDefault:SecureJarResource(corgilib)]
[13Jan2025 22:53:48.962] [main/DEBUG] [mixin/]: Processing inject() for PlatformAgent[MixinPlatformAgentDefault:SecureJarResource(enhancedai)]
[13Jan2025 22:53:48.962] [main/DEBUG] [mixin/]: Processing inject() for PlatformAgent[MixinPlatformAgentDefault:SecureJarResource(framework)]
[13Jan2025 22:53:48.962] [main/DEBUG] [mixin/]: Processing inject() for PlatformAgent[MixinPlatformAgentDefault:SecureJarResource(createtaczauto)]
[13Jan2025 22:53:48.962] [main/DEBUG] [mixin/]: Processing inject() for PlatformAgent[MixinPlatformAgentDefault:SecureJarResource(horde_hoard)]
[13Jan2025 22:53:48.962] [main/DEBUG] [mixin/]: Processing inject() for PlatformAgent[MixinPlatformAgentDefault:SecureJarResource(xkdeco)]
[13Jan2025 22:53:48.962] [main/DEBUG] [mixin/]: Processing inject() for PlatformAgent[MixinPlatformAgentDefault:SecureJarResource(explosiveenhancement)]
[13Jan2025 22:53:48.962] [main/DEBUG] [mixin/]: Processing inject() for PlatformAgent[MixinPlatformAgentDefault:SecureJarResource(playerrevive)]
[13Jan2025 22:53:48.962] [main/DEBUG] [mixin/]: Processing inject() for PlatformAgent[MixinPlatformAgentDefault:SecureJarResource(presencefootsteps)]
[13Jan2025 22:53:48.962] [main/DEBUG] [mixin/]: Processing inject() for PlatformAgent[MixinPlatformAgentDefault:SecureJarResource(mclib)]
[13Jan2025 22:53:48.962] [main/DEBUG] [mixin/]: Processing inject() for PlatformAgent[MixinPlatformAgentDefault:SecureJarResource(Registrate.MC1._20)]
[13Jan2025 22:53:48.962] [main/DEBUG] [mixin/]: Processing inject() for PlatformAgent[MixinPlatformAgentDefault:SecureJarResource(jcpp)]
[13Jan2025 22:53:48.962] [main/DEBUG] [mixin/]: Processing inject() for PlatformAgent[MixinPlatformAgentDefault:SecureJarResource(MixinExtras)]
[13Jan2025 22:53:48.963] [main/DEBUG] [mixin/]: Checking for additional mixins for MixinEnvironment[PREINIT]
[13Jan2025 22:53:48.964] [main/INFO] [mixin/]: Successfully loaded Mixin Connector [com.sonicether.soundphysics.MixinConnector]
[13Jan2025 22:53:48.966] [main/INFO] [cpw.mods.modlauncher.LaunchServiceHandler/MODLAUNCHER]: Launching target 'forgeserver' with arguments [nogui]
[13Jan2025 22:53:48.968] [main/DEBUG] [mixin/]: Preparing mixins for MixinEnvironment[DEFAULT]
[13Jan2025 22:53:48.968] [main/DEBUG] [mixin/]: Selecting config kiwi.mixins.json
[13Jan2025 22:53:48.975] [main/DEBUG] [mixin/]: Selecting config zombiekit.mixins.json
[13Jan2025 22:53:48.977] [main/DEBUG] [mixin/]: Selecting config mutantmonsters.common.mixins.json
[13Jan2025 22:53:48.980] [main/DEBUG] [mixin/]: Selecting config geckolib.mixins.json
[13Jan2025 22:53:48.982] [main/DEBUG] [mixin/]: Selecting config playerAnimator-common.mixins.json
[13Jan2025 22:53:48.985] [main/DEBUG] [mixin/]: Selecting config insanelib.mixins.json
[13Jan2025 22:53:48.987] [main/DEBUG] [mixin/]: Selecting config immersive_weathering-common.mixins.json
[13Jan2025 22:53:48.989] [main/DEBUG] [mixin/]: Selecting config immersive_weathering.mixins.json
[13Jan2025 22:53:48.991] [main/DEBUG] [mixin/]: Selecting config enhancedvisuals.mixins.json
[13Jan2025 22:53:48.993] [main/DEBUG] [mixin/]: Selecting config zombieawareness.mixins.json
[13Jan2025 22:53:48.994] [main/DEBUG] [mixin/]: Selecting config mixinextras.init.mixins.json
[13Jan2025 22:53:49.028] [main/DEBUG] [MixinExtras|Service/]: com.llamalad7.mixinextras.service.MixinExtrasServiceImpl(version=0.3.6) is taking over from null
[13Jan2025 22:53:49.056] [main/DEBUG] [mixin/]: Registering new injector for @Inject with org.spongepowered.asm.mixin.injection.struct.CallbackInjectionInfo
[13Jan2025 22:53:49.057] [main/DEBUG] [mixin/]: Registering new injector for @ModifyArg with org.spongepowered.asm.mixin.injection.struct.ModifyArgInjectionInfo
[13Jan2025 22:53:49.058] [main/DEBUG] [mixin/]: Registering new injector for @ModifyArgs with org.spongepowered.asm.mixin.injection.struct.ModifyArgsInjectionInfo
[13Jan2025 22:53:49.060] [main/DEBUG] [mixin/]: Registering new injector for @Redirect with org.spongepowered.asm.mixin.injection.struct.RedirectInjectionInfo
[13Jan2025 22:53:49.061] [main/DEBUG] [mixin/]: Registering new injector for @ModifyVariable with org.spongepowered.asm.mixin.injection.struct.ModifyVariableInjectionInfo
[13Jan2025 22:53:49.062] [main/DEBUG] [mixin/]: Registering new injector for @ModifyConstant with org.spongepowered.asm.mixin.injection.struct.ModifyConstantInjectionInfo
[13Jan2025 22:53:49.077] [main/DEBUG] [mixin/]: Selecting config design_decor.mixins.json
[13Jan2025 22:53:49.080] [main/WARN] [mixin/]: Reference map 'tfmg.refmap.json' for design_decor.mixins.json could not be read. If this is a development environment you can ignore this message
[13Jan2025 22:53:49.080] [main/DEBUG] [mixin/]: Selecting config pfm-common.mixins.json
[13Jan2025 22:53:49.082] [main/DEBUG] [mixin/]: Selecting config pfm.mixins.json
[13Jan2025 22:53:49.084] [main/DEBUG] [mixin/]: Selecting config sona.mixins.json
[13Jan2025 22:53:49.086] [main/DEBUG] [mixin/]: Selecting config embeddium.mixins.json
[13Jan2025 22:53:49.096] [main/INFO] [Embeddium/]: Loaded configuration file for Embeddium: 104 options available, 3 override(s) found
[13Jan2025 22:53:49.103] [main/DEBUG] [mixin/]: Selecting config farmersdelight.mixins.json
[13Jan2025 22:53:49.105] [main/DEBUG] [mixin/]: Selecting config moonlight-common.mixins.json
[13Jan2025 22:53:49.110] [main/DEBUG] [mixin/]: Selecting config moonlight.mixins.json
[13Jan2025 22:53:49.112] [main/DEBUG] [mixin/]: Selecting config ambientsounds.mixins.json
[13Jan2025 22:53:49.113] [main/DEBUG] [mixin/]: Selecting config projectvibrantjourneys.mixins.json
[13Jan2025 22:53:49.115] [main/DEBUG] [mixin/]: Selecting config jade.mixins.json
[13Jan2025 22:53:49.117] [main/DEBUG] [mixin/]: Selecting config lrarmor.mixins.json
[13Jan2025 22:53:49.118] [main/DEBUG] [mixin/]: Selecting config creativecore.mixins.json
[13Jan2025 22:53:49.120] [main/DEBUG] [mixin/]: Selecting config creativecore.forge.mixins.json
[13Jan2025 22:53:49.122] [main/DEBUG] [mixin/]: Selecting config curios.mixins.json
[13Jan2025 22:53:49.124] [main/DEBUG] [mixin/]: Selecting config flywheel.mixins.json
[13Jan2025 22:53:49.126] [main/DEBUG] [mixin/]: Selecting config create.mixins.json
[13Jan2025 22:53:49.128] [main/DEBUG] [mixin/]: Selecting config mixins.oculus.json
[13Jan2025 22:53:49.133] [main/DEBUG] [mixin/]: Selecting config mixins.oculus.fantastic.json
[13Jan2025 22:53:49.137] [main/DEBUG] [mixin/]: Selecting config mixins.oculus.vertexformat.json
[13Jan2025 22:53:49.141] [main/DEBUG] [mixin/]: Selecting config mixins.oculus.bettermipmaps.json
[13Jan2025 22:53:49.145] [main/DEBUG] [mixin/]: Selecting config mixins.oculus.fixes.maxfpscrash.json
[13Jan2025 22:53:49.148] [main/DEBUG] [mixin/]: Selecting config oculus-batched-entity-rendering.mixins.json
[13Jan2025 22:53:49.152] [main/DEBUG] [mixin/]: Selecting config mixins.oculus.compat.sodium.json
[13Jan2025 22:53:49.155] [main/DEBUG] [mixin/]: Selecting config mixins.oculus.compat.indigo.json
[13Jan2025 22:53:49.160] [main/DEBUG] [mixin/]: Selecting config mixins.oculus.compat.indium.json
[13Jan2025 22:53:49.165] [main/DEBUG] [mixin/]: Selecting config mixins.oculus.compat.dh.json
[13Jan2025 22:53:49.169] [main/DEBUG] [mixin/]: Selecting config mixins.oculus.compat.pixelmon.json
[13Jan2025 22:53:49.175] [main/DEBUG] [mixin/]: Selecting config securitycraft.mixins.json
[13Jan2025 22:53:49.177] [main/DEBUG] [mixin/]: Selecting config thirst.mixin.json
[13Jan2025 22:53:49.179] [main/DEBUG] [mixin/]: Selecting config pointblank.mixins.json
[13Jan2025 22:53:49.181] [main/DEBUG] [mixin/]: Selecting config pointblank.mixins.compat.iris.json
[13Jan2025 22:53:49.184] [main/DEBUG] [mixin/]: Selecting config pointblank.mixins.compat.iris16.json
[13Jan2025 22:53:49.188] [main/DEBUG] [mixin/]: Selecting config coroutil.mixins.json
[13Jan2025 22:53:49.190] [main/WARN] [mixin/]: Reference map 'coroutil.refmap.json' for coroutil.mixins.json could not be read. If this is a development environment you can ignore this message
[13Jan2025 22:53:49.190] [main/DEBUG] [mixin/]: Selecting config automobility.mixins.json
[13Jan2025 22:53:49.192] [main/DEBUG] [mixin/]: Selecting config automobility_forge.mixins.json
[13Jan2025 22:53:49.194] [main/DEBUG] [mixin/]: Selecting config mixins.powered_flashlight.json
[13Jan2025 22:53:49.197] [main/DEBUG] [mixin/]: Selecting config mixins.powered_flashlight.forge.json
[13Jan2025 22:53:49.199] [main/DEBUG] [mixin/]: Selecting config refurbished_furniture.common.mixins.json
[13Jan2025 22:53:49.201] [main/DEBUG] [mixin/]: Selecting config puzzleslib.common.mixins.json
[13Jan2025 22:53:49.224] [main/INFO] [Puzzles Lib/]: Loading 59 mods:
	- aiimprovements 0.5.2
	- ambientsounds 6.1.1
	- automobility 0.4.2+1.20.1-forge
	- corgilib 4.0.3.3
	- coroutil 1.20.1-1.3.7
	- create 0.5.1.i
		\-- flywheel 0.6.11-13
	- createtaczauto 1.1.2
	- creativecore 2.12.17
	- curios 5.10.0+1.20.1
	- damageindicator 2.0.0-1.20.1
	- design_decor 0.4.0b
	- embeddium 0.3.31+mc1.20.1
		\-- rubidium 0.7.1
	- enhancedai 2.5.2
	- enhancedcelestials 1.20.1-5.0.2.3
	- enhancedvisuals 1.8.1
	- explosiveenhancement 1.0.1-tacz
	- extinction 1.1.0
	- extragore 5.2.3.1
	- farmersdelight 1.20.1-1.2.4
	- firstaid 1.20.1-1.1
	- forge 47.3.7
	- framework 0.7.8
	- geckolib 4.4.9
	- horde_hoard 1.1.0
	- horror_element_mod 1.6.0
	- immersive_weathering 1.20.1-2.0.3
	- insanelib 1.16.1
	- jade 11.11.1+forge
	- jei 15.20.0.104
	- lrarmor 0.1.4.3
	- minecraft 1.20.1
	- moonlight 1.20-2.13.7
		\-- mixinextras 0.3.6
	- mutantmonsters 8.0.7
	- oculus 1.8.0
	- pfm 1.2.1
	- playeranimator 1.0.2-rc1+1.20
	- playerrevive 2.0.31
	- pointblank 1.7.6
	- powered_flashlight 1.0.0
	- presencefootsteps 1.20.1-1.9.1-beta.1
	- projectvibrantjourneys 1.20.1-6.0.4
	- puzzleslib 8.1.24
		\-- puzzlesaccessapi 8.0.7
	- refurbished_furniture 1.0.6
	- securitycraft 1.9.11
	- sona 1.0.3
	- sound_physics_remastered 1.20.1-1.4.5
	- thirst 1.20.1-1.3.9
	- voicechat 1.20.1-2.5.24
	- wegotrunnners 1.0.0
	- xkdeco 0.8.2+forge
		\-- kiwi 11.8.20+forge
	- zombie_extreme 0.2.6
	- zombie_island 0.1.2
	- zombieawareness 1.20.1-1.13.1
	- zombiekit 2.0.1
	- zombiesmore 2.0.0
[13Jan2025 22:53:49.241] [main/DEBUG] [mixin/]: Selecting config puzzleslib.forge.mixins.json
[13Jan2025 22:53:49.243] [main/DEBUG] [mixin/]: Selecting config enhancedcelestials.mixins.json
[13Jan2025 22:53:49.244] [main/DEBUG] [mixin/]: Selecting config enhancedcelestials_asm.mixins.json
[13Jan2025 22:53:49.246] [main/DEBUG] [mixin/]: Selecting config enhancedcelestials.forge.mixins.json
[13Jan2025 22:53:49.247] [main/DEBUG] [mixin/]: Selecting config corgilib-common.mixins.json
[13Jan2025 22:53:49.247] [main/DEBUG] [mixin/]: Selecting config enhancedai.mixins.json
[13Jan2025 22:53:49.248] [main/DEBUG] [mixin/]: Selecting config xkdeco.mixins.json
[13Jan2025 22:53:49.250] [main/DEBUG] [mixin/]: Selecting config explosiveenhancement.mixins.json
[13Jan2025 22:53:49.251] [main/DEBUG] [mixin/]: Selecting config playerrevive.mixins.json
[13Jan2025 22:53:49.251] [main/DEBUG] [mixin/]: Selecting config presencefootsteps.mixin.json
[13Jan2025 22:53:49.253] [main/DEBUG] [mixin/]: Selecting config sound_physics_remastered.mixins.json
[13Jan2025 22:53:49.254] [main/DEBUG] [mixin/]: Preparing kiwi.mixins.json (42)
[13Jan2025 22:53:49.327] [main/DEBUG] [net.minecraftforge.coremod.transformer.CoreModBaseTransformer/COREMOD]: Transforming net/minecraft/world/entity/npc/Villager
[13Jan2025 22:53:49.697] [main/DEBUG] [mixin/]: Preparing zombiekit.mixins.json (2)
[13Jan2025 22:53:49.699] [main/DEBUG] [mixin/]: Preparing mutantmonsters.common.mixins.json (2)
[13Jan2025 22:53:49.703] [main/DEBUG] [mixin/]: Preparing geckolib.mixins.json (1)
[13Jan2025 22:53:49.703] [main/DEBUG] [mixin/]: Preparing playerAnimator-common.mixins.json (14)
[13Jan2025 22:53:49.703] [main/DEBUG] [mixin/]: Preparing insanelib.mixins.json (7)
[13Jan2025 22:53:49.713] [main/DEBUG] [net.minecraftforge.coremod.transformer.CoreModBaseTransformer/COREMOD]: Transforming net/minecraft/world/item/ItemStack
[13Jan2025 22:53:49.773] [main/DEBUG] [mixin/]: Preparing immersive_weathering-common.mixins.json (26)
[13Jan2025 22:53:49.844] [main/DEBUG] [net.minecraftforge.coremod.transformer.CoreModBaseTransformer/COREMOD]: Transforming net/minecraft/world/level/block/LiquidBlock
[13Jan2025 22:53:49.880] [main/DEBUG] [net.minecraftforge.coremod.transformer.CoreModBaseTransformer/COREMOD]: Transforming net/minecraft/world/level/biome/Biome
[13Jan2025 22:53:49.889] [main/DEBUG] [mixin/]: Preparing immersive_weathering.mixins.json (5)
[13Jan2025 22:53:49.896] [main/DEBUG] [mixin/]: Preparing enhancedvisuals.mixins.json (10)
[13Jan2025 22:53:49.907] [main/DEBUG] [mixin/]: Preparing zombieawareness.mixins.json (4)
[13Jan2025 22:53:49.913] [main/DEBUG] [mixin/]: Preparing mixinextras.init.mixins.json (0)
[13Jan2025 22:53:49.914] [main/DEBUG] [mixin/]: Preparing design_decor.mixins.json (0)
[13Jan2025 22:53:49.914] [main/DEBUG] [mixin/]: Preparing pfm-common.mixins.json (12)
[13Jan2025 22:53:49.934] [main/DEBUG] [mixin/]: Preparing pfm.mixins.json (9)
[13Jan2025 22:53:49.957] [main/DEBUG] [mixin/]: Preparing sona.mixins.json (21)
[13Jan2025 22:53:50.002] [main/DEBUG] [mixin/]: Preparing embeddium.mixins.json (0)
[13Jan2025 22:53:50.002] [main/DEBUG] [mixin/]: Preparing farmersdelight.mixins.json (9)
[13Jan2025 22:53:50.015] [main/DEBUG] [mixin/]: Preparing moonlight-common.mixins.json (33)
[13Jan2025 22:53:50.082] [main/DEBUG] [mixin/]: Preparing moonlight.mixins.json (10)
[13Jan2025 22:53:50.091] [main/DEBUG] [mixin/]: Preparing ambientsounds.mixins.json (2)
[13Jan2025 22:53:50.091] [main/DEBUG] [mixin/]: Preparing projectvibrantjourneys.mixins.json (1)
[13Jan2025 22:53:50.094] [main/DEBUG] [mixin/]: Preparing jade.mixins.json (3)
[13Jan2025 22:53:50.094] [main/DEBUG] [mixin/]: Preparing lrarmor.mixins.json (1)
[13Jan2025 22:53:50.094] [main/DEBUG] [mixin/]: Preparing creativecore.mixins.json (8)
[13Jan2025 22:53:50.108] [main/DEBUG] [mixin/]: Preparing creativecore.forge.mixins.json (3)
[13Jan2025 22:53:50.110] [main/DEBUG] [mixin/]: Preparing curios.mixins.json (13)
[13Jan2025 22:53:50.129] [main/DEBUG] [mixin/]: Preparing flywheel.mixins.json (23)
[13Jan2025 22:53:50.129] [main/DEBUG] [mixin/]: Preparing mixins.oculus.json (88)
[13Jan2025 22:53:50.129] [main/DEBUG] [mixin/]: Preparing mixins.oculus.fantastic.json (5)
[13Jan2025 22:53:50.129] [main/DEBUG] [mixin/]: Preparing mixins.oculus.vertexformat.json (8)
[13Jan2025 22:53:50.129] [main/DEBUG] [mixin/]: Preparing mixins.oculus.bettermipmaps.json (0)
[13Jan2025 22:53:50.129] [main/DEBUG] [mixin/]: Preparing mixins.oculus.fixes.maxfpscrash.json (1)
[13Jan2025 22:53:50.129] [main/DEBUG] [mixin/]: Preparing oculus-batched-entity-rendering.mixins.json (17)
[13Jan2025 22:53:50.129] [main/DEBUG] [mixin/]: Preparing mixins.oculus.compat.sodium.json (49)
[13Jan2025 22:53:50.129] [main/DEBUG] [mixin/]: Preparing mixins.oculus.compat.indigo.json (1)
[13Jan2025 22:53:50.129] [main/DEBUG] [mixin/]: Preparing mixins.oculus.compat.indium.json (1)
[13Jan2025 22:53:50.129] [main/DEBUG] [mixin/]: Preparing mixins.oculus.compat.dh.json (4)
[13Jan2025 22:53:50.131] [main/DEBUG] [mixin/]: Preparing mixins.oculus.compat.pixelmon.json (1)
[13Jan2025 22:53:50.132] [main/DEBUG] [mixin/]: Preparing securitycraft.mixins.json (19)
[13Jan2025 22:53:50.184] [main/DEBUG] [mixin/]: Preparing thirst.mixin.json (29)
[13Jan2025 22:53:50.203] [main/DEBUG] [net.minecraftforge.coremod.transformer.CoreModBaseTransformer/COREMOD]: Transforming net/minecraft/world/item/BucketItem
[13Jan2025 22:53:50.223] [main/WARN] [mixin/]: Error loading class: umpaz/brewinandchewin/common/block/entity/KegBlockEntity (java.lang.ClassNotFoundException: umpaz.brewinandchewin.common.block.entity.KegBlockEntity)
[13Jan2025 22:53:50.224] [main/WARN] [mixin/]: @Mixin target umpaz.brewinandchewin.common.block.entity.KegBlockEntity was not found thirst.mixin.json:accessors.brewinandchewin.KegBlockEntityAccessor
[13Jan2025 22:53:50.227] [main/WARN] [mixin/]: Error loading class: umpaz/brewinandchewin/common/block/entity/KegBlockEntity (java.lang.ClassNotFoundException: umpaz.brewinandchewin.common.block.entity.KegBlockEntity)
[13Jan2025 22:53:50.227] [main/WARN] [mixin/]: @Mixin target umpaz.brewinandchewin.common.block.entity.KegBlockEntity was not found thirst.mixin.json:brewinandchewin.MixinKegBlockEntity
[13Jan2025 22:53:50.240] [main/WARN] [mixin/]: Error loading class: umpaz/farmersrespite/common/block/entity/KettleBlockEntity (java.lang.ClassNotFoundException: umpaz.farmersrespite.common.block.entity.KettleBlockEntity)
[13Jan2025 22:53:50.240] [main/WARN] [mixin/]: @Mixin target umpaz.farmersrespite.common.block.entity.KettleBlockEntity was not found thirst.mixin.json:farmersrespite.MixinKettleBlockEntity
[13Jan2025 22:53:50.243] [main/WARN] [mixin/]: Error loading class: toughasnails/item/EmptyCanteenItem (java.lang.ClassNotFoundException: toughasnails.item.EmptyCanteenItem)
[13Jan2025 22:53:50.243] [main/WARN] [mixin/]: @Mixin target toughasnails.item.EmptyCanteenItem was not found thirst.mixin.json:toughasnails.MixinEmptyCanteenItem
[13Jan2025 22:53:50.245] [main/WARN] [mixin/]: Error loading class: toughasnails/config/ServerConfig (java.lang.ClassNotFoundException: toughasnails.config.ServerConfig)
[13Jan2025 22:53:50.246] [main/WARN] [mixin/]: @Mixin target toughasnails.config.ServerConfig was not found thirst.mixin.json:toughasnails.MixinServerConfig
[13Jan2025 22:53:50.248] [main/WARN] [mixin/]: Error loading class: toughasnails/thirst/ThirstHandler (java.lang.ClassNotFoundException: toughasnails.thirst.ThirstHandler)
[13Jan2025 22:53:50.248] [main/WARN] [mixin/]: @Mixin target toughasnails.thirst.ThirstHandler was not found thirst.mixin.json:toughasnails.MixinThirstHandler
[13Jan2025 22:53:50.250] [main/WARN] [mixin/]: Error loading class: toughasnails/thirst/ThirstHelperImpl (java.lang.ClassNotFoundException: toughasnails.thirst.ThirstHelperImpl)
[13Jan2025 22:53:50.250] [main/WARN] [mixin/]: @Mixin target toughasnails.thirst.ThirstHelperImpl was not found thirst.mixin.json:toughasnails.MixinThirstHelperImpl
[13Jan2025 22:53:50.252] [main/WARN] [mixin/]: Error loading class: toughasnails/client/handler/TooltipHandler (java.lang.ClassNotFoundException: toughasnails.client.handler.TooltipHandler)
[13Jan2025 22:53:50.252] [main/WARN] [mixin/]: @Mixin target toughasnails.client.handler.TooltipHandler was not found thirst.mixin.json:toughasnails.MixinTooltipHandler
[13Jan2025 22:53:50.253] [main/DEBUG] [mixin/]: Preparing pointblank.mixins.json (11)
[13Jan2025 22:53:50.256] [main/DEBUG] [mixin/]: Preparing pointblank.mixins.compat.iris.json (6)
[13Jan2025 22:53:50.256] [main/DEBUG] [mixin/]: Preparing pointblank.mixins.compat.iris16.json (1)
[13Jan2025 22:53:50.256] [main/DEBUG] [mixin/]: Preparing coroutil.mixins.json (0)
[13Jan2025 22:53:50.256] [main/DEBUG] [mixin/]: Preparing automobility.mixins.json (10)
[13Jan2025 22:53:50.279] [main/DEBUG] [mixin/]: Preparing automobility_forge.mixins.json (9)
[13Jan2025 22:53:50.280] [main/DEBUG] [mixin/]: Preparing mixins.powered_flashlight.json (0)
[13Jan2025 22:53:50.280] [main/DEBUG] [mixin/]: Preparing mixins.powered_flashlight.forge.json (0)
[13Jan2025 22:53:50.280] [main/DEBUG] [mixin/]: Preparing refurbished_furniture.common.mixins.json (12)
[13Jan2025 22:53:50.294] [main/DEBUG] [mixin/]: Preparing puzzleslib.common.mixins.json (3)
[13Jan2025 22:53:50.295] [main/DEBUG] [mixin/]: Preparing puzzleslib.forge.mixins.json (13)
[13Jan2025 22:53:50.311] [main/DEBUG] [mixin/]: Preparing enhancedcelestials.mixins.json (27)
[13Jan2025 22:53:50.329] [main/DEBUG] [net.minecraftforge.coremod.transformer.CoreModBaseTransformer/COREMOD]: Transforming net/minecraft/world/level/NaturalSpawner
[13Jan2025 22:53:50.444] [main/DEBUG] [net.minecraftforge.coremod.transformer.CoreModBaseTransformer/COREMOD]: Transforming net/minecraft/world/effect/MobEffectInstance
[13Jan2025 22:53:50.460] [main/DEBUG] [mixin/]: Preparing enhancedcelestials_asm.mixins.json (1)
[13Jan2025 22:53:50.461] [main/DEBUG] [mixin/]: Preparing enhancedcelestials.forge.mixins.json (1)
[13Jan2025 22:53:50.462] [main/DEBUG] [mixin/]: Preparing corgilib-common.mixins.json (8)
[13Jan2025 22:53:50.475] [main/DEBUG] [mixin/]: Preparing enhancedai.mixins.json (16)
[13Jan2025 22:53:50.511] [main/DEBUG] [mixin/]: Preparing xkdeco.mixins.json (7)
[13Jan2025 22:53:50.517] [main/DEBUG] [mixin/]: Preparing explosiveenhancement.mixins.json (2)
[13Jan2025 22:53:50.518] [main/DEBUG] [mixin/]: Preparing playerrevive.mixins.json (5)
[13Jan2025 22:53:50.521] [main/DEBUG] [mixin/]: Preparing presencefootsteps.mixin.json (5)
[13Jan2025 22:53:50.521] [main/DEBUG] [mixin/]: Preparing sound_physics_remastered.mixins.json (11)
[13Jan2025 22:53:50.523] [main/DEBUG] [mixin/]: Preparing create.mixins.json (36)
[13Jan2025 22:53:50.653] [main/DEBUG] [mixin/]: Prepared 295 mixins in 1.685 sec (5.7ms avg) (0ms load, 0ms transform, 0ms plugin)
[13Jan2025 22:53:50.658] [main/INFO] [MixinExtras|Service/]: Initializing MixinExtras via com.llamalad7.mixinextras.service.MixinExtrasServiceImpl(version=0.3.6).
[13Jan2025 22:53:50.659] [main/DEBUG] [mixin/]: Registering new injector for @SugarWrapper with com.llamalad7.mixinextras.sugar.impl.SugarWrapperInjectionInfo
[13Jan2025 22:53:50.660] [main/DEBUG] [mixin/]: Registering new injector for @FactoryRedirectWrapper with com.llamalad7.mixinextras.wrapper.factory.FactoryRedirectWrapperInjectionInfo
[13Jan2025 22:53:50.665] [main/DEBUG] [mixin/]: Mixing MainMixin from create.mixins.json into net.minecraft.server.Main
[13Jan2025 22:53:50.736] [main/DEBUG] [mixin/]: Mixing MixinRegistryAccess from enhancedcelestials_asm.mixins.json into net.minecraft.core.RegistryAccess
[13Jan2025 22:53:50.745] [main/DEBUG] [mixin/]: Mixing PFMMinecraftServerMixin from pfm.mixins.json into net.minecraft.server.MinecraftServer
[13Jan2025 22:53:50.745] [main/DEBUG] [mixin/]: pfm.mixins.json:PFMMinecraftServerMixin: Class version 60 required is higher than the class version supported by the current version of Mixin (JAVA_8 supports class version 52)
[13Jan2025 22:53:50.745] [main/DEBUG] [mixin/]: Renaming synthetic method lambda$createReload$0(Lnet/minecraft/server/packs/PackResources;)Z to mdf0c2bd$lambda$createReload$0$0 in pfm.mixins.json:PFMMinecraftServerMixin
[13Jan2025 22:53:50.796] [main/DEBUG] [mixin/]: Mixing PFMMixinDedicatedServer from pfm-common.mixins.json into net.minecraft.server.dedicated.DedicatedServer
[13Jan2025 22:53:50.796] [main/DEBUG] [mixin/]: pfm-common.mixins.json:PFMMixinDedicatedServer: Class version 60 required is higher than the class version supported by the current version of Mixin (JAVA_8 supports class version 52)
[13Jan2025 22:53:50.798] [main/DEBUG] [mixin/]: Renaming synthetic method lambda$pfm$showUpdateMessage$0(Lnet/minecraft/network/chat/Component;)V to mdf0c2bd$lambda$pfm$showUpdateMessage$0$0 in pfm-common.mixins.json:PFMMixinDedicatedServer
[13Jan2025 22:53:50.844] [main/DEBUG] [io.netty.util.internal.logging.InternalLoggerFactory/]: Using SLF4J as the default logging framework
[13Jan2025 22:53:50.847] [main/DEBUG] [io.netty.util.ResourceLeakDetector/]: -Dio.netty.leakDetection.level: simple
[13Jan2025 22:53:50.847] [main/DEBUG] [io.netty.util.ResourceLeakDetector/]: -Dio.netty.leakDetection.targetRecords: 4
[13Jan2025 22:53:50.864] [main/DEBUG] [mixin/]: Mixing access.StyleAccess from enhancedcelestials.mixins.json into net.minecraft.network.chat.Style
[13Jan2025 22:53:50.865] [main/DEBUG] [mixin/]: Renaming @Invoker method create(Lnet/minecraft/network/chat/TextColor;Ljava/lang/Boolean;Ljava/lang/Boolean;Ljava/lang/Boolean;Ljava/lang/Boolean;Ljava/lang/Boolean;Lnet/minecraft/network/chat/ClickEvent;Lnet/minecraft/network/chat/HoverEvent;Ljava/lang/String;Lnet/minecraft/resources/ResourceLocation;)Lnet/minecraft/network/chat/Style; to create_$md$f0c2bd$0 in enhancedcelestials.mixins.json:access.StyleAccess
[13Jan2025 22:53:50.880] [main/DEBUG] [mixin/]: Mixing access.ColorAccess from enhancedcelestials.mixins.json into net.minecraft.network.chat.TextColor
[13Jan2025 22:53:50.880] [main/DEBUG] [mixin/]: Renaming @Invoker method create(I)Lnet/minecraft/network/chat/TextColor; to create_$md$f0c2bd$0 in enhancedcelestials.mixins.json:access.ColorAccess
[13Jan2025 22:53:51.020] [main/DEBUG] [mixin/]: Mixing accessor.SystemReportAccessor from create.mixins.json into net.minecraft.SystemReport
[13Jan2025 22:53:51.021] [main/DEBUG] [mixin/]: Renaming @Accessor method getOPERATING_SYSTEM()Ljava/lang/String; to getOPERATING_SYSTEM_$md$f0c2bd$0 in create.mixins.json:accessor.SystemReportAccessor
[13Jan2025 22:53:51.021] [main/DEBUG] [mixin/]: Renaming @Accessor method getJAVA_VERSION()Ljava/lang/String; to getJAVA_VERSION_$md$f0c2bd$1 in create.mixins.json:accessor.SystemReportAccessor
[13Jan2025 22:53:51.039] [main/DEBUG] [oshi.util.FileUtil/]: No oshi.properties file found from ClassLoader cpw.mods.modlauncher.TransformingClassLoader@1e1eeedd
[13Jan2025 22:53:51.040] [main/DEBUG] [oshi.util.FileUtil/]: No oshi.properties file found from ClassLoader jdk.internal.loader.ClassLoaders$AppClassLoader@76ed5528
[13Jan2025 22:53:51.096] [main/DEBUG] [oshi.util.FileUtil/]: Reading file /proc/self/auxv
[13Jan2025 22:53:51.097] [main/DEBUG] [oshi.util.FileUtil/]: Reading file /proc/self/auxv
[13Jan2025 22:53:51.103] [main/DEBUG] [oshi.util.FileUtil/]: Reading file /proc/stat
[13Jan2025 22:53:51.110] [main/DEBUG] [oshi.util.FileUtil/]: Reading file /sys/devices/system/cpu/cpu0/topology/core_id
[13Jan2025 22:53:51.110] [main/DEBUG] [oshi.util.FileUtil/]: Reading file /sys/devices/system/cpu/cpu0/topology/core_id
[13Jan2025 22:53:51.111] [main/DEBUG] [oshi.util.FileUtil/]: Reading file /sys/devices/system/cpu/cpu0/topology/physical_package_id
[13Jan2025 22:53:51.111] [main/DEBUG] [oshi.util.FileUtil/]: Reading file /sys/devices/system/cpu/cpu0/topology/physical_package_id
[13Jan2025 22:53:51.111] [main/DEBUG] [oshi.util.FileUtil/]: Reading file /sys/devices/system/cpu/cpu0/cpu_capacity
[13Jan2025 22:53:51.113] [main/DEBUG] [oshi.util.FileUtil/]: Reading file /sys/devices/system/cpu/cpu1/topology/core_id
[13Jan2025 22:53:51.113] [main/DEBUG] [oshi.util.FileUtil/]: Reading file /sys/devices/system/cpu/cpu1/topology/core_id
[13Jan2025 22:53:51.113] [main/DEBUG] [oshi.util.FileUtil/]: Reading file /sys/devices/system/cpu/cpu1/topology/physical_package_id
[13Jan2025 22:53:51.113] [main/DEBUG] [oshi.util.FileUtil/]: Reading file /sys/devices/system/cpu/cpu1/topology/physical_package_id
[13Jan2025 22:53:51.113] [main/DEBUG] [oshi.util.FileUtil/]: Reading file /sys/devices/system/cpu/cpu1/cpu_capacity
[13Jan2025 22:53:51.114] [main/DEBUG] [oshi.util.FileUtil/]: Reading file /sys/devices/system/cpu/cpu2/topology/core_id
[13Jan2025 22:53:51.114] [main/DEBUG] [oshi.util.FileUtil/]: Reading file /sys/devices/system/cpu/cpu2/topology/core_id
[13Jan2025 22:53:51.114] [main/DEBUG] [oshi.util.FileUtil/]: Reading file /sys/devices/system/cpu/cpu2/topology/physical_package_id
[13Jan2025 22:53:51.114] [main/DEBUG] [oshi.util.FileUtil/]: Reading file /sys/devices/system/cpu/cpu2/topology/physical_package_id
[13Jan2025 22:53:51.114] [main/DEBUG] [oshi.util.FileUtil/]: Reading file /sys/devices/system/cpu/cpu2/cpu_capacity
[13Jan2025 22:53:51.114] [main/DEBUG] [oshi.util.FileUtil/]: Reading file /sys/devices/system/cpu/cpu3/topology/core_id
[13Jan2025 22:53:51.114] [main/DEBUG] [oshi.util.FileUtil/]: Reading file /sys/devices/system/cpu/cpu3/topology/core_id
[13Jan2025 22:53:51.115] [main/DEBUG] [oshi.util.FileUtil/]: Reading file /sys/devices/system/cpu/cpu3/topology/physical_package_id
[13Jan2025 22:53:51.115] [main/DEBUG] [oshi.util.FileUtil/]: Reading file /sys/devices/system/cpu/cpu3/topology/physical_package_id
[13Jan2025 22:53:51.115] [main/DEBUG] [oshi.util.FileUtil/]: Reading file /sys/devices/system/cpu/cpu3/cpu_capacity
[13Jan2025 22:53:51.117] [main/DEBUG] [oshi.util.FileUtil/]: Reading file /proc/cpuinfo
[13Jan2025 22:53:51.130] [main/DEBUG] [oshi.util.FileUtil/]: Reading file /proc/self/auxv
[13Jan2025 22:53:51.133] [main/DEBUG] [oshi.util.FileUtil/]: No oshi.architecture.properties file found from ClassLoader cpw.mods.modlauncher.TransformingClassLoader@1e1eeedd
[13Jan2025 22:53:51.133] [main/DEBUG] [oshi.util.FileUtil/]: No oshi.architecture.properties file found from ClassLoader jdk.internal.loader.ClassLoaders$AppClassLoader@76ed5528
[13Jan2025 22:53:51.151] [main/DEBUG] [oshi.util.FileUtil/]: Reading file /proc/meminfo
[13Jan2025 22:53:51.152] [main/DEBUG] [oshi.util.FileUtil/]: Reading file /proc/meminfo
[13Jan2025 22:53:51.198] [main/DEBUG] [mixin/]: Mixing MixinBootstrap from thirst.mixin.json into net.minecraft.server.Bootstrap
[13Jan2025 22:53:51.199] [main/DEBUG] [mixin/]: Renaming synthetic method lambda$modifyCauldronInteractions$2(Lnet/minecraft/world/level/block/state/BlockState;Lnet/minecraft/world/level/Level;Lnet/minecraft/core/BlockPos;Lnet/minecraft/world/entity/player/Player;Lnet/minecraft/world/InteractionHand;Lnet/minecraft/world/item/ItemStack;)Lnet/minecraft/world/InteractionResult; to mdf0c2bd$lambda$modifyCauldronInteractions$2$0 in thirst.mixin.json:MixinBootstrap
[13Jan2025 22:53:51.199] [main/DEBUG] [mixin/]: Renaming synthetic method lambda$modifyCauldronInteractions$1(Lnet/minecraft/world/level/block/state/BlockState;)Z to mdf0c2bd$lambda$modifyCauldronInteractions$1$1 in thirst.mixin.json:MixinBootstrap
[13Jan2025 22:53:51.199] [main/DEBUG] [mixin/]: Renaming synthetic method lambda$modifyCauldronInteractions$0(Lnet/minecraft/world/level/block/state/BlockState;Lnet/minecraft/world/level/Level;Lnet/minecraft/core/BlockPos;Lnet/minecraft/world/entity/player/Player;Lnet/minecraft/world/InteractionHand;Lnet/minecraft/world/item/ItemStack;)Lnet/minecraft/world/InteractionResult; to mdf0c2bd$lambda$modifyCauldronInteractions$0$2 in thirst.mixin.json:MixinBootstrap
[13Jan2025 22:53:51.384] [main/DEBUG] [mixin/]: Mixing SoundEventMixin from sound_physics_remastered.mixins.json into net.minecraft.sounds.SoundEvent
[13Jan2025 22:53:51.410] [main/DEBUG] [mixin/]: Mixing GameDataMixin from kiwi.mixins.json into net.minecraftforge.registries.GameData
[13Jan2025 22:53:51.417] [main/DEBUG] [mixin/]: Mixing customization.forge.GameDataMixin from kiwi.mixins.json into net.minecraftforge.registries.GameData
[13Jan2025 22:53:51.418] [main/DEBUG] [mixin/]: Renaming synthetic method lambda$kiwi$postRegisterEvents$0(Ljava/util/List;Lnet/minecraft/resources/ResourceLocation;)Z to mdf0c2bd$lambda$kiwi$postRegisterEvents$0$0 in kiwi.mixins.json:customization.forge.GameDataMixin
[13Jan2025 22:53:51.501] [main/DEBUG] [mixin/]: Mixing accessor.ForgeRegistryForgeAccessor from puzzleslib.forge.mixins.json into net.minecraftforge.registries.ForgeRegistry
[13Jan2025 22:53:51.521] [main/DEBUG] [mixin/]: Mixing customization.BlockMixin from kiwi.mixins.json into net.minecraft.world.level.block.Block
[13Jan2025 22:53:51.524] [main/DEBUG] [mixin/]: Mixing customization.forge.BlockMixin from kiwi.mixins.json into net.minecraft.world.level.block.Block
[13Jan2025 22:53:51.533] [main/DEBUG] [mixin/]: Mixing customization.property_inject.BlockMixin from kiwi.mixins.json into net.minecraft.world.level.block.Block
[13Jan2025 22:53:51.534] [main/DEBUG] [mixin/]: Mixing accessor.BlockAccessor from puzzleslib.common.mixins.json into net.minecraft.world.level.block.Block
[13Jan2025 22:53:51.535] [main/DEBUG] [mixin/]: Mixing MixinBlock from enhancedcelestials.mixins.json into net.minecraft.world.level.block.Block
[13Jan2025 22:53:51.566] [main/DEBUG] [mixin/]: Mixing customization.BlockBehaviourMixin from kiwi.mixins.json into net.minecraft.world.level.block.state.BlockBehaviour
[13Jan2025 22:53:51.618] [main/DEBUG] [mixin/]: Mixing customization.BlockStateMixin from kiwi.mixins.json into net.minecraft.world.level.block.state.BlockBehaviour$BlockStateBase
[13Jan2025 22:53:51.717] [main/DEBUG] [mixin/]: Mixing EntityMixin from create.mixins.json into net.minecraft.world.entity.Entity
[13Jan2025 22:53:51.719] [main/DEBUG] [mixin/]: Mixing customization.sit.EntityMixin from kiwi.mixins.json into net.minecraft.world.entity.Entity
[13Jan2025 22:53:51.722] [main/DEBUG] [mixin/]: Mixing EntityAccessor from enhancedvisuals.mixins.json into net.minecraft.world.entity.Entity
[13Jan2025 22:53:51.723] [main/DEBUG] [mixin/]: Mixing AccessorEntity from curios.mixins.json into net.minecraft.world.entity.Entity
[13Jan2025 22:53:51.723] [main/DEBUG] [mixin/]: Mixing EntityMixin from pointblank.mixins.json into net.minecraft.world.entity.Entity
[13Jan2025 22:53:51.725] [main/DEBUG] [mixin/]: Mixing EntityMixin from automobility.mixins.json into net.minecraft.world.entity.Entity
[13Jan2025 22:53:51.729] [main/DEBUG] [mixin/]: Mixing EntityAccessor from refurbished_furniture.common.mixins.json into net.minecraft.world.entity.Entity
[13Jan2025 22:53:51.730] [main/DEBUG] [mixin/]: Mixing EntityMixin from refurbished_furniture.common.mixins.json into net.minecraft.world.entity.Entity
[13Jan2025 22:53:51.734] [main/DEBUG] [mixin/]: Mixing MixinEntity from corgilib-common.mixins.json into net.minecraft.world.entity.Entity
[13Jan2025 22:53:51.737] [main/DEBUG] [mixin/]: Mixing air_duct.EntityMixin from xkdeco.mixins.json into net.minecraft.world.entity.Entity
[13Jan2025 22:53:51.737] [main/DEBUG] [mixin/]: xkdeco.mixins.json:air_duct.EntityMixin: Class version 61 required is higher than the class version supported by the current version of Mixin (JAVA_16 supports class version 60)
[13Jan2025 22:53:51.746] [main/DEBUG] [mixin/]: Mixing EntityMixin from sound_physics_remastered.mixins.json into net.minecraft.world.entity.Entity
[13Jan2025 22:53:51.749] [main/DEBUG] [mixin/]: Mixing ContraptionDriverInteractMixin from create.mixins.json into net.minecraft.world.entity.Entity
[13Jan2025 22:53:51.750] [main/DEBUG] [mixin/]: Mixing accessor.EntityAccessor from create.mixins.json into net.minecraft.world.entity.Entity
[13Jan2025 22:53:51.879] [main/DEBUG] [mixin/]: Mixing LivingEntityMixin from insanelib.mixins.json into net.minecraft.world.entity.LivingEntity
[13Jan2025 22:53:51.879] [main/DEBUG] [mixin/]: insanelib.mixins.json:LivingEntityMixin: Class version 61 required is higher than the class version supported by the current version of Mixin (JAVA_8 supports class version 52)
[13Jan2025 22:53:51.881] [main/DEBUG] [mixin/]: Mixing LivingEntityMixin from sona.mixins.json into net.minecraft.world.entity.LivingEntity
[13Jan2025 22:53:51.924] [main/DEBUG] [mixin/]: Mixing MixinLivingEntity from curios.mixins.json into net.minecraft.world.entity.LivingEntity
[13Jan2025 22:53:51.928] [main/DEBUG] [mixin/]: Mixing LivingEntityMixin from pointblank.mixins.json into net.minecraft.world.entity.LivingEntity
[13Jan2025 22:53:51.942] [main/DEBUG] [mixin/]: Mixing LivingEntityMixin from refurbished_furniture.common.mixins.json into net.minecraft.world.entity.LivingEntity
[13Jan2025 22:53:51.946] [main/DEBUG] [mixin/]: Mixing MixinLivingEntity from enhancedcelestials.mixins.json into net.minecraft.world.entity.LivingEntity
[13Jan2025 22:53:51.955] [main/DEBUG] [mixin/]: Mixing air_duct.LivingEntityMixin from xkdeco.mixins.json into net.minecraft.world.entity.LivingEntity
[13Jan2025 22:53:51.955] [main/DEBUG] [mixin/]: xkdeco.mixins.json:air_duct.LivingEntityMixin: Class version 61 required is higher than the class version supported by the current version of Mixin (JAVA_16 supports class version 60)
[13Jan2025 22:53:51.957] [main/DEBUG] [mixin/]: Mixing CustomItemUseEffectsMixin from create.mixins.json into net.minecraft.world.entity.LivingEntity
[13Jan2025 22:53:51.962] [main/DEBUG] [mixin/]: Mixing LavaSwimmingMixin from create.mixins.json into net.minecraft.world.entity.LivingEntity
[13Jan2025 22:53:51.973] [main/DEBUG] [mixin/]: Mixing accessor.LivingEntityAccessor from create.mixins.json into net.minecraft.world.entity.LivingEntity
[13Jan2025 22:53:51.980] [main/DEBUG] [net.minecraftforge.coremod.transformer.CoreModBaseTransformer/COREMOD]: Transforming net/minecraft/world/entity/EntityType
[13Jan2025 22:53:52.165] [main/DEBUG] [mixin/]: Mixing LevelMixin from refurbished_furniture.common.mixins.json into net.minecraft.world.level.Level
[13Jan2025 22:53:52.168] [main/DEBUG] [mixin/]: Mixing MixinWorld from enhancedcelestials.mixins.json into net.minecraft.world.level.Level
[13Jan2025 22:53:52.233] [main/DEBUG] [mixin/]: Mixing ServerLevelMixin from immersive_weathering-common.mixins.json into net.minecraft.server.level.ServerLevel
[13Jan2025 22:53:52.242] [main/DEBUG] [mixin/]: Mixing MixinPlaySound from zombieawareness.mixins.json into net.minecraft.server.level.ServerLevel
[13Jan2025 22:53:52.245] [main/DEBUG] [mixin/]: Mixing MixinLevelEvent from zombieawareness.mixins.json into net.minecraft.server.level.ServerLevel
[13Jan2025 22:53:52.247] [main/DEBUG] [mixin/]: Mixing ServerLevelMixin from sona.mixins.json into net.minecraft.server.level.ServerLevel
[13Jan2025 22:53:52.252] [main/DEBUG] [mixin/]: Mixing ServerLevelMixin from refurbished_furniture.common.mixins.json into net.minecraft.server.level.ServerLevel
[13Jan2025 22:53:52.254] [main/DEBUG] [mixin/]: Mixing MixinServerWorld from enhancedcelestials.mixins.json into net.minecraft.server.level.ServerLevel
[13Jan2025 22:53:52.258] [main/DEBUG] [mixin/]: Mixing MixinServerLevel from corgilib-common.mixins.json into net.minecraft.server.level.ServerLevel
[13Jan2025 22:53:52.258] [main/DEBUG] [mixin/]: Discarding sythetic bridge method synthetic in m_6325_ because existing method in corgilib-common.mixins.json:MixinServerLevel is compatible
[13Jan2025 22:53:52.258] [main/DEBUG] [mixin/]: Renaming synthetic method lambda$tickScheduledRandomTicks$0(Lnet/minecraft/world/level/chunk/LevelChunk;Lnet/minecraft/core/BlockPos;)Z to mdf0c2bd$lambda$tickScheduledRandomTicks$0$0 in corgilib-common.mixins.json:MixinServerLevel
[13Jan2025 22:53:52.261] [main/DEBUG] [mixin/]: Mixing accessor.ServerLevelAccessor from create.mixins.json into net.minecraft.server.level.ServerLevel
[13Jan2025 22:53:52.340] [main/DEBUG] [mixin/]: Mixing ItemEntityMixin from sona.mixins.json into net.minecraft.world.entity.item.ItemEntity
[13Jan2025 22:53:52.353] [main/DEBUG] [mixin/]: Mixing customization.placement.PlayerMixin from kiwi.mixins.json into net.minecraft.world.entity.player.Player
[13Jan2025 22:53:52.354] [main/DEBUG] [mixin/]: Mixing PlayerMixin from zombiekit.mixins.json into net.minecraft.world.entity.player.Player
[13Jan2025 22:53:52.356] [main/DEBUG] [mixin/]: Mixing PlayerMixin from insanelib.mixins.json into net.minecraft.world.entity.player.Player
[13Jan2025 22:53:52.356] [main/DEBUG] [mixin/]: insanelib.mixins.json:PlayerMixin: Class version 61 required is higher than the class version supported by the current version of Mixin (JAVA_8 supports class version 52)
[13Jan2025 22:53:52.361] [main/DEBUG] [mixin/]: Mixing MixinPlayer from enhancedvisuals.mixins.json into net.minecraft.world.entity.player.Player
[13Jan2025 22:53:52.363] [main/DEBUG] [mixin/]: Mixing air_duct.PlayerMixin from xkdeco.mixins.json into net.minecraft.world.entity.player.Player
[13Jan2025 22:53:52.363] [main/DEBUG] [mixin/]: xkdeco.mixins.json:air_duct.PlayerMixin: Class version 61 required is higher than the class version supported by the current version of Mixin (JAVA_16 supports class version 60)
[13Jan2025 22:53:52.364] [main/DEBUG] [mixin/]: Renaming synthetic method lambda$xkdeco$aiStep$0([ILnet/minecraft/world/level/block/state/BlockState;)V to mdf0c2bd$lambda$xkdeco$aiStep$0$0 in xkdeco.mixins.json:air_duct.PlayerMixin
[13Jan2025 22:53:52.373] [main/DEBUG] [mixin/]: Mixing PlayerMixin from playerrevive.mixins.json into net.minecraft.world.entity.player.Player
[13Jan2025 22:53:52.455] [main/DEBUG] [mixin/]: Mixing ItemMixin from moonlight-common.mixins.json into net.minecraft.world.item.Item
[13Jan2025 22:53:52.470] [main/DEBUG] [net.minecraftforge.coremod.transformer.CoreModBaseTransformer/COREMOD]: Transforming net/minecraft/world/entity/EntityType
[13Jan2025 22:53:52.572] [main/DEBUG] [mixin/]: Mixing customization.BlockEntityTypeMixin from kiwi.mixins.json into net.minecraft.world.level.block.entity.BlockEntityType
[13Jan2025 22:53:52.603] [main/DEBUG] [mixin/]: Mixing PFMPointOfInterestTypesAccessor from pfm-common.mixins.json into net.minecraft.world.entity.ai.village.poi.PoiTypes
[13Jan2025 22:53:52.604] [main/DEBUG] [mixin/]: pfm-common.mixins.json:PFMPointOfInterestTypesAccessor: Class version 60 required is higher than the class version supported by the current version of Mixin (JAVA_8 supports class version 52)
[13Jan2025 22:53:52.604] [main/DEBUG] [mixin/]: Renaming @Accessor method getBlockStateToPointOfInterestType()Ljava/util/Map; to getBlockStateToPointOfInterestType_$md$f0c2bd$0 in pfm-common.mixins.json:PFMPointOfInterestTypesAccessor
[13Jan2025 22:53:52.604] [main/DEBUG] [mixin/]: Renaming @Accessor method setHome(Lnet/minecraft/resources/ResourceKey;)V to setHome_$md$f0c2bd$1 in pfm-common.mixins.json:PFMPointOfInterestTypesAccessor
[13Jan2025 22:53:52.606] [main/DEBUG] [mixin/]: Mixing PFMPointOfInterestTypeAccessor from pfm-common.mixins.json into net.minecraft.world.entity.ai.village.poi.PoiType
[13Jan2025 22:53:52.607] [main/DEBUG] [mixin/]: pfm-common.mixins.json:PFMPointOfInterestTypeAccessor: Class version 60 required is higher than the class version supported by the current version of Mixin (JAVA_8 supports class version 52)
[13Jan2025 22:53:52.625] [main/DEBUG] [mixin/]: Mixing KeepRichSoilGiantTreeMixin from farmersdelight.mixins.json into net.minecraft.world.level.levelgen.feature.Feature
[13Jan2025 22:53:52.626] [main/DEBUG] [mixin/]: Renaming synthetic method lambda$keepRichSoil$0(Lnet/minecraft/world/level/block/state/BlockState;)Z to mdf0c2bd$lambda$keepRichSoil$0$0 in farmersdelight.mixins.json:KeepRichSoilGiantTreeMixin
[13Jan2025 22:53:52.665] [main/DEBUG] [mixin/]: Mixing FireBlockAccess from kiwi.mixins.json into net.minecraft.world.level.block.FireBlock
[13Jan2025 22:53:52.667] [main/DEBUG] [mixin/]: Mixing FireBlockMixin from insanelib.mixins.json into net.minecraft.world.level.block.FireBlock
[13Jan2025 22:53:52.667] [main/DEBUG] [mixin/]: insanelib.mixins.json:FireBlockMixin: Class version 61 required is higher than the class version supported by the current version of Mixin (JAVA_8 supports class version 52)
[13Jan2025 22:53:52.668] [main/DEBUG] [mixin/]: Mixing FireMixin from immersive_weathering-common.mixins.json into net.minecraft.world.level.block.FireBlock
[13Jan2025 22:53:52.672] [main/DEBUG] [mixin/]: Mixing FireBlockMixin from moonlight.mixins.json into net.minecraft.world.level.block.FireBlock
[13Jan2025 22:53:52.674] [main/DEBUG] [mixin/]: Mixing accessor.FireBlockForgeAccessor from puzzleslib.forge.mixins.json into net.minecraft.world.level.block.FireBlock
[13Jan2025 22:53:52.713] [main/DEBUG] [mixin/]: Mixing ShapesMixin from creativecore.mixins.json into net.minecraft.world.phys.shapes.Shapes
[13Jan2025 22:53:52.818] [main/DEBUG] [mixin/]: Mixing VoxelShapeAccessor from creativecore.mixins.json into net.minecraft.world.phys.shapes.VoxelShape
[13Jan2025 22:53:52.945] [main/DEBUG] [mixin/]: Mixing BlocksMixin from immersive_weathering-common.mixins.json into net.minecraft.world.level.block.Blocks
[13Jan2025 22:53:52.948] [main/DEBUG] [mixin/]: Renaming synthetic method lambda$stoneStairs$47()Lnet/minecraft/world/level/block/Block; to mdf0c2bd$lambda$stoneStairs$47$0 in immersive_weathering-common.mixins.json:BlocksMixin
[13Jan2025 22:53:52.948] [main/DEBUG] [mixin/]: Renaming synthetic method lambda$endStoneBrickWall$46()Lnet/minecraft/world/item/Item; to mdf0c2bd$lambda$endStoneBrickWall$46$1 in immersive_weathering-common.mixins.json:BlocksMixin
[13Jan2025 22:53:52.949] [main/DEBUG] [mixin/]: Renaming synthetic method lambda$endStoneBricksStairs$45()Lnet/minecraft/world/item/Item; to mdf0c2bd$lambda$endStoneBricksStairs$45$2 in immersive_weathering-common.mixins.json:BlocksMixin
[13Jan2025 22:53:52.949] [main/DEBUG] [mixin/]: Renaming synthetic method lambda$endStoneBricksStairs$44()Lnet/minecraft/world/level/block/Block; to mdf0c2bd$lambda$endStoneBricksStairs$44$3 in immersive_weathering-common.mixins.json:BlocksMixin
[13Jan2025 22:53:52.949] [main/DEBUG] [mixin/]: Renaming synthetic method lambda$endStoneBrickSlab$43()Lnet/minecraft/world/item/Item; to mdf0c2bd$lambda$endStoneBrickSlab$43$4 in immersive_weathering-common.mixins.json:BlocksMixin
[13Jan2025 22:53:52.949] [main/DEBUG] [mixin/]: Renaming synthetic method lambda$endStoneBricks$42()Lnet/minecraft/world/item/Item; to mdf0c2bd$lambda$endStoneBricks$42$5 in immersive_weathering-common.mixins.json:BlocksMixin
[13Jan2025 22:53:52.949] [main/DEBUG] [mixin/]: Renaming synthetic method lambda$prismarineBricksStairs$41()Lnet/minecraft/world/item/Item; to mdf0c2bd$lambda$prismarineBricksStairs$41$6 in immersive_weathering-common.mixins.json:BlocksMixin
[13Jan2025 22:53:52.950] [main/DEBUG] [mixin/]: Renaming synthetic method lambda$prismarineBricksStairs$40()Lnet/minecraft/world/level/block/Block; to mdf0c2bd$lambda$prismarineBricksStairs$40$7 in immersive_weathering-common.mixins.json:BlocksMixin
[13Jan2025 22:53:52.950] [main/DEBUG] [mixin/]: Renaming synthetic method lambda$prismarineBrickSlab$39()Lnet/minecraft/world/item/Item; to mdf0c2bd$lambda$prismarineBrickSlab$39$8 in immersive_weathering-common.mixins.json:BlocksMixin
[13Jan2025 22:53:52.950] [main/DEBUG] [mixin/]: Renaming synthetic method lambda$prismarineBricks$38()Lnet/minecraft/world/item/Item; to mdf0c2bd$lambda$prismarineBricks$38$9 in immersive_weathering-common.mixins.json:BlocksMixin
[13Jan2025 22:53:52.950] [main/DEBUG] [mixin/]: Renaming synthetic method lambda$mossyCobblestoneStairs$37()Lnet/minecraft/world/level/block/Block; to mdf0c2bd$lambda$mossyCobblestoneStairs$37$a in immersive_weathering-common.mixins.json:BlocksMixin
[13Jan2025 22:53:52.950] [main/DEBUG] [mixin/]: Renaming synthetic method lambda$mossyStoneBrickStairs$36()Lnet/minecraft/world/level/block/Block; to mdf0c2bd$lambda$mossyStoneBrickStairs$36$b in immersive_weathering-common.mixins.json:BlocksMixin
[13Jan2025 22:53:52.950] [main/DEBUG] [mixin/]: Renaming synthetic method lambda$cobblestoneStairs$35()Lnet/minecraft/world/level/block/Block; to mdf0c2bd$lambda$cobblestoneStairs$35$c in immersive_weathering-common.mixins.json:BlocksMixin
[13Jan2025 22:53:52.951] [main/DEBUG] [mixin/]: Renaming synthetic method lambda$stoneBrickWall$34()Lnet/minecraft/world/item/Item; to mdf0c2bd$lambda$stoneBrickWall$34$d in immersive_weathering-common.mixins.json:BlocksMixin
[13Jan2025 22:53:52.951] [main/DEBUG] [mixin/]: Renaming synthetic method lambda$stoneBricksStairs$33()Lnet/minecraft/world/level/block/Block; to mdf0c2bd$lambda$stoneBricksStairs$33$e in immersive_weathering-common.mixins.json:BlocksMixin
[13Jan2025 22:53:52.951] [main/DEBUG] [mixin/]: Renaming synthetic method lambda$stoneBricksStairs$32()Lnet/minecraft/world/item/Item; to mdf0c2bd$lambda$stoneBricksStairs$32$f in immersive_weathering-common.mixins.json:BlocksMixin
[13Jan2025 22:53:52.951] [main/DEBUG] [mixin/]: Renaming synthetic method lambda$stoneBrickSlab$31()Lnet/minecraft/world/item/Item; to mdf0c2bd$lambda$stoneBrickSlab$31$10 in immersive_weathering-common.mixins.json:BlocksMixin
[13Jan2025 22:53:52.951] [main/DEBUG] [mixin/]: Renaming synthetic method lambda$stoneBricks$30()Lnet/minecraft/world/item/Item; to mdf0c2bd$lambda$stoneBricks$30$11 in immersive_weathering-common.mixins.json:BlocksMixin
[13Jan2025 22:53:52.951] [main/DEBUG] [mixin/]: Renaming synthetic method lambda$brickWall$29()Lnet/minecraft/world/item/Item; to mdf0c2bd$lambda$brickWall$29$12 in immersive_weathering-common.mixins.json:BlocksMixin
[13Jan2025 22:53:52.952] [main/DEBUG] [mixin/]: Renaming synthetic method lambda$brickStairs$28()Lnet/minecraft/world/level/block/Block; to mdf0c2bd$lambda$brickStairs$28$13 in immersive_weathering-common.mixins.json:BlocksMixin
[13Jan2025 22:53:52.952] [main/DEBUG] [mixin/]: Renaming synthetic method lambda$brickStairs$27()Lnet/minecraft/world/item/Item; to mdf0c2bd$lambda$brickStairs$27$14 in immersive_weathering-common.mixins.json:BlocksMixin
[13Jan2025 22:53:52.952] [main/DEBUG] [mixin/]: Renaming synthetic method lambda$brickSlab$26()Lnet/minecraft/world/item/Item; to mdf0c2bd$lambda$brickSlab$26$15 in immersive_weathering-common.mixins.json:BlocksMixin
[13Jan2025 22:53:52.952] [main/DEBUG] [mixin/]: Renaming synthetic method lambda$bricks$25()Lnet/minecraft/world/item/Item; to mdf0c2bd$lambda$bricks$25$16 in immersive_weathering-common.mixins.json:BlocksMixin
[13Jan2025 22:53:52.952] [main/DEBUG] [mixin/]: Renaming synthetic method lambda$crackedNetherBricks$24()Lnet/minecraft/world/item/Item; to mdf0c2bd$lambda$crackedNetherBricks$24$17 in immersive_weathering-common.mixins.json:BlocksMixin
[13Jan2025 22:53:52.952] [main/DEBUG] [mixin/]: Renaming synthetic method lambda$netherBrickWall$23()Lnet/minecraft/world/item/Item; to mdf0c2bd$lambda$netherBrickWall$23$18 in immersive_weathering-common.mixins.json:BlocksMixin
[13Jan2025 22:53:52.953] [main/DEBUG] [mixin/]: Renaming synthetic method lambda$netherBrickStairs$22()Lnet/minecraft/world/item/Item; to mdf0c2bd$lambda$netherBrickStairs$22$19 in immersive_weathering-common.mixins.json:BlocksMixin
[13Jan2025 22:53:52.953] [main/DEBUG] [mixin/]: Renaming synthetic method lambda$netherBrickStairs$21()Lnet/minecraft/world/level/block/Block; to mdf0c2bd$lambda$netherBrickStairs$21$1a in immersive_weathering-common.mixins.json:BlocksMixin
[13Jan2025 22:53:52.953] [main/DEBUG] [mixin/]: Renaming synthetic method lambda$netherBrickSlab$20()Lnet/minecraft/world/item/Item; to mdf0c2bd$lambda$netherBrickSlab$20$1b in immersive_weathering-common.mixins.json:BlocksMixin
[13Jan2025 22:53:52.953] [main/DEBUG] [mixin/]: Renaming synthetic method lambda$netherBricks$19()Lnet/minecraft/world/item/Item; to mdf0c2bd$lambda$netherBricks$19$1c in immersive_weathering-common.mixins.json:BlocksMixin
[13Jan2025 22:53:52.953] [main/DEBUG] [mixin/]: Renaming synthetic method lambda$deepslateTileWall$18()Lnet/minecraft/world/item/Item; to mdf0c2bd$lambda$deepslateTileWall$18$1d in immersive_weathering-common.mixins.json:BlocksMixin
[13Jan2025 22:53:52.953] [main/DEBUG] [mixin/]: Renaming synthetic method lambda$deepslateTileStairs$17()Lnet/minecraft/world/item/Item; to mdf0c2bd$lambda$deepslateTileStairs$17$1e in immersive_weathering-common.mixins.json:BlocksMixin
[13Jan2025 22:53:52.954] [main/DEBUG] [mixin/]: Renaming synthetic method lambda$deepslateTileStairs$16()Lnet/minecraft/world/level/block/Block; to mdf0c2bd$lambda$deepslateTileStairs$16$1f in immersive_weathering-common.mixins.json:BlocksMixin
[13Jan2025 22:53:52.954] [main/DEBUG] [mixin/]: Renaming synthetic method lambda$deepslateTileSlab$15()Lnet/minecraft/world/item/Item; to mdf0c2bd$lambda$deepslateTileSlab$15$20 in immersive_weathering-common.mixins.json:BlocksMixin
[13Jan2025 22:53:52.954] [main/DEBUG] [mixin/]: Renaming synthetic method lambda$deepslateTiles$14()Lnet/minecraft/world/item/Item; to mdf0c2bd$lambda$deepslateTiles$14$21 in immersive_weathering-common.mixins.json:BlocksMixin
[13Jan2025 22:53:52.954] [main/DEBUG] [mixin/]: Renaming synthetic method lambda$deepslateBrickWall$13()Lnet/minecraft/world/item/Item; to mdf0c2bd$lambda$deepslateBrickWall$13$22 in immersive_weathering-common.mixins.json:BlocksMixin
[13Jan2025 22:53:52.954] [main/DEBUG] [mixin/]: Renaming synthetic method lambda$deepslateBrickStairs$12()Lnet/minecraft/world/item/Item; to mdf0c2bd$lambda$deepslateBrickStairs$12$23 in immersive_weathering-common.mixins.json:BlocksMixin
[13Jan2025 22:53:52.954] [main/DEBUG] [mixin/]: Renaming synthetic method lambda$deepslateBrickStairs$11()Lnet/minecraft/world/level/block/Block; to mdf0c2bd$lambda$deepslateBrickStairs$11$24 in immersive_weathering-common.mixins.json:BlocksMixin
[13Jan2025 22:53:52.955] [main/DEBUG] [mixin/]: Renaming synthetic method lambda$deepslateBrickSlab$10()Lnet/minecraft/world/item/Item; to mdf0c2bd$lambda$deepslateBrickSlab$10$25 in immersive_weathering-common.mixins.json:BlocksMixin
[13Jan2025 22:53:52.955] [main/DEBUG] [mixin/]: Renaming synthetic method lambda$deepslateBricks$9()Lnet/minecraft/world/item/Item; to mdf0c2bd$lambda$deepslateBricks$9$26 in immersive_weathering-common.mixins.json:BlocksMixin
[13Jan2025 22:53:52.955] [main/DEBUG] [mixin/]: Renaming synthetic method lambda$crackedDeepslateTiles$8()Lnet/minecraft/world/item/Item; to mdf0c2bd$lambda$crackedDeepslateTiles$8$27 in immersive_weathering-common.mixins.json:BlocksMixin
[13Jan2025 22:53:52.955] [main/DEBUG] [mixin/]: Renaming synthetic method lambda$crackedDeepslateBricks$7()Lnet/minecraft/world/item/Item; to mdf0c2bd$lambda$crackedDeepslateBricks$7$28 in immersive_weathering-common.mixins.json:BlocksMixin
[13Jan2025 22:53:52.955] [main/DEBUG] [mixin/]: Renaming synthetic method lambda$crackedStoneBricks$6()Lnet/minecraft/world/item/Item; to mdf0c2bd$lambda$crackedStoneBricks$6$29 in immersive_weathering-common.mixins.json:BlocksMixin
[13Jan2025 22:53:52.955] [main/DEBUG] [mixin/]: Renaming synthetic method lambda$crackedPolishedBlackstoneBricks$5()Lnet/minecraft/world/item/Item; to mdf0c2bd$lambda$crackedPolishedBlackstoneBricks$5$2a in immersive_weathering-common.mixins.json:BlocksMixin
[13Jan2025 22:53:52.956] [main/DEBUG] [mixin/]: Renaming synthetic method lambda$polishedBlackstoneBrickWall$4()Lnet/minecraft/world/item/Item; to mdf0c2bd$lambda$polishedBlackstoneBrickWall$4$2b in immersive_weathering-common.mixins.json:BlocksMixin
[13Jan2025 22:53:52.956] [main/DEBUG] [mixin/]: Renaming synthetic method lambda$polishedBlackstoneBricksStairs$3()Lnet/minecraft/world/item/Item; to mdf0c2bd$lambda$polishedBlackstoneBricksStairs$3$2c in immersive_weathering-common.mixins.json:BlocksMixin
[13Jan2025 22:53:52.956] [main/DEBUG] [mixin/]: Renaming synthetic method lambda$polishedBlackstoneBricksStairs$2()Lnet/minecraft/world/level/block/Block; to mdf0c2bd$lambda$polishedBlackstoneBricksStairs$2$2d in immersive_weathering-common.mixins.json:BlocksMixin
[13Jan2025 22:53:52.956] [main/DEBUG] [mixin/]: Renaming synthetic method lambda$polishedBlackstoneBrickSlab$1()Lnet/minecraft/world/item/Item; to mdf0c2bd$lambda$polishedBlackstoneBrickSlab$1$2e in immersive_weathering-common.mixins.json:BlocksMixin
[13Jan2025 22:53:52.956] [main/DEBUG] [mixin/]: Renaming synthetic method lambda$polishedBlackstoneBricks$0()Lnet/minecraft/world/item/Item; to mdf0c2bd$lambda$polishedBlackstoneBricks$0$2f in immersive_weathering-common.mixins.json:BlocksMixin
[13Jan2025 22:53:52.967] [main/DEBUG] [net.minecraftforge.coremod.transformer.CoreModBaseTransformer/COREMOD]: Transforming net/minecraft/world/level/block/StairBlock
[13Jan2025 22:53:53.320] [main/DEBUG] [mixin/]: Mixing GrassBlockMixin from immersive_weathering-common.mixins.json into net.minecraft.world.level.block.SpreadingSnowyDirtBlock
[13Jan2025 22:53:53.347] [main/DEBUG] [mixin/]: Mixing customization.BushBlockMixin from kiwi.mixins.json into net.minecraft.world.level.block.BushBlock
[13Jan2025 22:53:53.348] [main/DEBUG] [mixin/]: Mixing BushBlockMixin from immersive_weathering-common.mixins.json into net.minecraft.world.level.block.BushBlock
[13Jan2025 22:53:53.360] [main/DEBUG] [net.minecraftforge.coremod.transformer.CoreModBaseTransformer/COREMOD]: Transforming net/minecraft/world/level/block/LiquidBlock
[13Jan2025 22:53:53.361] [main/DEBUG] [mixin/]: Mixing LiquidBlockMixin from immersive_weathering-common.mixins.json into net.minecraft.world.level.block.LiquidBlock
[13Jan2025 22:53:53.376] [main/DEBUG] [mixin/]: Mixing BaseEntityBlockMixin from sona.mixins.json into net.minecraft.world.level.block.BaseEntityBlock
[13Jan2025 22:53:53.389] [main/DEBUG] [mixin/]: Mixing LeavesMixin from immersive_weathering-common.mixins.json into net.minecraft.world.level.block.LeavesBlock
[13Jan2025 22:53:53.391] [main/DEBUG] [mixin/]: Renaming synthetic method lambda$performBonemeal$0(Lnet/minecraft/server/level/ServerLevel;Lnet/minecraft/core/BlockPos;Lnet/minecraft/world/level/block/state/BlockState;)V to mdf0c2bd$lambda$performBonemeal$0$0 in immersive_weathering-common.mixins.json:LeavesMixin
[13Jan2025 22:53:53.413] [main/DEBUG] [mixin/]: Mixing customization.HalfTransparentBlockMixin from kiwi.mixins.json into net.minecraft.world.level.block.HalfTransparentBlock
[13Jan2025 22:53:53.418] [main/DEBUG] [mixin/]: Mixing CuttingBoardDispenserMixin from farmersdelight.mixins.json into net.minecraft.world.level.block.DispenserBlock
[13Jan2025 22:53:53.423] [main/DEBUG] [mixin/]: Mixing accessor.DispenserBlockAccessor from moonlight-common.mixins.json into net.minecraft.world.level.block.DispenserBlock
[13Jan2025 22:53:53.424] [main/DEBUG] [mixin/]: Renaming @Accessor method getDispenserRegistry()Ljava/util/Map; to getDispenserRegistry_$md$f0c2bd$0 in moonlight-common.mixins.json:accessor.DispenserBlockAccessor
[13Jan2025 22:53:53.424] [main/DEBUG] [mixin/]: Mixing accessor.DispenserBlockAccessor from create.mixins.json into net.minecraft.world.level.block.DispenserBlock
[13Jan2025 22:53:53.443] [main/DEBUG] [mixin/]: Mixing WebMixin from immersive_weathering.mixins.json into net.minecraft.world.level.block.WebBlock
[13Jan2025 22:53:53.443] [main/DEBUG] [mixin/]: immersive_weathering.mixins.json:WebMixin: Class version 61 required is higher than the class version supported by the current version of Mixin (JAVA_16 supports class version 60)
[13Jan2025 22:53:53.459] [main/DEBUG] [net.minecraftforge.coremod.transformer.CoreModBaseTransformer/COREMOD]: Transforming net/minecraft/world/level/block/StairBlock
[13Jan2025 22:53:53.463] [main/DEBUG] [mixin/]: Mixing CropBlockMixin from immersive_weathering-common.mixins.json into net.minecraft.world.level.block.CropBlock
[13Jan2025 22:53:53.483] [main/DEBUG] [mixin/]: Mixing SnowLayerBlockMixin from immersive_weathering-common.mixins.json into net.minecraft.world.level.block.SnowLayerBlock
[13Jan2025 22:53:53.485] [main/DEBUG] [mixin/]: Mixing IceMixin from immersive_weathering-common.mixins.json into net.minecraft.world.level.block.IceBlock
[13Jan2025 22:53:53.488] [main/DEBUG] [mixin/]: Mixing accessors.IceInvoker from immersive_weathering-common.mixins.json into net.minecraft.world.level.block.IceBlock
[13Jan2025 22:53:53.495] [main/DEBUG] [mixin/]: Mixing SugarCaneBlockMixin from immersive_weathering-common.mixins.json into net.minecraft.world.level.block.SugarCaneBlock
[13Jan2025 22:53:53.509] [main/DEBUG] [mixin/]: Mixing CakeBlockMixin from insanelib.mixins.json into net.minecraft.world.level.block.CakeBlock
[13Jan2025 22:53:53.510] [main/DEBUG] [mixin/]: insanelib.mixins.json:CakeBlockMixin: Class version 61 required is higher than the class version supported by the current version of Mixin (JAVA_8 supports class version 52)
[13Jan2025 22:53:53.517] [main/DEBUG] [mixin/]: Mixing AttachedStemBlockMixin from immersive_weathering-common.mixins.json into net.minecraft.world.level.block.AttachedStemBlock
[13Jan2025 22:53:53.520] [main/DEBUG] [mixin/]: Mixing StemBlockMixin from immersive_weathering-common.mixins.json into net.minecraft.world.level.block.StemBlock
[13Jan2025 22:53:53.525] [main/DEBUG] [mixin/]: Mixing forge.FenceGateBlockAccess from xkdeco.mixins.json into net.minecraft.world.level.block.FenceGateBlock
[13Jan2025 22:53:53.525] [main/DEBUG] [mixin/]: xkdeco.mixins.json:forge.FenceGateBlockAccess: Class version 61 required is higher than the class version supported by the current version of Mixin (JAVA_16 supports class version 60)
[13Jan2025 22:53:53.532] [main/DEBUG] [mixin/]: Mixing MixinLayeredCauldronBlock from thirst.mixin.json into net.minecraft.world.level.block.LayeredCauldronBlock
[13Jan2025 22:53:53.543] [main/DEBUG] [net.minecraftforge.coremod.transformer.CoreModBaseTransformer/COREMOD]: Transforming net/minecraft/world/level/block/FlowerPotBlock
[13Jan2025 22:53:53.580] [main/DEBUG] [mixin/]: Mixing BubbleColumnMixin from immersive_weathering-common.mixins.json into net.minecraft.world.level.block.BubbleColumnBlock
[13Jan2025 22:53:53.582] [main/DEBUG] [mixin/]: Mixing reinforced.BubbleColumnBlockMixin from securitycraft.mixins.json into net.minecraft.world.level.block.BubbleColumnBlock
[13Jan2025 22:53:53.610] [main/DEBUG] [mixin/]: Mixing CampfireMixin from immersive_weathering-common.mixins.json into net.minecraft.world.level.block.CampfireBlock
[13Jan2025 22:53:53.611] [main/DEBUG] [mixin/]: Mixing CampfireBaleMixin from farmersdelight.mixins.json into net.minecraft.world.level.block.CampfireBlock
[13Jan2025 22:53:53.616] [main/DEBUG] [mixin/]: Mixing SweetBerryBushMixin from immersive_weathering-common.mixins.json into net.minecraft.world.level.block.SweetBerryBushBlock
[13Jan2025 22:53:53.624] [main/DEBUG] [mixin/]: Mixing MixinStructureBlock from corgilib-common.mixins.json into net.minecraft.world.level.block.StructureBlock
[13Jan2025 22:53:53.639] [main/DEBUG] [mixin/]: Mixing MixinPowderSnowBlock from curios.mixins.json into net.minecraft.world.level.block.PowderSnowBlock
[13Jan2025 22:53:53.655] [main/DEBUG] [mixin/]: Mixing RootedDirtBlockMixin from immersive_weathering-common.mixins.json into net.minecraft.world.level.block.RootedDirtBlock
[13Jan2025 22:53:53.658] [main/DEBUG] [mixin/]: Mixing MudBlockHitboxMixin from immersive_weathering-common.mixins.json into net.minecraft.world.level.block.MudBlock
[13Jan2025 22:53:53.668] [main/DEBUG] [mixin/]: Mixing SelfRustableMixin from immersive_weathering.mixins.json into com.ordana.immersive_weathering.blocks.rusty.Rustable
[13Jan2025 22:53:53.668] [main/DEBUG] [mixin/]: immersive_weathering.mixins.json:SelfRustableMixin: Class version 61 required is higher than the class version supported by the current version of Mixin (JAVA_16 supports class version 60)
[13Jan2025 22:53:53.682] [main/DEBUG] [mixin/]: Mixing customization.BlockPropertiesMixin from kiwi.mixins.json into net.minecraft.world.level.block.state.BlockBehaviour$Properties
[13Jan2025 22:53:53.692] [main/DEBUG] [mixin/]: Mixing PFMFeatureFlagFactory from pfm-common.mixins.json into net.minecraft.world.flag.FeatureFlag
[13Jan2025 22:53:53.692] [main/DEBUG] [mixin/]: pfm-common.mixins.json:PFMFeatureFlagFactory: Class version 60 required is higher than the class version supported by the current version of Mixin (JAVA_8 supports class version 52)
[13Jan2025 22:53:53.692] [main/DEBUG] [mixin/]: Renaming @Invoker method newFlag(Lnet/minecraft/world/flag/FeatureFlagUniverse;I)Lnet/minecraft/world/flag/FeatureFlag; to newFlag_$md$f0c2bd$0 in pfm-common.mixins.json:PFMFeatureFlagFactory
[13Jan2025 22:53:53.697] [main/DEBUG] [mixin/]: Mixing customization.property_inject.StateDefinitionBuilderMixin from kiwi.mixins.json into net.minecraft.world.level.block.state.StateDefinition$Builder
[13Jan2025 22:53:53.717] [main/DEBUG] [mixin/]: Mixing WaterWheelFluidSpreadMixin from create.mixins.json into net.minecraft.world.level.material.FlowingFluid
[13Jan2025 22:53:53.760] [main/DEBUG] [mixin/]: Mixing FallingBlockEntityMixin from insanelib.mixins.json into net.minecraft.world.entity.item.FallingBlockEntity
[13Jan2025 22:53:53.760] [main/DEBUG] [mixin/]: insanelib.mixins.json:FallingBlockEntityMixin: Class version 61 required is higher than the class version supported by the current version of Mixin (JAVA_8 supports class version 52)
[13Jan2025 22:53:53.760] [main/DEBUG] [mixin/]: Mixing accessor.FallingBlockEntityAccessor from create.mixins.json into net.minecraft.world.entity.item.FallingBlockEntity
[13Jan2025 22:53:53.760] [main/DEBUG] [mixin/]: Renaming @Invoker method create$callInit(Lnet/minecraft/world/level/Level;DDDLnet/minecraft/world/level/block/state/BlockState;)Lnet/minecraft/world/entity/item/FallingBlockEntity; to create$callInit_$md$f0c2bd$0 in create.mixins.json:accessor.FallingBlockEntityAccessor
[13Jan2025 22:53:53.804] [main/DEBUG] [mixin/]: Mixing BlockEntityMixin from refurbished_furniture.common.mixins.json into net.minecraft.world.level.block.entity.BlockEntity
[13Jan2025 22:53:53.853] [main/DEBUG] [mixin/]: Mixing accessor.DispenserBlockEntityAccessor from moonlight-common.mixins.json into net.minecraft.world.level.block.entity.DispenserBlockEntity
[13Jan2025 22:53:53.855] [main/DEBUG] [mixin/]: Mixing BaseContainerBlockEntityMixin from sona.mixins.json into net.minecraft.world.level.block.entity.BaseContainerBlockEntity
[13Jan2025 22:53:54.026] [main/DEBUG] [mixin/]: Mixing PistonBlockEntityMixin from moonlight-common.mixins.json into net.minecraft.world.level.block.piston.PistonMovingBlockEntity
[13Jan2025 22:53:54.048] [main/DEBUG] [mixin/]: Mixing KeepRichSoilTreeMixin from farmersdelight.mixins.json into net.minecraft.world.level.levelgen.feature.trunkplacers.TrunkPlacer
[13Jan2025 22:53:54.048] [main/DEBUG] [mixin/]: Renaming synthetic method lambda$cancelSetDirtIfRichSoil$0(Lnet/minecraft/world/level/block/state/BlockState;)Z to mdf0c2bd$lambda$cancelSetDirtIfRichSoil$0$0 in farmersdelight.mixins.json:KeepRichSoilTreeMixin
[13Jan2025 22:53:54.287] [main/DEBUG] [mixin/]: Mixing customization.AbstractContainerMenuMixin from kiwi.mixins.json into net.minecraft.world.inventory.AbstractContainerMenu
[13Jan2025 22:53:54.287] [main/DEBUG] [mixin/]: Mixing AbstractContainerMenuMixin from sona.mixins.json into net.minecraft.world.inventory.AbstractContainerMenu
[13Jan2025 22:53:54.289] [main/DEBUG] [mixin/]: Mixing AbstractContainerMenuMixin from automobility.mixins.json into net.minecraft.world.inventory.AbstractContainerMenu
[13Jan2025 22:53:54.289] [main/DEBUG] [mixin/]: Renaming synthetic method lambda$automobility$spoofAutomobileAttachmentScreens$0(Lnet/minecraft/world/entity/player/Player;Lnet/minecraft/world/level/Level;Lnet/minecraft/core/BlockPos;)Ljava/lang/Boolean; to mdf0c2bd$lambda$automobility$spoofAutomobileAttachmentScreens$0$0 in automobility.mixins.json:AbstractContainerMenuMixin
[13Jan2025 22:53:54.334] [main/DEBUG] [mixin/]: Mixing ServerPlayerMixin from playerrevive.mixins.json into net.minecraft.server.level.ServerPlayer
[13Jan2025 22:53:54.335] [main/DEBUG] [mixin/]: Mixing camera.ServerPlayerMixin from securitycraft.mixins.json into net.minecraft.server.level.ServerPlayer
[13Jan2025 22:53:54.384] [main/DEBUG] [mixin/]: Mixing AABBMixin from automobility.mixins.json into net.minecraft.world.phys.AABB
[13Jan2025 22:53:54.396] [main/DEBUG] [mixin/]: Mixing ProjectileMixin from enhancedvisuals.mixins.json into net.minecraft.world.entity.projectile.Projectile
[13Jan2025 22:53:54.420] [main/DEBUG] [mixin/]: Mixing MobMixin from sona.mixins.json into net.minecraft.world.entity.Mob
[13Jan2025 22:53:54.422] [main/DEBUG] [mixin/]: Mixing EntityMixin from moonlight-common.mixins.json into net.minecraft.world.entity.Mob
[13Jan2025 22:53:54.422] [main/DEBUG] [mixin/]: Mixing MobMixin from enhancedai.mixins.json into net.minecraft.world.entity.Mob
[13Jan2025 22:53:54.422] [main/DEBUG] [mixin/]: enhancedai.mixins.json:MobMixin: Class version 61 required is higher than the class version supported by the current version of Mixin (JAVA_8 supports class version 52)
[13Jan2025 22:53:54.521] [main/DEBUG] [net.minecraftforge.coremod.transformer.CoreModBaseTransformer/COREMOD]: Transforming net/minecraft/world/item/ItemStack
[13Jan2025 22:53:54.522] [main/DEBUG] [mixin/]: Mixing ItemStackMixin from insanelib.mixins.json into net.minecraft.world.item.ItemStack
[13Jan2025 22:53:54.522] [main/DEBUG] [mixin/]: insanelib.mixins.json:ItemStackMixin: Class version 61 required is higher than the class version supported by the current version of Mixin (JAVA_8 supports class version 52)
[13Jan2025 22:53:54.522] [main/DEBUG] [mixin/]: Mixing ItemStackMixin from sona.mixins.json into net.minecraft.world.item.ItemStack
[13Jan2025 22:53:54.526] [main/DEBUG] [mixin/]: Mixing MixinItemStack from thirst.mixin.json into net.minecraft.world.item.ItemStack
[13Jan2025 22:53:54.529] [main/WARN] [mixin/]: Mixin sona.mixins.json:ItemStackMixin has multiple constructors, (Ljava/lang/Class;)V was selected

[13Jan2025 22:53:54.648] [main/DEBUG] [mixin/]: Mixing ItemCombinerMenuMixin from automobility.mixins.json into net.minecraft.world.inventory.ItemCombinerMenu
[13Jan2025 22:53:54.649] [main/DEBUG] [mixin/]: Renaming synthetic method lambda$automobility$allowSmithingMenuAutomobileSpoof$0(Lnet/minecraft/world/entity/player/Player;Lnet/minecraft/world/level/Level;Lnet/minecraft/core/BlockPos;)Ljava/lang/Boolean; to mdf0c2bd$lambda$automobility$allowSmithingMenuAutomobileSpoof$0$0 in automobility.mixins.json:ItemCombinerMenuMixin
[13Jan2025 22:53:54.659] [main/DEBUG] [mixin/]: Mixing HopperBlockEntityMixin from sona.mixins.json into net.minecraft.world.level.block.entity.HopperBlockEntity
[13Jan2025 22:53:55.051] [main/DEBUG] [mixin/]: Mixing MixinCampfireBlockEntity from thirst.mixin.json into net.minecraft.world.level.block.entity.CampfireBlockEntity
[13Jan2025 22:53:55.199] [main/DEBUG] [mixin/]: Mixing LightningEntityMixin from moonlight-common.mixins.json into net.minecraft.world.entity.LightningBolt
[13Jan2025 22:53:55.287] [main/DEBUG] [net.minecraftforge.coremod.transformer.CoreModBaseTransformer/COREMOD]: Transforming net/minecraft/world/entity/animal/frog/Tadpole
[13Jan2025 22:53:55.321] [main/DEBUG] [mixin/]: Mixing customization.placement.BlockItemGetPlacementStateMixin from kiwi.mixins.json into net.minecraft.world.item.BlockItem
[13Jan2025 22:53:55.322] [main/DEBUG] [mixin/]: Mixing customization.placement.BlockItemPlaceBlockMixin from kiwi.mixins.json into net.minecraft.world.item.BlockItem
[13Jan2025 22:53:55.322] [main/DEBUG] [mixin/]: Mixing BlockItemMixin from moonlight-common.mixins.json into net.minecraft.world.item.BlockItem
[13Jan2025 22:53:55.323] [main/DEBUG] [mixin/]: Mixing accessor.BlockItemAccessor from puzzleslib.common.mixins.json into net.minecraft.world.item.BlockItem
[13Jan2025 22:53:55.323] [main/DEBUG] [mixin/]: Mixing BlockItemMixin from create.mixins.json into net.minecraft.world.item.BlockItem
[13Jan2025 22:53:55.331] [main/DEBUG] [mixin/]: Mixing customization.placement.BlockItemGetPlacementStateMixin from kiwi.mixins.json into net.minecraft.world.item.StandingAndWallBlockItem
[13Jan2025 22:53:55.337] [main/DEBUG] [mixin/]: Mixing boat.BoatItemMixin from securitycraft.mixins.json into net.minecraft.world.item.BoatItem
[13Jan2025 22:53:55.343] [main/DEBUG] [mixin/]: Mixing ShovelItemAccess from kiwi.mixins.json into net.minecraft.world.item.ShovelItem
[13Jan2025 22:53:55.344] [main/DEBUG] [mixin/]: Renaming @Accessor method getFLATTENABLES()Ljava/util/Map; to getFLATTENABLES_$md$f0c2bd$0 in kiwi.mixins.json:ShovelItemAccess
[13Jan2025 22:53:55.344] [main/DEBUG] [mixin/]: Renaming @Accessor method setFLATTENABLES(Ljava/util/Map;)V to setFLATTENABLES_$md$f0c2bd$1 in kiwi.mixins.json:ShovelItemAccess
[13Jan2025 22:53:55.345] [main/DEBUG] [mixin/]: Mixing ShovelItemAccess from automobility.mixins.json into net.minecraft.world.item.ShovelItem
[13Jan2025 22:53:55.345] [main/DEBUG] [mixin/]: Renaming @Accessor method getFlattenables()Ljava/util/Map; to getFlattenables_$md$f0c2bd$2 in automobility.mixins.json:ShovelItemAccess
[13Jan2025 22:53:55.347] [main/DEBUG] [mixin/]: Mixing AxeItemAccess from kiwi.mixins.json into net.minecraft.world.item.AxeItem
[13Jan2025 22:53:55.347] [main/DEBUG] [mixin/]: Renaming @Accessor method getSTRIPPABLES()Ljava/util/Map; to getSTRIPPABLES_$md$f0c2bd$0 in kiwi.mixins.json:AxeItemAccess
[13Jan2025 22:53:55.348] [main/DEBUG] [mixin/]: Renaming @Accessor method setSTRIPPABLES(Ljava/util/Map;)V to setSTRIPPABLES_$md$f0c2bd$1 in kiwi.mixins.json:AxeItemAccess
[13Jan2025 22:53:55.349] [main/DEBUG] [mixin/]: Mixing HoeItemAccess from kiwi.mixins.json into net.minecraft.world.item.HoeItem
[13Jan2025 22:53:55.349] [main/DEBUG] [mixin/]: Renaming @Accessor method getTILLABLES()Ljava/util/Map; to getTILLABLES_$md$f0c2bd$0 in kiwi.mixins.json:HoeItemAccess
[13Jan2025 22:53:55.350] [main/DEBUG] [mixin/]: Mixing SoupItemMixin from farmersdelight.mixins.json into net.minecraft.world.item.BowlFoodItem
[13Jan2025 22:53:55.356] [main/DEBUG] [net.minecraftforge.coremod.transformer.CoreModBaseTransformer/COREMOD]: Transforming net/minecraft/world/item/BucketItem
[13Jan2025 22:53:55.356] [main/DEBUG] [mixin/]: Mixing MixinBucketItem from thirst.mixin.json into net.minecraft.world.item.BucketItem
[13Jan2025 22:53:55.367] [main/DEBUG] [mixin/]: Mixing MapItemMixin from moonlight-common.mixins.json into net.minecraft.world.item.MapItem
[13Jan2025 22:53:55.368] [main/DEBUG] [mixin/]: Renaming synthetic method lambda$update$1(Lnet/minecraft/world/level/saveddata/maps/MapItemSavedData;Lnet/minecraft/world/entity/Entity;Ljava/util/concurrent/atomic/AtomicBoolean;Lnet/minecraft/resources/ResourceLocation;Lnet/mehvahdjukaar/moonlight/api/map/CustomMapData;)V to mdf0c2bd$lambda$update$1$0 in moonlight-common.mixins.json:MapItemMixin
[13Jan2025 22:53:55.369] [main/DEBUG] [mixin/]: Renaming synthetic method lambda$appendHoverText$0(Lnet/minecraft/world/level/saveddata/maps/MapItemSavedData;Lnet/minecraft/world/item/ItemStack;Ljava/util/List;Lnet/minecraft/resources/ResourceLocation;Lnet/mehvahdjukaar/moonlight/api/map/CustomMapData;)V to mdf0c2bd$lambda$appendHoverText$0$1 in moonlight-common.mixins.json:MapItemMixin
[13Jan2025 22:53:55.373] [main/DEBUG] [mixin/]: Mixing ShearItemMixin from moonlight-common.mixins.json into net.minecraft.world.item.ShearsItem
[13Jan2025 22:53:55.374] [main/DEBUG] [mixin/]: Mixing MixinShearsItem from curios.mixins.json into net.minecraft.world.item.ShearsItem
[13Jan2025 22:53:55.379] [main/DEBUG] [mixin/]: Mixing MixinPotionItem from thirst.mixin.json into net.minecraft.world.item.PotionItem
[13Jan2025 22:53:55.382] [main/DEBUG] [mixin/]: Mixing MixinBottleItem from thirst.mixin.json into net.minecraft.world.item.BottleItem
[13Jan2025 22:53:55.388] [main/DEBUG] [mixin/]: Mixing reinforced.WritableAndWrittenBookItemMixin from securitycraft.mixins.json into net.minecraft.world.item.WritableBookItem
[13Jan2025 22:53:55.392] [main/DEBUG] [mixin/]: Mixing reinforced.WritableAndWrittenBookItemMixin from securitycraft.mixins.json into net.minecraft.world.item.WrittenBookItem
[13Jan2025 22:53:55.411] [main/DEBUG] [mixin/]: Mixing suspiciousmines.BrushItemMixin from securitycraft.mixins.json into net.minecraft.world.item.BrushItem
[13Jan2025 22:53:55.412] [main/DEBUG] [mixin/]: Renaming synthetic method lambda$securitycraft$checkForSuspiciousMine$1(Lnet/minecraft/world/entity/player/Player;)V to mdf0c2bd$lambda$securitycraft$checkForSuspiciousMine$1$0 in securitycraft.mixins.json:suspiciousmines.BrushItemMixin
[13Jan2025 22:53:55.412] [main/DEBUG] [mixin/]: Renaming synthetic method lambda$securitycraft$makeSuspiciousMinesBrushablePartTwo$0(Lnet/minecraft/world/entity/Entity;)Z to mdf0c2bd$lambda$securitycraft$makeSuspiciousMinesBrushablePartTwo$0$1 in securitycraft.mixins.json:suspiciousmines.BrushItemMixin
[13Jan2025 22:53:55.461] [main/DEBUG] [mixin/]: Mixing MixinRecomputePath from zombieawareness.mixins.json into net.minecraft.world.entity.ai.navigation.PathNavigation
[13Jan2025 22:53:55.469] [main/DEBUG] [mixin/]: Mixing MobCategoryMixin from enhancedai.mixins.json into net.minecraft.world.entity.MobCategory
[13Jan2025 22:53:55.469] [main/DEBUG] [mixin/]: enhancedai.mixins.json:MobCategoryMixin: Class version 61 required is higher than the class version supported by the current version of Mixin (JAVA_8 supports class version 52)
[13Jan2025 22:53:55.734] [main/DEBUG] [mixin/]: Mixing CompoundTagMixin from sona.mixins.json into net.minecraft.nbt.CompoundTag
[13Jan2025 22:53:56.182] [main/DEBUG] [mixin/]: Mixing BeeMixin from immersive_weathering-common.mixins.json into net.minecraft.world.entity.animal.Bee
[13Jan2025 22:53:56.189] [main/DEBUG] [mixin/]: Mixing MeleeAttackGoalMixin from enhancedai.mixins.json into net.minecraft.world.entity.ai.goal.MeleeAttackGoal
[13Jan2025 22:53:56.190] [main/DEBUG] [mixin/]: enhancedai.mixins.json:MeleeAttackGoalMixin: Class version 61 required is higher than the class version supported by the current version of Mixin (JAVA_8 supports class version 52)
[13Jan2025 22:53:56.204] [main/DEBUG] [mixin/]: Mixing BeeGoalMixin from moonlight-common.mixins.json into net.minecraft.world.entity.animal.Bee$BeeGrowCropGoal
[13Jan2025 22:53:56.215] [main/DEBUG] [mixin/]: Mixing MixinPreventWandering from zombieawareness.mixins.json into net.minecraft.world.entity.ai.goal.RandomStrollGoal
[13Jan2025 22:53:56.220] [main/DEBUG] [mixin/]: Mixing customization.sit.DisplayMixin from kiwi.mixins.json into net.minecraft.world.entity.Display
[13Jan2025 22:53:56.226] [main/DEBUG] [mixin/]: Mixing boat.BoatMixin from securitycraft.mixins.json into net.minecraft.world.entity.vehicle.Boat
[13Jan2025 22:53:56.248] [main/DEBUG] [net.minecraftforge.coremod.transformer.CoreModBaseTransformer/COREMOD]: Transforming net/minecraft/world/entity/monster/Spider
[13Jan2025 22:53:56.264] [main/DEBUG] [mixin/]: Mixing AbstractSkeletonMixin from enhancedai.mixins.json into net.minecraft.world.entity.monster.AbstractSkeleton
[13Jan2025 22:53:56.265] [main/DEBUG] [mixin/]: enhancedai.mixins.json:AbstractSkeletonMixin: Class version 61 required is higher than the class version supported by the current version of Mixin (JAVA_8 supports class version 52)
[13Jan2025 22:53:56.286] [main/DEBUG] [mixin/]: Mixing CreeperMixin from enhancedai.mixins.json into net.minecraft.world.entity.monster.Creeper
[13Jan2025 22:53:56.287] [main/DEBUG] [mixin/]: enhancedai.mixins.json:CreeperMixin: Class version 61 required is higher than the class version supported by the current version of Mixin (JAVA_8 supports class version 52)
[13Jan2025 22:53:56.304] [main/DEBUG] [net.minecraftforge.coremod.transformer.CoreModBaseTransformer/COREMOD]: Transforming net/minecraft/world/entity/monster/Zombie
[13Jan2025 22:53:56.366] [main/DEBUG] [net.minecraftforge.coremod.transformer.CoreModBaseTransformer/COREMOD]: Transforming net/minecraft/world/entity/monster/ZombieVillager
[13Jan2025 22:53:56.436] [main/DEBUG] [net.minecraftforge.coremod.transformer.CoreModBaseTransformer/COREMOD]: Transforming net/minecraft/world/entity/monster/Evoker$EvokerSummonSpellGoal
[13Jan2025 22:53:56.452] [main/DEBUG] [mixin/]: Mixing FixBlockPlaceContextMixin from moonlight-common.mixins.json into net.minecraft.world.item.context.BlockPlaceContext
[13Jan2025 22:53:56.455] [main/DEBUG] [mixin/]: Mixing accessor.UseOnContextAccessor from create.mixins.json into net.minecraft.world.item.context.UseOnContext
[13Jan2025 22:53:56.518] [main/DEBUG] [mixin/]: Mixing MixinSlimeEntity from enhancedcelestials.mixins.json into net.minecraft.world.entity.monster.Slime
[13Jan2025 22:53:56.520] [main/DEBUG] [mixin/]: Mixing SlimeMixin from enhancedai.mixins.json into net.minecraft.world.entity.monster.Slime
[13Jan2025 22:53:56.520] [main/DEBUG] [mixin/]: enhancedai.mixins.json:SlimeMixin: Class version 61 required is higher than the class version supported by the current version of Mixin (JAVA_8 supports class version 52)
[13Jan2025 22:53:56.561] [main/DEBUG] [mixin/]: Mixing ThrownPotionMixin from moonlight-common.mixins.json into net.minecraft.world.entity.projectile.ThrownPotion
[13Jan2025 22:53:56.567] [main/DEBUG] [mixin/]: Mixing RabbitMixin from immersive_weathering-common.mixins.json into net.minecraft.world.entity.animal.Rabbit
[13Jan2025 22:53:56.568] [main/DEBUG] [mixin/]: Mixing RabbitsEatCabbageMixin from farmersdelight.mixins.json into net.minecraft.world.entity.animal.Rabbit
[13Jan2025 22:53:56.573] [main/DEBUG] [mixin/]: Mixing RabbitEatGoalMixin from immersive_weathering-common.mixins.json into net.minecraft.world.entity.animal.Rabbit$RaidGardenGoal
[13Jan2025 22:53:56.577] [main/DEBUG] [mixin/]: Mixing accessor.RavagerAccessor from mutantmonsters.common.mixins.json into net.minecraft.world.entity.monster.Ravager
[13Jan2025 22:53:56.578] [main/DEBUG] [mixin/]: Mixing RavagerMixin from enhancedai.mixins.json into net.minecraft.world.entity.monster.Ravager
[13Jan2025 22:53:56.578] [main/DEBUG] [mixin/]: enhancedai.mixins.json:RavagerMixin: Class version 61 required is higher than the class version supported by the current version of Mixin (JAVA_8 supports class version 52)
[13Jan2025 22:53:56.587] [main/DEBUG] [mixin/]: Mixing EatBlockGoalMixin from immersive_weathering-common.mixins.json into net.minecraft.world.entity.ai.goal.EatBlockGoal
[13Jan2025 22:53:56.593] [main/DEBUG] [mixin/]: Mixing ShulkerMixin from enhancedai.mixins.json into net.minecraft.world.entity.monster.Shulker
[13Jan2025 22:53:56.593] [main/DEBUG] [mixin/]: enhancedai.mixins.json:ShulkerMixin: Class version 61 required is higher than the class version supported by the current version of Mixin (JAVA_8 supports class version 52)
[13Jan2025 22:53:56.601] [main/DEBUG] [mixin/]: Mixing ShulkerBulletMixin from enhancedai.mixins.json into net.minecraft.world.entity.projectile.ShulkerBullet
[13Jan2025 22:53:56.601] [main/DEBUG] [mixin/]: enhancedai.mixins.json:ShulkerBulletMixin: Class version 61 required is higher than the class version supported by the current version of Mixin (JAVA_8 supports class version 52)
[13Jan2025 22:53:56.608] [main/DEBUG] [net.minecraftforge.coremod.transformer.CoreModBaseTransformer/COREMOD]: Transforming net/minecraft/world/entity/animal/horse/SkeletonTrapGoal
[13Jan2025 22:53:56.625] [main/DEBUG] [mixin/]: Mixing SnowballMixin from immersive_weathering-common.mixins.json into net.minecraft.world.entity.projectile.Snowball
[13Jan2025 22:53:56.628] [main/DEBUG] [mixin/]: Mixing SnowballMixin from enhancedai.mixins.json into net.minecraft.world.entity.projectile.Snowball
[13Jan2025 22:53:56.628] [main/DEBUG] [mixin/]: enhancedai.mixins.json:SnowballMixin: Class version 61 required is higher than the class version supported by the current version of Mixin (JAVA_8 supports class version 52)
[13Jan2025 22:53:56.637] [main/DEBUG] [net.minecraftforge.coremod.transformer.CoreModBaseTransformer/COREMOD]: Transforming net/minecraft/world/entity/monster/Strider
[13Jan2025 22:53:56.724] [main/DEBUG] [mixin/]: Mixing WardenMixin from enhancedai.mixins.json into net.minecraft.world.entity.monster.warden.Warden
[13Jan2025 22:53:56.724] [main/DEBUG] [mixin/]: enhancedai.mixins.json:WardenMixin: Class version 61 required is higher than the class version supported by the current version of Mixin (JAVA_8 supports class version 52)
[13Jan2025 22:53:56.733] [main/DEBUG] [mixin/]: Mixing chunk.MixinChunkAccess from corgilib-common.mixins.json into net.minecraft.world.level.chunk.ChunkAccess
[13Jan2025 22:53:56.737] [main/DEBUG] [mixin/]: Mixing LevelChunkMixin from moonlight-common.mixins.json into net.minecraft.world.level.chunk.LevelChunk
[13Jan2025 22:53:56.737] [main/DEBUG] [mixin/]: Mixing LevelChunkMixin from refurbished_furniture.common.mixins.json into net.minecraft.world.level.chunk.LevelChunk
[13Jan2025 22:53:56.738] [main/DEBUG] [mixin/]: Mixing access.ChunkAccessAccess from enhancedcelestials.mixins.json into net.minecraft.world.level.chunk.LevelChunk
[13Jan2025 22:53:56.738] [main/DEBUG] [mixin/]: Mixing chunk.MixinLevelChunk from corgilib-common.mixins.json into net.minecraft.world.level.chunk.LevelChunk
[13Jan2025 22:53:56.740] [main/WARN] [mixin/]: @Inject(@At("INVOKE_ASSIGN")) Shift.BY=2 on refurbished_furniture.common.mixins.json:LevelChunkMixin::handler$zji000$refurbishedFurniture$AfterRemoveBlockEntity exceeds the maximum allowed value: 0. Increase the value of maxShiftBy to suppress this warning.
[13Jan2025 22:53:56.760] [main/DEBUG] [net.minecraftforge.coremod.transformer.CoreModBaseTransformer/COREMOD]: Transforming net/minecraft/world/entity/npc/Villager
[13Jan2025 22:53:56.850] [main/DEBUG] [mixin/]: Mixing VillagerAccess from kiwi.mixins.json into net.minecraft.world.entity.npc.Villager
[13Jan2025 22:53:56.851] [main/DEBUG] [mixin/]: Renaming @Accessor method getWANTED_ITEMS()Ljava/util/Set; to getWANTED_ITEMS_$md$f0c2bd$0 in kiwi.mixins.json:VillagerAccess
[13Jan2025 22:53:56.852] [main/DEBUG] [mixin/]: Renaming @Accessor method setWANTED_ITEMS(Ljava/util/Set;)V to setWANTED_ITEMS_$md$f0c2bd$1 in kiwi.mixins.json:VillagerAccess
[13Jan2025 22:53:56.852] [main/DEBUG] [mixin/]: Renaming @Accessor method getFOOD_POINTS()Ljava/util/Map; to getFOOD_POINTS_$md$f0c2bd$2 in kiwi.mixins.json:VillagerAccess
[13Jan2025 22:53:56.852] [main/DEBUG] [mixin/]: Renaming @Accessor method setFOOD_POINTS(Ljava/util/Map;)V to setFOOD_POINTS_$md$f0c2bd$3 in kiwi.mixins.json:VillagerAccess
[13Jan2025 22:53:56.852] [main/DEBUG] [mixin/]: Mixing VillagerMixin from moonlight-common.mixins.json into net.minecraft.world.entity.npc.Villager
[13Jan2025 22:53:56.862] [main/DEBUG] [mixin/]: Mixing WitchMixin from enhancedai.mixins.json into net.minecraft.world.entity.monster.Witch
[13Jan2025 22:53:56.862] [main/DEBUG] [mixin/]: enhancedai.mixins.json:WitchMixin: Class version 61 required is higher than the class version supported by the current version of Mixin (JAVA_8 supports class version 52)
[13Jan2025 22:53:56.879] [main/DEBUG] [mixin/]: Mixing VindicatorMixin from enhancedai.mixins.json into net.minecraft.world.entity.monster.Vindicator
[13Jan2025 22:53:56.880] [main/DEBUG] [mixin/]: enhancedai.mixins.json:VindicatorMixin: Class version 61 required is higher than the class version supported by the current version of Mixin (JAVA_8 supports class version 52)
[13Jan2025 22:53:56.896] [main/DEBUG] [mixin/]: Mixing WitherSkeletonMixin from enhancedai.mixins.json into net.minecraft.world.entity.monster.WitherSkeleton
[13Jan2025 22:53:56.897] [main/DEBUG] [mixin/]: enhancedai.mixins.json:WitherSkeletonMixin: Class version 61 required is higher than the class version supported by the current version of Mixin (JAVA_8 supports class version 52)
[13Jan2025 22:53:56.934] [main/DEBUG] [net.minecraftforge.coremod.transformer.CoreModBaseTransformer/COREMOD]: Transforming net/minecraft/world/effect/MobEffectInstance
[13Jan2025 22:53:56.935] [main/DEBUG] [mixin/]: Mixing access.EffectInstanceAccess from enhancedcelestials.mixins.json into net.minecraft.world.effect.MobEffectInstance
[13Jan2025 22:53:56.957] [main/DEBUG] [mixin/]: Mixing ServerGamePacketListenerImplMixin from automobility.mixins.json into net.minecraft.server.network.ServerGamePacketListenerImpl
[13Jan2025 22:53:56.973] [main/DEBUG] [mixin/]: Mixing accessor.PotionBrewingForgeAccessor from puzzleslib.forge.mixins.json into net.minecraft.world.item.alchemy.PotionBrewing
[13Jan2025 22:53:56.973] [main/DEBUG] [mixin/]: Renaming @Accessor method puzzleslib$getPotionMixes()Ljava/util/List; to puzzleslib$getPotionMixes_$md$f0c2bd$0 in puzzleslib.forge.mixins.json:accessor.PotionBrewingForgeAccessor
[13Jan2025 22:53:56.973] [main/DEBUG] [mixin/]: Renaming @Accessor method puzzleslib$getContainerMixes()Ljava/util/List; to puzzleslib$getContainerMixes_$md$f0c2bd$1 in puzzleslib.forge.mixins.json:accessor.PotionBrewingForgeAccessor
[13Jan2025 22:53:56.973] [main/DEBUG] [mixin/]: Renaming @Accessor method puzzleslib$getAllowedContainers()Ljava/util/List; to puzzleslib$getAllowedContainers_$md$f0c2bd$2 in puzzleslib.forge.mixins.json:accessor.PotionBrewingForgeAccessor
[13Jan2025 22:53:56.995] [main/DEBUG] [mixin/]: Mixing accessor.AbstractProjectileDispenseBehaviorAccessor from create.mixins.json into net.minecraft.core.dispenser.AbstractProjectileDispenseBehavior
[13Jan2025 22:53:57.034] [main/DEBUG] [mixin/]: Mixing potion.BrewingStandMenuMixin from securitycraft.mixins.json into net.minecraft.world.inventory.BrewingStandMenu
[13Jan2025 22:53:57.068] [main/DEBUG] [mixin/]: Mixing accessors.RandomBlockMatchTestAccessor from immersive_weathering-common.mixins.json into net.minecraft.world.level.levelgen.structure.templatesystem.RandomBlockMatchTest
[13Jan2025 22:53:57.081] [main/DEBUG] [mixin/]: Mixing PFMPlayerInventoryMixin from pfm-common.mixins.json into net.minecraft.world.entity.player.Inventory
[13Jan2025 22:53:57.081] [main/DEBUG] [mixin/]: pfm-common.mixins.json:PFMPlayerInventoryMixin: Class version 60 required is higher than the class version supported by the current version of Mixin (JAVA_8 supports class version 52)
[13Jan2025 22:53:57.082] [main/DEBUG] [mixin/]: Mixing InventoryMixin from sona.mixins.json into net.minecraft.world.entity.player.Inventory
[13Jan2025 22:53:57.082] [main/DEBUG] [mixin/]: Mixing InventoryMixin from moonlight-common.mixins.json into net.minecraft.world.entity.player.Inventory
[13Jan2025 22:53:57.083] [main/DEBUG] [mixin/]: Mixing MixinInventory from curios.mixins.json into net.minecraft.world.entity.player.Inventory
[13Jan2025 22:53:57.090] [main/DEBUG] [mixin/]: Mixing SlotMixin from sona.mixins.json into net.minecraft.world.inventory.Slot
[13Jan2025 22:53:57.098] [main/DEBUG] [mixin/]: Mixing GrindstoneMenuSlotMixin from moonlight-common.mixins.json into net.minecraft.world.inventory.GrindstoneMenu$4
[13Jan2025 22:53:57.112] [main/DEBUG] [mixin/]: Mixing MapExtendingRecipeMixin from moonlight-common.mixins.json into net.minecraft.world.item.crafting.MapExtendingRecipe
[13Jan2025 22:53:57.115] [main/DEBUG] [mixin/]: Mixing ShapedRecipeAccess from kiwi.mixins.json into net.minecraft.world.item.crafting.ShapedRecipe
[13Jan2025 22:53:57.115] [main/DEBUG] [mixin/]: Renaming @Invoker method callKeyFromJson(Lcom/google/gson/JsonObject;)Ljava/util/Map; to callKeyFromJson_$md$f0c2bd$0 in kiwi.mixins.json:ShapedRecipeAccess
[13Jan2025 22:53:57.115] [main/DEBUG] [mixin/]: Renaming @Invoker method callPatternFromJson(Lcom/google/gson/JsonArray;)[Ljava/lang/String; to callPatternFromJson_$md$f0c2bd$1 in kiwi.mixins.json:ShapedRecipeAccess
[13Jan2025 22:53:57.115] [main/DEBUG] [mixin/]: Renaming @Invoker method callShrink([Ljava/lang/String;)[Ljava/lang/String; to callShrink_$md$f0c2bd$2 in kiwi.mixins.json:ShapedRecipeAccess
[13Jan2025 22:53:57.115] [main/DEBUG] [mixin/]: Renaming @Invoker method callDissolvePattern([Ljava/lang/String;Ljava/util/Map;II)Lnet/minecraft/core/NonNullList; to callDissolvePattern_$md$f0c2bd$3 in kiwi.mixins.json:ShapedRecipeAccess
[13Jan2025 22:53:57.177] [main/DEBUG] [mixin/]: Mixing PFMItemEntryAccessor from pfm.mixins.json into net.minecraft.world.level.storage.loot.entries.LootItem
[13Jan2025 22:53:57.178] [main/DEBUG] [mixin/]: pfm.mixins.json:PFMItemEntryAccessor: Class version 60 required is higher than the class version supported by the current version of Mixin (JAVA_8 supports class version 52)
[13Jan2025 22:53:57.200] [main/DEBUG] [mixin/]: Mixing MixinApplyBonusCount from curios.mixins.json into net.minecraft.world.level.storage.loot.functions.ApplyBonusCount
[13Jan2025 22:53:57.243] [main/DEBUG] [mixin/]: Mixing access.DimensionTypeAccess from enhancedcelestials.mixins.json into net.minecraft.world.level.dimension.DimensionType
[13Jan2025 22:53:57.320] [main/DEBUG] [mixin/]: Mixing MixinConfiguredFeature from enhancedcelestials.mixins.json into net.minecraft.world.level.levelgen.feature.ConfiguredFeature
[13Jan2025 22:53:57.415] [main/DEBUG] [net.minecraftforge.coremod.transformer.CoreModBaseTransformer/COREMOD]: Transforming net/minecraft/world/level/levelgen/structure/Structure
[13Jan2025 22:53:57.451] [main/DEBUG] [net.minecraftforge.coremod.transformer.CoreModBaseTransformer/COREMOD]: Transforming net/minecraft/world/level/levelgen/structure/structures/OceanRuinPieces$OceanRuinPiece
[13Jan2025 22:53:57.461] [main/DEBUG] [mixin/]: Mixing RuinedPortalPieceMixin from projectvibrantjourneys.mixins.json into net.minecraft.world.level.levelgen.structure.structures.RuinedPortalPiece
[13Jan2025 22:53:57.462] [main/DEBUG] [mixin/]: Renaming synthetic method lambda$postProcess$0(Lnet/minecraft/world/level/WorldGenLevel;Ldev/orderedchaos/projectvibrantjourneys/common/world/features/ruinednetherportals/RuinedNetherPortalDecorator;Lnet/minecraft/util/RandomSource;Lnet/minecraft/core/BlockPos;)V to mdf0c2bd$lambda$postProcess$0$0 in projectvibrantjourneys.mixins.json:RuinedPortalPieceMixin
[13Jan2025 22:53:57.469] [main/DEBUG] [net.minecraftforge.coremod.transformer.CoreModBaseTransformer/COREMOD]: Transforming net/minecraft/world/level/levelgen/structure/structures/SwampHutPiece
[13Jan2025 22:53:57.483] [main/DEBUG] [net.minecraftforge.coremod.transformer.CoreModBaseTransformer/COREMOD]: Transforming net/minecraft/world/level/levelgen/structure/structures/OceanMonumentPieces$OceanMonumentPiece
[13Jan2025 22:53:57.503] [main/DEBUG] [net.minecraftforge.coremod.transformer.CoreModBaseTransformer/COREMOD]: Transforming net/minecraft/world/level/levelgen/structure/structures/WoodlandMansionPieces$WoodlandMansionPiece
[13Jan2025 22:53:57.523] [main/DEBUG] [mixin/]: Mixing access.MobSpawnInfoAccess from enhancedcelestials.mixins.json into net.minecraft.world.level.biome.MobSpawnSettings
[13Jan2025 22:53:57.524] [main/DEBUG] [mixin/]: Renaming @Invoker method create(FLjava/util/Map;Ljava/util/Map;)Lnet/minecraft/world/level/biome/MobSpawnSettings; to create_$md$f0c2bd$0 in enhancedcelestials.mixins.json:access.MobSpawnInfoAccess
[13Jan2025 22:53:57.535] [main/DEBUG] [mixin/]: Mixing StructureTemplatePoolMixin from pointblank.mixins.json into net.minecraft.world.level.levelgen.structure.pools.StructureTemplatePool
[13Jan2025 22:53:57.606] [main/DEBUG] [net.minecraftforge.coremod.transformer.CoreModBaseTransformer/COREMOD]: Transforming net/minecraft/world/level/biome/Biome
[13Jan2025 22:53:57.606] [main/DEBUG] [mixin/]: Mixing accessors.BiomeAccessor from immersive_weathering-common.mixins.json into net.minecraft.world.level.biome.Biome
[13Jan2025 22:53:57.628] [main/DEBUG] [mixin/]: Mixing accessor.MobSpawnSettingsBuilderForgeAccessor from puzzleslib.forge.mixins.json into net.minecraft.world.level.biome.MobSpawnSettings$Builder
[13Jan2025 22:53:57.647] [main/DEBUG] [mixin/]: Mixing DelegatingOpsMixin from corgilib-common.mixins.json into net.minecraft.resources.DelegatingOps
[13Jan2025 22:53:57.827] [main/DEBUG] [net.minecraftforge.common.ForgeI18n/CORE]: Loading I18N data entries: 6430
[13Jan2025 22:53:57.842] [main/DEBUG] [net.minecraftforge.fml.ModWorkManager/LOADING]: Using 4 threads for parallel mod-loading
[13Jan2025 22:53:57.847] [main/DEBUG] [net.minecraftforge.fml.javafmlmod.FMLJavaModLanguageProvider/LOADING]: Loading FMLModContainer from classloader cpw.mods.modlauncher.TransformingClassLoader@1e1eeedd - got cpw.mods.cl.ModuleClassLoader@6d4a65c6
[13Jan2025 22:53:57.847] [main/DEBUG] [net.minecraftforge.fml.javafmlmod.FMLModContainer/LOADING]: Creating FMLModContainer instance for snownee.kiwi.Kiwi
[13Jan2025 22:53:57.852] [main/DEBUG] [net.minecraftforge.fml.javafmlmod.FMLJavaModLanguageProvider/LOADING]: Loading FMLModContainer from classloader cpw.mods.modlauncher.TransformingClassLoader@1e1eeedd - got cpw.mods.cl.ModuleClassLoader@6d4a65c6
[13Jan2025 22:53:57.853] [main/DEBUG] [net.minecraftforge.fml.javafmlmod.FMLModContainer/LOADING]: Creating FMLModContainer instance for com.scarasol.zombiekit.ZombieKitMod
[13Jan2025 22:53:57.853] [main/DEBUG] [net.minecraftforge.fml.javafmlmod.FMLJavaModLanguageProvider/LOADING]: Loading FMLModContainer from classloader cpw.mods.modlauncher.TransformingClassLoader@1e1eeedd - got cpw.mods.cl.ModuleClassLoader@6d4a65c6
[13Jan2025 22:53:57.853] [main/DEBUG] [net.minecraftforge.fml.javafmlmod.FMLModContainer/LOADING]: Creating FMLModContainer instance for fuzs.mutantmonsters.MutantMonstersForge
[13Jan2025 22:53:57.854] [main/DEBUG] [net.minecraftforge.fml.javafmlmod.FMLJavaModLanguageProvider/LOADING]: Loading FMLModContainer from classloader cpw.mods.modlauncher.TransformingClassLoader@1e1eeedd - got cpw.mods.cl.ModuleClassLoader@6d4a65c6
[13Jan2025 22:53:57.854] [main/DEBUG] [net.minecraftforge.fml.javafmlmod.FMLModContainer/LOADING]: Creating FMLModContainer instance for software.bernie.example.GeckoLibMod
[13Jan2025 22:53:57.854] [main/DEBUG] [net.minecraftforge.fml.javafmlmod.FMLJavaModLanguageProvider/LOADING]: Loading FMLModContainer from classloader cpw.mods.modlauncher.TransformingClassLoader@1e1eeedd - got cpw.mods.cl.ModuleClassLoader@6d4a65c6
[13Jan2025 22:53:57.854] [main/DEBUG] [net.minecraftforge.fml.javafmlmod.FMLModContainer/LOADING]: Creating FMLModContainer instance for dev.kosmx.playerAnim.forge.ForgeModInterface
[13Jan2025 22:53:57.855] [main/DEBUG] [net.minecraftforge.fml.javafmlmod.FMLJavaModLanguageProvider/LOADING]: Loading FMLModContainer from classloader cpw.mods.modlauncher.TransformingClassLoader@1e1eeedd - got cpw.mods.cl.ModuleClassLoader@6d4a65c6
[13Jan2025 22:53:57.855] [main/DEBUG] [net.minecraftforge.fml.javafmlmod.FMLModContainer/LOADING]: Creating FMLModContainer instance for mezz.jei.forge.JustEnoughItems
[13Jan2025 22:53:57.855] [main/DEBUG] [net.minecraftforge.fml.javafmlmod.FMLJavaModLanguageProvider/LOADING]: Loading FMLModContainer from classloader cpw.mods.modlauncher.TransformingClassLoader@1e1eeedd - got cpw.mods.cl.ModuleClassLoader@6d4a65c6
[13Jan2025 22:53:57.855] [main/DEBUG] [net.minecraftforge.fml.javafmlmod.FMLModContainer/LOADING]: Creating FMLModContainer instance for insane96mcp.insanelib.InsaneLib
[13Jan2025 22:53:57.856] [main/DEBUG] [net.minecraftforge.fml.javafmlmod.FMLJavaModLanguageProvider/LOADING]: Loading FMLModContainer from classloader cpw.mods.modlauncher.TransformingClassLoader@1e1eeedd - got cpw.mods.cl.ModuleClassLoader@6d4a65c6
[13Jan2025 22:53:57.856] [main/DEBUG] [net.minecraftforge.fml.javafmlmod.FMLModContainer/LOADING]: Creating FMLModContainer instance for com.ordana.immersive_weathering.forge.ImmersiveWeatheringForge
[13Jan2025 22:53:57.856] [main/DEBUG] [net.minecraftforge.fml.javafmlmod.FMLJavaModLanguageProvider/LOADING]: Loading FMLModContainer from classloader cpw.mods.modlauncher.TransformingClassLoader@1e1eeedd - got cpw.mods.cl.ModuleClassLoader@6d4a65c6
[13Jan2025 22:53:57.857] [main/DEBUG] [net.minecraftforge.fml.javafmlmod.FMLModContainer/LOADING]: Creating FMLModContainer instance for net.mcreator.zombiesmore.ZombiesmoreMod
[13Jan2025 22:53:57.857] [main/DEBUG] [net.minecraftforge.fml.javafmlmod.FMLJavaModLanguageProvider/LOADING]: Loading FMLModContainer from classloader cpw.mods.modlauncher.TransformingClassLoader@1e1eeedd - got cpw.mods.cl.ModuleClassLoader@6d4a65c6
[13Jan2025 22:53:57.857] [main/DEBUG] [net.minecraftforge.fml.javafmlmod.FMLModContainer/LOADING]: Creating FMLModContainer instance for team.creative.enhancedvisuals.EnhancedVisuals
[13Jan2025 22:53:57.858] [main/DEBUG] [net.minecraftforge.fml.javafmlmod.FMLJavaModLanguageProvider/LOADING]: Loading FMLModContainer from classloader cpw.mods.modlauncher.TransformingClassLoader@1e1eeedd - got cpw.mods.cl.ModuleClassLoader@6d4a65c6
[13Jan2025 22:53:57.858] [main/DEBUG] [net.minecraftforge.fml.javafmlmod.FMLModContainer/LOADING]: Creating FMLModContainer instance for com.corosus.zombieawareness.ZombieAwareness
[13Jan2025 22:53:57.859] [main/DEBUG] [net.minecraftforge.fml.javafmlmod.FMLJavaModLanguageProvider/LOADING]: Loading FMLModContainer from classloader cpw.mods.modlauncher.TransformingClassLoader@1e1eeedd - got cpw.mods.cl.ModuleClassLoader@6d4a65c6
[13Jan2025 22:53:57.859] [main/DEBUG] [net.minecraftforge.fml.javafmlmod.FMLModContainer/LOADING]: Creating FMLModContainer instance for com.llamalad7.mixinextras.platform.forge.MixinExtrasMod
[13Jan2025 22:53:57.860] [main/DEBUG] [net.minecraftforge.fml.javafmlmod.FMLJavaModLanguageProvider/LOADING]: Loading FMLModContainer from classloader cpw.mods.modlauncher.TransformingClassLoader@1e1eeedd - got cpw.mods.cl.ModuleClassLoader@6d4a65c6
[13Jan2025 22:53:57.860] [main/DEBUG] [net.minecraftforge.fml.javafmlmod.FMLModContainer/LOADING]: Creating FMLModContainer instance for com.mangomilk.design_decor.DesignDecor
[13Jan2025 22:53:57.860] [main/DEBUG] [net.minecraftforge.fml.javafmlmod.FMLJavaModLanguageProvider/LOADING]: Loading FMLModContainer from classloader cpw.mods.modlauncher.TransformingClassLoader@1e1eeedd - got cpw.mods.cl.ModuleClassLoader@6d4a65c6
[13Jan2025 22:53:57.860] [main/DEBUG] [net.minecraftforge.fml.javafmlmod.FMLModContainer/LOADING]: Creating FMLModContainer instance for net.mcreator.wegotrunnners.WegotrunnnersMod
[13Jan2025 22:53:57.861] [main/DEBUG] [net.minecraftforge.fml.javafmlmod.FMLJavaModLanguageProvider/LOADING]: Loading FMLModContainer from classloader cpw.mods.modlauncher.TransformingClassLoader@1e1eeedd - got cpw.mods.cl.ModuleClassLoader@6d4a65c6
[13Jan2025 22:53:57.861] [main/DEBUG] [net.minecraftforge.fml.javafmlmod.FMLModContainer/LOADING]: Creating FMLModContainer instance for fuzs.puzzlesaccessapi.impl.PuzzlesAccessApiForge
[13Jan2025 22:53:57.861] [main/DEBUG] [net.minecraftforge.fml.javafmlmod.FMLJavaModLanguageProvider/LOADING]: Loading FMLModContainer from classloader cpw.mods.modlauncher.TransformingClassLoader@1e1eeedd - got cpw.mods.cl.ModuleClassLoader@6d4a65c6
[13Jan2025 22:53:57.861] [main/DEBUG] [net.minecraftforge.fml.javafmlmod.FMLModContainer/LOADING]: Creating FMLModContainer instance for ichttt.mods.firstaid.FirstAid
[13Jan2025 22:53:57.862] [main/DEBUG] [net.minecraftforge.fml.javafmlmod.FMLJavaModLanguageProvider/LOADING]: Loading FMLModContainer from classloader cpw.mods.modlauncher.TransformingClassLoader@1e1eeedd - got cpw.mods.cl.ModuleClassLoader@6d4a65c6
[13Jan2025 22:53:57.862] [main/DEBUG] [net.minecraftforge.fml.javafmlmod.FMLModContainer/LOADING]: Creating FMLModContainer instance for net.minecraftforge.common.ForgeMod
[13Jan2025 22:53:57.864] [main/DEBUG] [net.minecraftforge.fml.javafmlmod.FMLJavaModLanguageProvider/LOADING]: Loading FMLModContainer from classloader cpw.mods.modlauncher.TransformingClassLoader@1e1eeedd - got cpw.mods.cl.ModuleClassLoader@6d4a65c6
[13Jan2025 22:53:57.864] [main/DEBUG] [net.minecraftforge.fml.javafmlmod.FMLModContainer/LOADING]: Creating FMLModContainer instance for com.unlikepaladin.pfm.forge.PaladinFurnitureModForge
[13Jan2025 22:53:57.865] [main/DEBUG] [net.minecraftforge.fml.javafmlmod.FMLJavaModLanguageProvider/LOADING]: Loading FMLModContainer from classloader cpw.mods.modlauncher.TransformingClassLoader@1e1eeedd - got cpw.mods.cl.ModuleClassLoader@6d4a65c6
[13Jan2025 22:53:57.865] [main/DEBUG] [net.minecraftforge.fml.javafmlmod.FMLModContainer/LOADING]: Creating FMLModContainer instance for com.scarasol.sona.SonaMod
[13Jan2025 22:53:57.865] [main/DEBUG] [net.minecraftforge.fml.javafmlmod.FMLJavaModLanguageProvider/LOADING]: Loading FMLModContainer from classloader cpw.mods.modlauncher.TransformingClassLoader@1e1eeedd - got cpw.mods.cl.ModuleClassLoader@6d4a65c6
[13Jan2025 22:53:57.865] [main/DEBUG] [net.minecraftforge.fml.javafmlmod.FMLModContainer/LOADING]: Creating FMLModContainer instance for me.jellysquid.mods.sodium.client.SodiumClientMod
[13Jan2025 22:53:57.866] [main/DEBUG] [net.minecraftforge.fml.javafmlmod.FMLJavaModLanguageProvider/LOADING]: Loading FMLModContainer from classloader cpw.mods.modlauncher.TransformingClassLoader@1e1eeedd - got cpw.mods.cl.ModuleClassLoader@6d4a65c6
[13Jan2025 22:53:57.866] [main/DEBUG] [net.minecraftforge.fml.javafmlmod.FMLModContainer/LOADING]: Creating FMLModContainer instance for me.jellysquid.mods.sodium.client.RubidiumStub
[13Jan2025 22:53:57.867] [main/DEBUG] [net.minecraftforge.fml.javafmlmod.FMLJavaModLanguageProvider/LOADING]: Loading FMLModContainer from classloader cpw.mods.modlauncher.TransformingClassLoader@1e1eeedd - got cpw.mods.cl.ModuleClassLoader@6d4a65c6
[13Jan2025 22:53:57.867] [main/DEBUG] [net.minecraftforge.fml.javafmlmod.FMLModContainer/LOADING]: Creating FMLModContainer instance for zombie_extreme.ZombieExtremeMod
[13Jan2025 22:53:57.867] [main/DEBUG] [net.minecraftforge.fml.javafmlmod.FMLJavaModLanguageProvider/LOADING]: Loading FMLModContainer from classloader cpw.mods.modlauncher.TransformingClassLoader@1e1eeedd - got cpw.mods.cl.ModuleClassLoader@6d4a65c6
[13Jan2025 22:53:57.867] [main/DEBUG] [net.minecraftforge.fml.javafmlmod.FMLModContainer/LOADING]: Creating FMLModContainer instance for en.predator.horrorelementmod.HorrorElementModMod
[13Jan2025 22:53:57.868] [main/DEBUG] [net.minecraftforge.fml.javafmlmod.FMLJavaModLanguageProvider/LOADING]: Loading FMLModContainer from classloader cpw.mods.modlauncher.TransformingClassLoader@1e1eeedd - got cpw.mods.cl.ModuleClassLoader@6d4a65c6
[13Jan2025 22:53:57.868] [main/DEBUG] [net.minecraftforge.fml.javafmlmod.FMLModContainer/LOADING]: Creating FMLModContainer instance for vectorwing.farmersdelight.FarmersDelight
[13Jan2025 22:53:57.868] [main/DEBUG] [net.minecraftforge.fml.javafmlmod.FMLJavaModLanguageProvider/LOADING]: Loading FMLModContainer from classloader cpw.mods.modlauncher.TransformingClassLoader@1e1eeedd - got cpw.mods.cl.ModuleClassLoader@6d4a65c6
[13Jan2025 22:53:57.868] [main/DEBUG] [net.minecraftforge.fml.javafmlmod.FMLModContainer/LOADING]: Creating FMLModContainer instance for de.maxhenkel.voicechat.ForgeVoicechatMod
[13Jan2025 22:53:57.869] [main/DEBUG] [net.minecraftforge.fml.javafmlmod.FMLJavaModLanguageProvider/LOADING]: Loading FMLModContainer from classloader cpw.mods.modlauncher.TransformingClassLoader@1e1eeedd - got cpw.mods.cl.ModuleClassLoader@6d4a65c6
[13Jan2025 22:53:57.869] [main/DEBUG] [net.minecraftforge.fml.javafmlmod.FMLModContainer/LOADING]: Creating FMLModContainer instance for com.sonicether.soundphysics.ForgeSoundPhysicsMod
[13Jan2025 22:53:57.870] [main/DEBUG] [net.minecraftforge.fml.javafmlmod.FMLJavaModLanguageProvider/LOADING]: Loading FMLModContainer from classloader cpw.mods.modlauncher.TransformingClassLoader@1e1eeedd - got cpw.mods.cl.ModuleClassLoader@6d4a65c6
[13Jan2025 22:53:57.870] [main/DEBUG] [net.minecraftforge.fml.javafmlmod.FMLModContainer/LOADING]: Creating FMLModContainer instance for net.mehvahdjukaar.moonlight.forge.MoonlightForge
[13Jan2025 22:53:57.870] [main/DEBUG] [net.minecraftforge.fml.javafmlmod.FMLJavaModLanguageProvider/LOADING]: Loading FMLModContainer from classloader cpw.mods.modlauncher.TransformingClassLoader@1e1eeedd - got cpw.mods.cl.ModuleClassLoader@6d4a65c6
[13Jan2025 22:53:57.870] [main/DEBUG] [net.minecraftforge.fml.javafmlmod.FMLModContainer/LOADING]: Creating FMLModContainer instance for com.eruannie_9.extragore.ExtraGore
[13Jan2025 22:53:57.871] [main/DEBUG] [net.minecraftforge.fml.javafmlmod.FMLJavaModLanguageProvider/LOADING]: Loading FMLModContainer from classloader cpw.mods.modlauncher.TransformingClassLoader@1e1eeedd - got cpw.mods.cl.ModuleClassLoader@6d4a65c6
[13Jan2025 22:53:57.871] [main/DEBUG] [net.minecraftforge.fml.javafmlmod.FMLModContainer/LOADING]: Creating FMLModContainer instance for team.creative.ambientsounds.AmbientSounds
[13Jan2025 22:53:57.871] [main/DEBUG] [net.minecraftforge.fml.javafmlmod.FMLJavaModLanguageProvider/LOADING]: Loading FMLModContainer from classloader cpw.mods.modlauncher.TransformingClassLoader@1e1eeedd - got cpw.mods.cl.ModuleClassLoader@6d4a65c6
[13Jan2025 22:53:57.871] [main/DEBUG] [net.minecraftforge.fml.javafmlmod.FMLModContainer/LOADING]: Creating FMLModContainer instance for dev.orderedchaos.projectvibrantjourneys.core.ProjectVibrantJourneys
[13Jan2025 22:53:57.872] [main/DEBUG] [net.minecraftforge.fml.javafmlmod.FMLJavaModLanguageProvider/LOADING]: Loading FMLModContainer from classloader cpw.mods.modlauncher.TransformingClassLoader@1e1eeedd - got cpw.mods.cl.ModuleClassLoader@6d4a65c6
[13Jan2025 22:53:57.872] [main/DEBUG] [net.minecraftforge.fml.javafmlmod.FMLModContainer/LOADING]: Creating FMLModContainer instance for snownee.jade.util.CommonProxy
[13Jan2025 22:53:57.873] [main/DEBUG] [net.minecraftforge.fml.javafmlmod.FMLJavaModLanguageProvider/LOADING]: Loading FMLModContainer from classloader cpw.mods.modlauncher.TransformingClassLoader@1e1eeedd - got cpw.mods.cl.ModuleClassLoader@6d4a65c6
[13Jan2025 22:53:57.873] [main/DEBUG] [net.minecraftforge.fml.javafmlmod.FMLModContainer/LOADING]: Creating FMLModContainer instance for me.xjqsh.lesraisinsarmor.LesRaisinsArmor
[13Jan2025 22:53:57.874] [main/DEBUG] [net.minecraftforge.fml.javafmlmod.FMLJavaModLanguageProvider/LOADING]: Loading FMLModContainer from classloader cpw.mods.modlauncher.TransformingClassLoader@1e1eeedd - got cpw.mods.cl.ModuleClassLoader@6d4a65c6
[13Jan2025 22:53:57.874] [main/DEBUG] [net.minecraftforge.fml.javafmlmod.FMLModContainer/LOADING]: Creating FMLModContainer instance for team.creative.creativecore.CreativeCore
[13Jan2025 22:53:57.875] [main/DEBUG] [net.minecraftforge.fml.javafmlmod.FMLJavaModLanguageProvider/LOADING]: Loading FMLModContainer from classloader cpw.mods.modlauncher.TransformingClassLoader@1e1eeedd - got cpw.mods.cl.ModuleClassLoader@6d4a65c6
[13Jan2025 22:53:57.875] [main/DEBUG] [net.minecraftforge.fml.javafmlmod.FMLModContainer/LOADING]: Creating FMLModContainer instance for zombie_island.ZombieIslandMod
[13Jan2025 22:53:57.875] [main/DEBUG] [net.minecraftforge.fml.javafmlmod.FMLJavaModLanguageProvider/LOADING]: Loading FMLModContainer from classloader cpw.mods.modlauncher.TransformingClassLoader@1e1eeedd - got cpw.mods.cl.ModuleClassLoader@6d4a65c6
[13Jan2025 22:53:57.875] [main/DEBUG] [net.minecraftforge.fml.javafmlmod.FMLModContainer/LOADING]: Creating FMLModContainer instance for net.mcreator.extinction.ExtinctionMod
[13Jan2025 22:53:57.876] [main/DEBUG] [net.minecraftforge.fml.javafmlmod.FMLJavaModLanguageProvider/LOADING]: Loading FMLModContainer from classloader cpw.mods.modlauncher.TransformingClassLoader@1e1eeedd - got cpw.mods.cl.ModuleClassLoader@6d4a65c6
[13Jan2025 22:53:57.876] [main/DEBUG] [net.minecraftforge.fml.javafmlmod.FMLModContainer/LOADING]: Creating FMLModContainer instance for top.theillusivec4.curios.Curios
[13Jan2025 22:53:57.876] [main/DEBUG] [net.minecraftforge.fml.javafmlmod.FMLJavaModLanguageProvider/LOADING]: Loading FMLModContainer from classloader cpw.mods.modlauncher.TransformingClassLoader@1e1eeedd - got cpw.mods.cl.ModuleClassLoader@6d4a65c6
[13Jan2025 22:53:57.877] [main/DEBUG] [net.minecraftforge.fml.javafmlmod.FMLModContainer/LOADING]: Creating FMLModContainer instance for com.jozufozu.flywheel.Flywheel
[13Jan2025 22:53:57.877] [main/DEBUG] [net.minecraftforge.fml.javafmlmod.FMLJavaModLanguageProvider/LOADING]: Loading FMLModContainer from classloader cpw.mods.modlauncher.TransformingClassLoader@1e1eeedd - got cpw.mods.cl.ModuleClassLoader@6d4a65c6
[13Jan2025 22:53:57.877] [main/DEBUG] [net.minecraftforge.fml.javafmlmod.FMLModContainer/LOADING]: Creating FMLModContainer instance for com.simibubi.create.Create
[13Jan2025 22:53:57.878] [main/DEBUG] [net.minecraftforge.fml.javafmlmod.FMLJavaModLanguageProvider/LOADING]: Loading FMLModContainer from classloader cpw.mods.modlauncher.TransformingClassLoader@1e1eeedd - got cpw.mods.cl.ModuleClassLoader@6d4a65c6
[13Jan2025 22:53:57.878] [main/DEBUG] [net.minecraftforge.fml.javafmlmod.FMLModContainer/LOADING]: Creating FMLModContainer instance for net.irisshaders.iris.Iris
[13Jan2025 22:53:57.879] [main/DEBUG] [net.minecraftforge.fml.javafmlmod.FMLJavaModLanguageProvider/LOADING]: Loading FMLModContainer from classloader cpw.mods.modlauncher.TransformingClassLoader@1e1eeedd - got cpw.mods.cl.ModuleClassLoader@6d4a65c6
[13Jan2025 22:53:57.880] [main/DEBUG] [net.minecraftforge.fml.javafmlmod.FMLModContainer/LOADING]: Creating FMLModContainer instance for net.geforcemods.securitycraft.SecurityCraft
[13Jan2025 22:53:57.881] [main/DEBUG] [net.minecraftforge.fml.javafmlmod.FMLJavaModLanguageProvider/LOADING]: Loading FMLModContainer from classloader cpw.mods.modlauncher.TransformingClassLoader@1e1eeedd - got cpw.mods.cl.ModuleClassLoader@6d4a65c6
[13Jan2025 22:53:57.881] [main/DEBUG] [net.minecraftforge.fml.javafmlmod.FMLModContainer/LOADING]: Creating FMLModContainer instance for dev.ghen.thirst.Thirst
[13Jan2025 22:53:57.881] [main/DEBUG] [net.minecraftforge.fml.javafmlmod.FMLJavaModLanguageProvider/LOADING]: Loading FMLModContainer from classloader cpw.mods.modlauncher.TransformingClassLoader@1e1eeedd - got cpw.mods.cl.ModuleClassLoader@6d4a65c6
[13Jan2025 22:53:57.881] [main/DEBUG] [net.minecraftforge.fml.javafmlmod.FMLModContainer/LOADING]: Creating FMLModContainer instance for com.vicmatskiv.pointblank.PointBlankMod
[13Jan2025 22:53:57.883] [main/DEBUG] [net.minecraftforge.fml.javafmlmod.FMLJavaModLanguageProvider/LOADING]: Loading FMLModContainer from classloader cpw.mods.modlauncher.TransformingClassLoader@1e1eeedd - got cpw.mods.cl.ModuleClassLoader@6d4a65c6
[13Jan2025 22:53:57.883] [main/DEBUG] [net.minecraftforge.fml.javafmlmod.FMLModContainer/LOADING]: Creating FMLModContainer instance for com.jeremyseq.damageindicator.DamageIndicator
[13Jan2025 22:53:57.883] [main/DEBUG] [net.minecraftforge.fml.javafmlmod.FMLJavaModLanguageProvider/LOADING]: Loading FMLModContainer from classloader cpw.mods.modlauncher.TransformingClassLoader@1e1eeedd - got cpw.mods.cl.ModuleClassLoader@6d4a65c6
[13Jan2025 22:53:57.883] [main/DEBUG] [net.minecraftforge.fml.javafmlmod.FMLModContainer/LOADING]: Creating FMLModContainer instance for com.corosus.coroutil.loader.forge.ConfigModForge
[13Jan2025 22:53:57.884] [main/DEBUG] [net.minecraftforge.fml.javafmlmod.FMLJavaModLanguageProvider/LOADING]: Loading FMLModContainer from classloader cpw.mods.modlauncher.TransformingClassLoader@1e1eeedd - got cpw.mods.cl.ModuleClassLoader@6d4a65c6
[13Jan2025 22:53:57.884] [main/DEBUG] [net.minecraftforge.fml.javafmlmod.FMLModContainer/LOADING]: Creating FMLModContainer instance for io.github.foundationgames.automobility.forge.AutomobilityForge
[13Jan2025 22:53:57.884] [main/DEBUG] [net.minecraftforge.fml.javafmlmod.FMLJavaModLanguageProvider/LOADING]: Loading FMLModContainer from classloader cpw.mods.modlauncher.TransformingClassLoader@1e1eeedd - got cpw.mods.cl.ModuleClassLoader@6d4a65c6
[13Jan2025 22:53:57.884] [main/DEBUG] [net.minecraftforge.fml.javafmlmod.FMLModContainer/LOADING]: Creating FMLModContainer instance for com.gitlab.srcmc.powered_flashlight.forge.ModForge
[13Jan2025 22:53:57.885] [main/DEBUG] [net.minecraftforge.fml.javafmlmod.FMLJavaModLanguageProvider/LOADING]: Loading FMLModContainer from classloader cpw.mods.modlauncher.TransformingClassLoader@1e1eeedd - got cpw.mods.cl.ModuleClassLoader@6d4a65c6
[13Jan2025 22:53:57.885] [main/DEBUG] [net.minecraftforge.fml.javafmlmod.FMLModContainer/LOADING]: Creating FMLModContainer instance for com.builtbroken.ai.improvements.AIImprovements
[13Jan2025 22:53:57.885] [main/DEBUG] [net.minecraftforge.fml.javafmlmod.FMLJavaModLanguageProvider/LOADING]: Loading FMLModContainer from classloader cpw.mods.modlauncher.TransformingClassLoader@1e1eeedd - got cpw.mods.cl.ModuleClassLoader@6d4a65c6
[13Jan2025 22:53:57.885] [main/DEBUG] [net.minecraftforge.fml.javafmlmod.FMLModContainer/LOADING]: Creating FMLModContainer instance for com.mrcrayfish.furniture.refurbished.FurnitureMod
[13Jan2025 22:53:57.886] [main/DEBUG] [net.minecraftforge.fml.javafmlmod.FMLJavaModLanguageProvider/LOADING]: Loading FMLModContainer from classloader cpw.mods.modlauncher.TransformingClassLoader@1e1eeedd - got cpw.mods.cl.ModuleClassLoader@6d4a65c6
[13Jan2025 22:53:57.886] [main/DEBUG] [net.minecraftforge.fml.javafmlmod.FMLModContainer/LOADING]: Creating FMLModContainer instance for fuzs.puzzleslib.impl.PuzzlesLibForge
[13Jan2025 22:53:57.886] [main/DEBUG] [net.minecraftforge.fml.javafmlmod.FMLJavaModLanguageProvider/LOADING]: Loading FMLModContainer from classloader cpw.mods.modlauncher.TransformingClassLoader@1e1eeedd - got cpw.mods.cl.ModuleClassLoader@6d4a65c6
[13Jan2025 22:53:57.886] [main/DEBUG] [net.minecraftforge.fml.javafmlmod.FMLModContainer/LOADING]: Creating FMLModContainer instance for corgitaco.enhancedcelestials.forge.EnhancedCelestialsForge
[13Jan2025 22:53:57.887] [main/DEBUG] [net.minecraftforge.fml.javafmlmod.FMLJavaModLanguageProvider/LOADING]: Loading FMLModContainer from classloader cpw.mods.modlauncher.TransformingClassLoader@1e1eeedd - got cpw.mods.cl.ModuleClassLoader@6d4a65c6
[13Jan2025 22:53:57.887] [main/DEBUG] [net.minecraftforge.fml.javafmlmod.FMLModContainer/LOADING]: Creating FMLModContainer instance for corgitaco.corgilib.forge.CorgiLibForge
[13Jan2025 22:53:57.887] [main/DEBUG] [net.minecraftforge.fml.javafmlmod.FMLJavaModLanguageProvider/LOADING]: Loading FMLModContainer from classloader cpw.mods.modlauncher.TransformingClassLoader@1e1eeedd - got cpw.mods.cl.ModuleClassLoader@6d4a65c6
[13Jan2025 22:53:57.887] [main/DEBUG] [net.minecraftforge.fml.javafmlmod.FMLModContainer/LOADING]: Creating FMLModContainer instance for insane96mcp.enhancedai.EnhancedAI
[13Jan2025 22:53:57.888] [main/DEBUG] [net.minecraftforge.fml.javafmlmod.FMLJavaModLanguageProvider/LOADING]: Loading FMLModContainer from classloader cpw.mods.modlauncher.TransformingClassLoader@1e1eeedd - got cpw.mods.cl.ModuleClassLoader@6d4a65c6
[13Jan2025 22:53:57.888] [main/DEBUG] [net.minecraftforge.fml.javafmlmod.FMLModContainer/LOADING]: Creating FMLModContainer instance for com.mrcrayfish.framework.FrameworkForge
[13Jan2025 22:53:57.888] [main/DEBUG] [net.minecraftforge.fml.javafmlmod.FMLJavaModLanguageProvider/LOADING]: Loading FMLModContainer from classloader cpw.mods.modlauncher.TransformingClassLoader@1e1eeedd - got cpw.mods.cl.ModuleClassLoader@6d4a65c6
[13Jan2025 22:53:57.889] [main/DEBUG] [net.minecraftforge.fml.javafmlmod.FMLModContainer/LOADING]: Creating FMLModContainer instance for createtaczauto.CreatetaczautoMod
[13Jan2025 22:53:57.889] [main/DEBUG] [net.minecraftforge.fml.javafmlmod.FMLJavaModLanguageProvider/LOADING]: Loading FMLModContainer from classloader cpw.mods.modlauncher.TransformingClassLoader@1e1eeedd - got cpw.mods.cl.ModuleClassLoader@6d4a65c6
[13Jan2025 22:53:57.889] [main/DEBUG] [net.minecraftforge.fml.javafmlmod.FMLModContainer/LOADING]: Creating FMLModContainer instance for net.mcreator.horde_hoard.HordeHoardMod
[13Jan2025 22:53:57.890] [main/DEBUG] [net.minecraftforge.fml.javafmlmod.FMLJavaModLanguageProvider/LOADING]: Loading FMLModContainer from classloader cpw.mods.modlauncher.TransformingClassLoader@1e1eeedd - got cpw.mods.cl.ModuleClassLoader@6d4a65c6
[13Jan2025 22:53:57.890] [main/DEBUG] [net.minecraftforge.fml.javafmlmod.FMLModContainer/LOADING]: Creating FMLModContainer instance for org.teacon.xkdeco.util.CommonProxy
[13Jan2025 22:53:57.890] [main/DEBUG] [net.minecraftforge.fml.javafmlmod.FMLJavaModLanguageProvider/LOADING]: Loading FMLModContainer from classloader cpw.mods.modlauncher.TransformingClassLoader@1e1eeedd - got cpw.mods.cl.ModuleClassLoader@6d4a65c6
[13Jan2025 22:53:57.890] [main/DEBUG] [net.minecraftforge.fml.javafmlmod.FMLModContainer/LOADING]: Creating FMLModContainer instance for dev.xylonity.explosiveenhancement.ExplosiveEnhancement
[13Jan2025 22:53:57.891] [main/DEBUG] [net.minecraftforge.fml.javafmlmod.FMLJavaModLanguageProvider/LOADING]: Loading FMLModContainer from classloader cpw.mods.modlauncher.TransformingClassLoader@1e1eeedd - got cpw.mods.cl.ModuleClassLoader@6d4a65c6
[13Jan2025 22:53:57.891] [main/DEBUG] [net.minecraftforge.fml.javafmlmod.FMLModContainer/LOADING]: Creating FMLModContainer instance for team.creative.playerrevive.PlayerRevive
[13Jan2025 22:53:57.892] [main/DEBUG] [net.minecraftforge.fml.javafmlmod.FMLJavaModLanguageProvider/LOADING]: Loading FMLModContainer from classloader cpw.mods.modlauncher.TransformingClassLoader@1e1eeedd - got cpw.mods.cl.ModuleClassLoader@6d4a65c6
[13Jan2025 22:53:57.892] [main/DEBUG] [net.minecraftforge.fml.javafmlmod.FMLModContainer/LOADING]: Creating FMLModContainer instance for eu.ha3.presencefootsteps.PresenceFootsteps
[13Jan2025 22:53:57.912] [modloading-worker-0/DEBUG] [net.minecraftforge.fml.javafmlmod.AutomaticEventSubscriber/LOADING]: Attempting to inject @EventBusSubscriber classes into the eventbus for mutantmonsters
[13Jan2025 22:53:57.915] [modloading-worker-0/DEBUG] [net.minecraftforge.fml.config.ConfigTracker/CONFIG]: Config file zombiekit-common.toml for zombiekit tracking
[13Jan2025 22:53:57.923] [modloading-worker-0/INFO] [snownee.kiwi.Kiwi/]: Kiwi Customization is enabled
[13Jan2025 22:53:57.929] [modloading-worker-0/DEBUG] [net.minecraftforge.fml.javafmlmod.AutomaticEventSubscriber/LOADING]: Auto-subscribing fuzs.mutantmonsters.MutantMonstersForge to MOD
[13Jan2025 22:53:57.985] [modloading-worker-0/DEBUG] [net.minecraftforge.fml.javafmlmod.AutomaticEventSubscriber/LOADING]: Attempting to inject @EventBusSubscriber classes into the eventbus for geckolib
[13Jan2025 22:53:57.987] [modloading-worker-0/DEBUG] [net.minecraftforge.fml.javafmlmod.AutomaticEventSubscriber/LOADING]: Auto-subscribing software.bernie.example.GeckoLibMod to FORGE
[13Jan2025 22:53:57.998] [modloading-worker-0/DEBUG] [net.minecraftforge.fml.javafmlmod.AutomaticEventSubscriber/LOADING]: Auto-subscribing software.bernie.example.CommonListener to MOD
[13Jan2025 22:53:58.000] [modloading-worker-0/DEBUG] [net.minecraftforge.fml.javafmlmod.AutomaticEventSubscriber/LOADING]: Attempting to inject @EventBusSubscriber classes into the eventbus for playeranimator
[13Jan2025 22:53:58.003] [modloading-worker-0/DEBUG] [net.minecraftforge.fml.config.ConfigTracker/CONFIG]: Config file jei-server.toml for jei tracking
[13Jan2025 22:53:58.007] [modloading-worker-0/DEBUG] [net.minecraftforge.fml.javafmlmod.AutomaticEventSubscriber/LOADING]: Attempting to inject @EventBusSubscriber classes into the eventbus for jei
[13Jan2025 22:53:58.023] [modloading-worker-0/INFO] [Puzzles Lib/]: Constructing common components for mutantmonsters:main
[13Jan2025 22:53:58.026] [modloading-worker-0/INFO] [insane96mcp.insanelib.InsaneLib/]: Found (COMMON) InsaneLib Feature class insane96mcp.insanelib.module.base.TagsFeature
[13Jan2025 22:53:58.049] [modloading-worker-0/DEBUG] [net.minecraftforge.fml.config.ConfigTracker/CONFIG]: Config file mutantmonsters-common.toml for mutantmonsters tracking
[13Jan2025 22:53:58.063] [modloading-worker-0/DEBUG] [mixin/]: Mixing ExplosionAccessor from enhancedvisuals.mixins.json into net.minecraft.world.level.Explosion
[13Jan2025 22:53:58.064] [modloading-worker-0/DEBUG] [mixin/]: Mixing MixinExplosion from enhancedvisuals.mixins.json into net.minecraft.world.level.Explosion
[13Jan2025 22:53:58.071] [modloading-worker-0/DEBUG] [net.minecraftforge.fml.config.ConfigTracker/CONFIG]: Config file mutantmonsters-server.toml for mutantmonsters tracking
[13Jan2025 22:53:58.090] [modloading-worker-0/INFO] [insane96mcp.insanelib.InsaneLib/]: Found (COMMON) InsaneLib Feature class insane96mcp.insanelib.module.base.FixFeature
[13Jan2025 22:53:58.111] [modloading-worker-0/INFO] [insane96mcp.insanelib.InsaneLib/]: Found (COMMON) InsaneLib Feature class insane96mcp.insanelib.module.base.BaseFeature
[13Jan2025 22:53:58.112] [modloading-worker-0/INFO] [insane96mcp.insanelib.InsaneLib/]: Found (COMMON) InsaneLib Feature class insane96mcp.insanelib.module.base.AEC3DFeature
[13Jan2025 22:53:58.114] [modloading-worker-0/DEBUG] [mixin/]: Mixing ReloadableServerResourcesMixin from xkdeco.mixins.json into net.minecraft.server.ReloadableServerResources
[13Jan2025 22:53:58.115] [modloading-worker-0/DEBUG] [mixin/]: xkdeco.mixins.json:ReloadableServerResourcesMixin: Class version 61 required is higher than the class version supported by the current version of Mixin (JAVA_16 supports class version 60)
[13Jan2025 22:53:58.133] [modloading-worker-0/DEBUG] [net.minecraftforge.fml.config.ConfigTracker/CONFIG]: Config file insanelib-common.toml for insanelib tracking
[13Jan2025 22:53:58.141] [modloading-worker-0/DEBUG] [net.minecraftforge.fml.javafmlmod.AutomaticEventSubscriber/LOADING]: Attempting to inject @EventBusSubscriber classes into the eventbus for zombiekit
[13Jan2025 22:53:58.142] [modloading-worker-0/DEBUG] [net.minecraftforge.fml.javafmlmod.AutomaticEventSubscriber/LOADING]: Auto-subscribing com.scarasol.zombiekit.init.ZombieKitSounds to MOD
[13Jan2025 22:53:58.142] [modloading-worker-0/DEBUG] [net.minecraftforge.fml.javafmlmod.AutomaticEventSubscriber/LOADING]: Auto-subscribing com.scarasol.zombiekit.init.ZombieKitEntities to MOD
[13Jan2025 22:53:58.142] [modloading-worker-0/DEBUG] [net.minecraftforge.fml.javafmlmod.AutomaticEventSubscriber/LOADING]: Auto-subscribing com.scarasol.zombiekit.event.EventHandler to FORGE
[13Jan2025 22:53:58.145] [modloading-worker-0/INFO] [snownee.kiwi.Kiwi/INIT]: Processing 6 KiwiModule annotations
[13Jan2025 22:53:58.146] [modloading-worker-0/DEBUG] [net.minecraftforge.fml.javafmlmod.AutomaticEventSubscriber/LOADING]: Attempting to inject @EventBusSubscriber classes into the eventbus for insanelib
[13Jan2025 22:53:58.147] [modloading-worker-0/DEBUG] [net.minecraftforge.fml.javafmlmod.AutomaticEventSubscriber/LOADING]: Auto-subscribing insane96mcp.insanelib.world.scheduled.ScheduledTasks to FORGE
[13Jan2025 22:53:58.157] [modloading-worker-0/DEBUG] [net.minecraftforge.fml.javafmlmod.AutomaticEventSubscriber/LOADING]: Auto-subscribing insane96mcp.insanelib.setup.Config to MOD
[13Jan2025 22:53:58.184] [modloading-worker-0/DEBUG] [net.minecraftforge.fml.config.ConfigTracker/CONFIG]: Config file immersive_weathering-common.toml for immersive_weathering tracking
[13Jan2025 22:53:58.205] [modloading-worker-0/WARN] [net.minecraftforge.common.ForgeConfigSpec/CORE]: Configuration file /workspaces/firmecodigo/servidor_minecraft/config/immersive_weathering-common.toml is not correct. Correcting
[13Jan2025 22:53:58.207] [modloading-worker-0/WARN] [net.minecraftforge.common.ForgeConfigSpec/CORE]: Incorrect key general was corrected from null to its default, SimpleCommentedConfig:{}. 
[13Jan2025 22:53:58.207] [modloading-worker-0/WARN] [net.minecraftforge.common.ForgeConfigSpec/CORE]: Incorrect key general.block_growths was corrected from null to its default, true. 
[13Jan2025 22:53:58.208] [modloading-worker-0/DEBUG] [net.minecraftforge.common.ForgeConfigSpec/CORE]: List on key block_growth_blacklist is deemed to need correction. It is null, not a list, or an empty list. Modders, consider defineListAllowEmpty?
[13Jan2025 22:53:58.208] [modloading-worker-0/WARN] [net.minecraftforge.common.ForgeConfigSpec/CORE]: Incorrect key general.block_growth_blacklist was corrected from null to its default, []. 
[13Jan2025 22:53:58.215] [modloading-worker-0/DEBUG] [net.minecraftforge.common.ForgeConfigSpec/CORE]: The comment on key general.block_growth_blacklist does not match the spec. This may create a backup.
[13Jan2025 22:53:58.215] [modloading-worker-0/WARN] [net.minecraftforge.common.ForgeConfigSpec/CORE]: Incorrect key general.creative_tab was corrected from null to its default, false. 
[13Jan2025 22:53:58.215] [modloading-worker-0/WARN] [net.minecraftforge.common.ForgeConfigSpec/CORE]: Incorrect key general.drop_in_creative was corrected from null to its default, false. 
[13Jan2025 22:53:58.215] [modloading-worker-0/DEBUG] [net.minecraftforge.common.ForgeConfigSpec/CORE]: The comment on key general.drop_in_creative does not match the spec. This may create a backup.
[13Jan2025 22:53:58.215] [modloading-worker-0/WARN] [net.minecraftforge.common.ForgeConfigSpec/CORE]: Incorrect key general.debug_save_dynamic_pack was corrected from null to its default, false. 
[13Jan2025 22:53:58.215] [modloading-worker-0/DEBUG] [net.minecraftforge.common.ForgeConfigSpec/CORE]: The comment on key general.debug_save_dynamic_pack does not match the spec. This may create a backup.
[13Jan2025 22:53:58.216] [modloading-worker-0/DEBUG] [mixin/]: Mixing accessor.LootContextParamSetsAccessor from mutantmonsters.common.mixins.json into net.minecraft.world.level.storage.loot.parameters.LootContextParamSets
[13Jan2025 22:53:58.216] [modloading-worker-0/WARN] [net.minecraftforge.common.ForgeConfigSpec/CORE]: Incorrect key mossy_blocks was corrected from null to its default, SimpleCommentedConfig:{}. 
[13Jan2025 22:53:58.216] [modloading-worker-0/WARN] [net.minecraftforge.common.ForgeConfigSpec/CORE]: Incorrect key mossy_blocks.interest_for_face was corrected from null to its default, 0.3. 
[13Jan2025 22:53:58.218] [modloading-worker-0/DEBUG] [net.minecraftforge.common.ForgeConfigSpec/CORE]: The comment on key mossy_blocks.interest_for_face does not match the spec. This may create a backup.
[13Jan2025 22:53:58.218] [modloading-worker-0/WARN] [net.minecraftforge.common.ForgeConfigSpec/CORE]: Incorrect key mossy_blocks.patchiness was corrected from null to its default, 0.5. 
[13Jan2025 22:53:58.219] [modloading-worker-0/DEBUG] [net.minecraftforge.common.ForgeConfigSpec/CORE]: The comment on key mossy_blocks.patchiness does not match the spec. This may create a backup.
[13Jan2025 22:53:58.219] [modloading-worker-0/WARN] [net.minecraftforge.common.ForgeConfigSpec/CORE]: Incorrect key mossy_blocks.immune_chance was corrected from null to its default, 0.4. 
[13Jan2025 22:53:58.219] [modloading-worker-0/DEBUG] [net.minecraftforge.common.ForgeConfigSpec/CORE]: The comment on key mossy_blocks.immune_chance does not match the spec. This may create a backup.
[13Jan2025 22:53:58.219] [modloading-worker-0/WARN] [net.minecraftforge.common.ForgeConfigSpec/CORE]: Incorrect key mossy_blocks.needs_air was corrected from null to its default, true. 
[13Jan2025 22:53:58.219] [modloading-worker-0/WARN] [net.minecraftforge.common.ForgeConfigSpec/CORE]: Incorrect key mossy_blocks.enabled was corrected from null to its default, true. 
[13Jan2025 22:53:58.220] [modloading-worker-0/WARN] [net.minecraftforge.common.ForgeConfigSpec/CORE]: Incorrect key cracked_blocks was corrected from null to its default, SimpleCommentedConfig:{}. 
[13Jan2025 22:53:58.220] [modloading-worker-0/WARN] [net.minecraftforge.common.ForgeConfigSpec/CORE]: Incorrect key cracked_blocks.cracking_drops_brick was corrected from null to its default, false. 
[13Jan2025 22:53:58.221] [modloading-worker-0/WARN] [net.minecraftforge.common.ForgeConfigSpec/CORE]: Incorrect key cracked_blocks.interest_for_face was corrected from null to its default, 0.6. 
[13Jan2025 22:53:58.221] [modloading-worker-0/DEBUG] [net.minecraftforge.common.ForgeConfigSpec/CORE]: The comment on key cracked_blocks.interest_for_face does not match the spec. This may create a backup.
[13Jan2025 22:53:58.221] [modloading-worker-0/WARN] [net.minecraftforge.common.ForgeConfigSpec/CORE]: Incorrect key cracked_blocks.patchiness was corrected from null to its default, 0.4. 
[13Jan2025 22:53:58.222] [modloading-worker-0/DEBUG] [net.minecraftforge.common.ForgeConfigSpec/CORE]: The comment on key cracked_blocks.patchiness does not match the spec. This may create a backup.
[13Jan2025 22:53:58.222] [modloading-worker-0/WARN] [net.minecraftforge.common.ForgeConfigSpec/CORE]: Incorrect key cracked_blocks.immune_chance was corrected from null to its default, 0.4. 
[13Jan2025 22:53:58.222] [modloading-worker-0/DEBUG] [net.minecraftforge.common.ForgeConfigSpec/CORE]: The comment on key cracked_blocks.immune_chance does not match the spec. This may create a backup.
[13Jan2025 22:53:58.222] [modloading-worker-0/WARN] [net.minecraftforge.common.ForgeConfigSpec/CORE]: Incorrect key cracked_blocks.needs_air was corrected from null to its default, false. 
[13Jan2025 22:53:58.223] [modloading-worker-0/WARN] [net.minecraftforge.common.ForgeConfigSpec/CORE]: Incorrect key cracked_blocks.enabled was corrected from null to its default, true. 
[13Jan2025 22:53:58.225] [modloading-worker-0/WARN] [net.minecraftforge.common.ForgeConfigSpec/CORE]: Incorrect key icicle was corrected from null to its default, SimpleCommentedConfig:{}. 
[13Jan2025 22:53:58.225] [modloading-worker-0/WARN] [net.minecraftforge.common.ForgeConfigSpec/CORE]: Incorrect key icicle.react_to_vibrations was corrected from null to its default, true. 
[13Jan2025 22:53:58.228] [modloading-worker-0/WARN] [net.minecraftforge.common.ForgeConfigSpec/CORE]: Incorrect key icicle.spawn_rarity was corrected from null to its default, 12. 
[13Jan2025 22:53:58.230] [modloading-worker-0/DEBUG] [net.minecraftforge.common.ForgeConfigSpec/CORE]: The comment on key icicle.spawn_rarity does not match the spec. This may create a backup.
[13Jan2025 22:53:58.230] [modloading-worker-0/WARN] [net.minecraftforge.common.ForgeConfigSpec/CORE]: Incorrect key icicle.disable_icicles was corrected from null to its default, false. 
[13Jan2025 22:53:58.233] [modloading-worker-0/WARN] [net.minecraftforge.common.ForgeConfigSpec/CORE]: Incorrect key freezing was corrected from null to its default, SimpleCommentedConfig:{}. 
[13Jan2025 22:53:58.233] [modloading-worker-0/WARN] [net.minecraftforge.common.ForgeConfigSpec/CORE]: Incorrect key freezing.icicle was corrected from null to its default, 300. 
[13Jan2025 22:53:58.234] [modloading-worker-0/DEBUG] [net.minecraftforge.common.ForgeConfigSpec/CORE]: The comment on key freezing.icicle does not match the spec. This may create a backup.
[13Jan2025 22:53:58.235] [modloading-worker-0/WARN] [net.minecraftforge.common.ForgeConfigSpec/CORE]: Incorrect key charring was corrected from null to its default, SimpleCommentedConfig:{}. 
[13Jan2025 22:53:58.235] [modloading-worker-0/WARN] [net.minecraftforge.common.ForgeConfigSpec/CORE]: Incorrect key charring.fire_chars_wood was corrected from null to its default, 0.3. 
[13Jan2025 22:53:58.236] [modloading-worker-0/DEBUG] [net.minecraftforge.common.ForgeConfigSpec/CORE]: The comment on key charring.fire_chars_wood does not match the spec. This may create a backup.
[13Jan2025 22:53:58.236] [modloading-worker-0/WARN] [net.minecraftforge.common.ForgeConfigSpec/CORE]: Incorrect key charring.soot_spawn was corrected from null to its default, true. 
[13Jan2025 22:53:58.237] [modloading-worker-0/WARN] [net.minecraftforge.common.ForgeConfigSpec/CORE]: Incorrect key charring.flammable_cobweb was corrected from null to its default, true. 
[13Jan2025 22:53:58.238] [modloading-worker-0/WARN] [net.minecraftforge.common.ForgeConfigSpec/CORE]: Incorrect key item_interaction was corrected from null to its default, SimpleCommentedConfig:{}. 
[13Jan2025 22:53:58.238] [modloading-worker-0/WARN] [net.minecraftforge.common.ForgeConfigSpec/CORE]: Incorrect key item_interaction.pickaxe_cracking was corrected from null to its default, true. 
[13Jan2025 22:53:58.239] [modloading-worker-0/WARN] [net.minecraftforge.common.ForgeConfigSpec/CORE]: Incorrect key item_interaction.pickaxe_cracking_shift was corrected from null to its default, false. 
[13Jan2025 22:53:58.239] [modloading-worker-0/WARN] [net.minecraftforge.common.ForgeConfigSpec/CORE]: Incorrect key item_interaction.brick_breaking was corrected from null to its default, true. 
[13Jan2025 22:53:58.240] [modloading-worker-0/WARN] [net.minecraftforge.common.ForgeConfigSpec/CORE]: Incorrect key item_interaction.azalea_shearing was corrected from null to its default, true. 
[13Jan2025 22:53:58.240] [modloading-worker-0/WARN] [net.minecraftforge.common.ForgeConfigSpec/CORE]: Incorrect key item_interaction.moss_shearing was corrected from null to its default, true. 
[13Jan2025 22:53:58.241] [modloading-worker-0/WARN] [net.minecraftforge.common.ForgeConfigSpec/CORE]: Incorrect key item_interaction.moss_burning was corrected from null to its default, true. 
[13Jan2025 22:53:58.245] [modloading-worker-0/WARN] [net.minecraftforge.common.ForgeConfigSpec/CORE]: Incorrect key item_interaction.shovel_extinguish was corrected from null to its default, true. 
[13Jan2025 22:53:58.246] [modloading-worker-0/WARN] [net.minecraftforge.common.ForgeConfigSpec/CORE]: Incorrect key item_interaction.sponge_rusting was corrected from null to its default, true. 
[13Jan2025 22:53:58.246] [modloading-worker-0/WARN] [net.minecraftforge.common.ForgeConfigSpec/CORE]: Incorrect key item_interaction.sponge_rust_drying was corrected from null to its default, false. 
[13Jan2025 22:53:58.246] [modloading-worker-0/WARN] [net.minecraftforge.common.ForgeConfigSpec/CORE]: Incorrect key item_interaction.axe_stripping was corrected from null to its default, true. 
[13Jan2025 22:53:58.247] [modloading-worker-0/WARN] [net.minecraftforge.common.ForgeConfigSpec/CORE]: Incorrect key item_interaction.axe_rusting was corrected from null to its default, true. 
[13Jan2025 22:53:58.249] [modloading-worker-0/WARN] [net.minecraftforge.common.ForgeConfigSpec/CORE]: Incorrect key food was corrected from null to its default, SimpleCommentedConfig:{}. 
[13Jan2025 22:53:58.250] [modloading-worker-0/WARN] [net.minecraftforge.common.ForgeConfigSpec/CORE]: Incorrect key food.icicle_food was corrected from null to its default, true. 
[13Jan2025 22:53:58.250] [modloading-worker-0/WARN] [net.minecraftforge.common.ForgeConfigSpec/CORE]: Incorrect key food.icicle_fire_resistance was corrected from null to its default, true. 
[13Jan2025 22:53:58.250] [modloading-worker-0/WARN] [net.minecraftforge.common.ForgeConfigSpec/CORE]: Incorrect key misc was corrected from null to its default, SimpleCommentedConfig:{}. 
[13Jan2025 22:53:58.250] [modloading-worker-0/WARN] [net.minecraftforge.common.ForgeConfigSpec/CORE]: Incorrect key misc.composter_dirt was corrected from null to its default, true. 
[13Jan2025 22:53:58.251] [modloading-worker-0/WARN] [net.minecraftforge.common.ForgeConfigSpec/CORE]: Incorrect key misc.grass_over_mycelium was corrected from null to its default, true. 
[13Jan2025 22:53:58.251] [modloading-worker-0/WARN] [net.minecraftforge.common.ForgeConfigSpec/CORE]: Incorrect key misc.mycelium_over_grass was corrected from null to its default, true. 
[13Jan2025 22:53:58.251] [modloading-worker-0/WARN] [net.minecraftforge.common.ForgeConfigSpec/CORE]: Incorrect key misc.generic_bark was corrected from null to its default, . 
[13Jan2025 22:53:58.251] [modloading-worker-0/WARN] [net.minecraftforge.common.ForgeConfigSpec/CORE]: Incorrect key misc.leggings_prevents_thorn_damage was corrected from null to its default, true. 
[13Jan2025 22:53:58.252] [modloading-worker-0/WARN] [net.minecraftforge.common.ForgeConfigSpec/CORE]: Incorrect key leaf_piles was corrected from null to its default, SimpleCommentedConfig:{}. 
[13Jan2025 22:53:58.252] [modloading-worker-0/WARN] [net.minecraftforge.common.ForgeConfigSpec/CORE]: Incorrect key leaf_piles.leaf_piles_slow was corrected from null to its default, true. 
[13Jan2025 22:53:58.252] [modloading-worker-0/WARN] [net.minecraftforge.common.ForgeConfigSpec/CORE]: Incorrect key leaf_piles.spawn_entity_from_decay was corrected from null to its default, 0.3. 
[13Jan2025 22:53:58.252] [modloading-worker-0/DEBUG] [net.minecraftforge.common.ForgeConfigSpec/CORE]: The comment on key leaf_piles.spawn_entity_from_decay does not match the spec. This may create a backup.
[13Jan2025 22:53:58.252] [modloading-worker-0/WARN] [net.minecraftforge.common.ForgeConfigSpec/CORE]: Incorrect key leaf_piles.reach was corrected from null to its default, 12. 
[13Jan2025 22:53:58.252] [modloading-worker-0/DEBUG] [net.minecraftforge.common.ForgeConfigSpec/CORE]: The comment on key leaf_piles.reach does not match the spec. This may create a backup.
[13Jan2025 22:53:58.252] [modloading-worker-0/WARN] [net.minecraftforge.common.ForgeConfigSpec/CORE]: Incorrect key leaf_piles.max_pile_height was corrected from null to its default, 3. 
[13Jan2025 22:53:58.252] [modloading-worker-0/DEBUG] [net.minecraftforge.common.ForgeConfigSpec/CORE]: The comment on key leaf_piles.max_pile_height does not match the spec. This may create a backup.
[13Jan2025 22:53:58.252] [modloading-worker-0/DEBUG] [net.minecraftforge.common.ForgeConfigSpec/CORE]: List on key leaf_piles_blacklist is deemed to need correction. It is null, not a list, or an empty list. Modders, consider defineListAllowEmpty?
[13Jan2025 22:53:58.252] [modloading-worker-0/WARN] [net.minecraftforge.common.ForgeConfigSpec/CORE]: Incorrect key leaf_piles.leaf_piles_blacklist was corrected from null to its default, []. 
[13Jan2025 22:53:58.252] [modloading-worker-0/DEBUG] [net.minecraftforge.common.ForgeConfigSpec/CORE]: The comment on key leaf_piles.leaf_piles_blacklist does not match the spec. This may create a backup.
[13Jan2025 22:53:58.253] [modloading-worker-0/WARN] [net.minecraftforge.common.ForgeConfigSpec/CORE]: Incorrect key thin_ice was corrected from null to its default, SimpleCommentedConfig:{}. 
[13Jan2025 22:53:58.253] [modloading-worker-0/WARN] [net.minecraftforge.common.ForgeConfigSpec/CORE]: Incorrect key thin_ice.natural_melting was corrected from null to its default, false. 
[13Jan2025 22:53:58.254] [modloading-worker-0/WARN] [net.minecraftforge.common.ForgeConfigSpec/CORE]: Incorrect key lightning_growths was corrected from null to its default, SimpleCommentedConfig:{}. 
[13Jan2025 22:53:58.254] [modloading-worker-0/WARN] [net.minecraftforge.common.ForgeConfigSpec/CORE]: Incorrect key lightning_growths.vitrified_lightning was corrected from null to its default, true. 
[13Jan2025 22:53:58.254] [modloading-worker-0/WARN] [net.minecraftforge.common.ForgeConfigSpec/CORE]: Incorrect key lightning_growths.fulgurite_chance was corrected from null to its default, 0.4. 
[13Jan2025 22:53:58.254] [modloading-worker-0/DEBUG] [net.minecraftforge.common.ForgeConfigSpec/CORE]: The comment on key lightning_growths.fulgurite_chance does not match the spec. This may create a backup.
[13Jan2025 22:53:58.255] [modloading-worker-0/WARN] [net.minecraftforge.common.ForgeConfigSpec/CORE]: Incorrect key rusting was corrected from null to its default, SimpleCommentedConfig:{}. 
[13Jan2025 22:53:58.255] [modloading-worker-0/WARN] [net.minecraftforge.common.ForgeConfigSpec/CORE]: Incorrect key rusting.rusting was corrected from null to its default, true. 
[13Jan2025 22:53:58.255] [modloading-worker-0/WARN] [net.minecraftforge.common.ForgeConfigSpec/CORE]: Incorrect key rusting.rusting_influence_radius was corrected from null to its default, 4. 
[13Jan2025 22:53:58.255] [modloading-worker-0/DEBUG] [net.minecraftforge.common.ForgeConfigSpec/CORE]: The comment on key rusting.rusting_influence_radius does not match the spec. This may create a backup.
[13Jan2025 22:53:58.255] [modloading-worker-0/WARN] [net.minecraftforge.common.ForgeConfigSpec/CORE]: Incorrect key rusting.rusting_rate was corrected from null to its default, 0.06. 
[13Jan2025 22:53:58.255] [modloading-worker-0/DEBUG] [net.minecraftforge.common.ForgeConfigSpec/CORE]: The comment on key rusting.rusting_rate does not match the spec. This may create a backup.
[13Jan2025 22:53:58.255] [modloading-worker-0/WARN] [net.minecraftforge.common.ForgeConfigSpec/CORE]: Incorrect key rusting.rust_streaking was corrected from null to its default, true. 
[13Jan2025 22:53:58.258] [modloading-worker-0/DEBUG] [net.minecraftforge.fml.javafmlmod.AutomaticEventSubscriber/LOADING]: Attempting to inject @EventBusSubscriber classes into the eventbus for zombiesmore
[13Jan2025 22:53:58.259] [modloading-worker-0/DEBUG] [net.minecraftforge.fml.javafmlmod.AutomaticEventSubscriber/LOADING]: Auto-subscribing net.mcreator.zombiesmore.recipes.brewing.PotionOfIntoxicationCraftBrewingRecipe to MOD
[13Jan2025 22:53:58.260] [modloading-worker-0/DEBUG] [net.minecraftforge.fml.javafmlmod.AutomaticEventSubscriber/LOADING]: Auto-subscribing net.mcreator.zombiesmore.recipes.brewing.PoisonCraftRecipe2BrewingRecipe to MOD
[13Jan2025 22:53:58.261] [modloading-worker-0/DEBUG] [net.minecraftforge.fml.javafmlmod.AutomaticEventSubscriber/LOADING]: Auto-subscribing net.mcreator.zombiesmore.recipes.brewing.CursedInstinctCraftBrewingRecipe to MOD
[13Jan2025 22:53:58.262] [modloading-worker-0/DEBUG] [net.minecraftforge.fml.javafmlmod.AutomaticEventSubscriber/LOADING]: Auto-subscribing net.mcreator.zombiesmore.recipes.brewing.BruteForceCraftBrewingRecipe to MOD
[13Jan2025 22:53:58.263] [modloading-worker-0/DEBUG] [net.minecraftforge.fml.javafmlmod.AutomaticEventSubscriber/LOADING]: Auto-subscribing net.mcreator.zombiesmore.recipes.brewing.AgileInstinctCraftBrewingRecipe to MOD
[13Jan2025 22:53:58.264] [modloading-worker-0/DEBUG] [net.minecraftforge.fml.javafmlmod.AutomaticEventSubscriber/LOADING]: Auto-subscribing net.mcreator.zombiesmore.procedures.WitherDropsFlammableBoneProcedure to FORGE
[13Jan2025 22:53:58.265] [modloading-worker-0/DEBUG] [net.minecraftforge.fml.javafmlmod.AutomaticEventSubscriber/LOADING]: Auto-subscribing net.mcreator.zombiesmore.init.ZombiesmoreModTabs to MOD
[13Jan2025 22:53:58.269] [modloading-worker-0/DEBUG] [net.minecraftforge.fml.javafmlmod.AutomaticEventSubscriber/LOADING]: Auto-subscribing net.mcreator.zombiesmore.init.ZombiesmoreModFuels to FORGE
[13Jan2025 22:53:58.271] [modloading-worker-0/DEBUG] [net.minecraftforge.fml.javafmlmod.AutomaticEventSubscriber/LOADING]: Auto-subscribing net.mcreator.zombiesmore.init.ZombiesmoreModEntities to MOD
[13Jan2025 22:53:58.279] [modloading-worker-0/DEBUG] [net.minecraftforge.fml.javafmlmod.AutomaticEventSubscriber/LOADING]: Auto-subscribing net.mcreator.zombiesmore.init.EntityAnimationFactory to FORGE
[13Jan2025 22:53:58.280] [modloading-worker-0/DEBUG] [net.minecraftforge.fml.javafmlmod.AutomaticEventSubscriber/LOADING]: Auto-subscribing net.mcreator.zombiesmore.block.listener.ClientListener to MOD
[13Jan2025 22:53:58.283] [modloading-worker-0/DEBUG] [enhancedvisuals/]: Created network enhancedvisuals:main
[13Jan2025 22:53:58.312] [modloading-worker-0/DEBUG] [net.minecraftforge.fml.javafmlmod.AutomaticEventSubscriber/LOADING]: Attempting to inject @EventBusSubscriber classes into the eventbus for kiwi
[13Jan2025 22:53:58.312] [modloading-worker-0/DEBUG] [net.minecraftforge.fml.javafmlmod.AutomaticEventSubscriber/LOADING]: Auto-subscribing snownee.kiwi.schedule.Scheduler to FORGE
[13Jan2025 22:53:58.316] [modloading-worker-0/DEBUG] [net.minecraftforge.fml.javafmlmod.AutomaticEventSubscriber/LOADING]: Auto-subscribing snownee.kiwi.loader.Initializer to FORGE
[13Jan2025 22:53:58.347] [modloading-worker-0/DEBUG] [mixin/]: Mixing LootTableMixin from sona.mixins.json into net.minecraft.world.level.storage.loot.LootTable
[13Jan2025 22:53:58.348] [modloading-worker-0/DEBUG] [mixin/]: Mixing accessor.LootTableForgeAccessor from puzzleslib.forge.mixins.json into net.minecraft.world.level.storage.loot.LootTable
[13Jan2025 22:53:58.348] [modloading-worker-0/DEBUG] [net.minecraftforge.fml.javafmlmod.AutomaticEventSubscriber/LOADING]: Attempting to inject @EventBusSubscriber classes into the eventbus for mixinextras
[13Jan2025 22:53:58.367] [modloading-worker-0/DEBUG] [creativecore/]: Created network creativecore:main
[13Jan2025 22:53:58.370] [modloading-worker-0/DEBUG] [net.minecraftforge.fml.javafmlmod.AutomaticEventSubscriber/LOADING]: Attempting to inject @EventBusSubscriber classes into the eventbus for enhancedvisuals
[13Jan2025 22:53:58.387] [modloading-worker-0/INFO] [coroutil/]: forge loader environment detected
[13Jan2025 22:53:58.404] [modloading-worker-0/DEBUG] [net.minecraftforge.fml.javafmlmod.AutomaticEventSubscriber/LOADING]: Attempting to inject @EventBusSubscriber classes into the eventbus for wegotrunnners
[13Jan2025 22:53:58.404] [modloading-worker-0/DEBUG] [net.minecraftforge.fml.javafmlmod.AutomaticEventSubscriber/LOADING]: Auto-subscribing net.mcreator.wegotrunnners.procedures.RunnerssProcedure to FORGE
[13Jan2025 22:53:58.414] [modloading-worker-0/DEBUG] [net.minecraftforge.fml.javafmlmod.AutomaticEventSubscriber/LOADING]: Auto-subscribing net.mcreator.wegotrunnners.procedures.IrontoughProcedure to FORGE
[13Jan2025 22:53:58.415] [modloading-worker-0/DEBUG] [net.minecraftforge.fml.javafmlmod.AutomaticEventSubscriber/LOADING]: Auto-subscribing net.mcreator.wegotrunnners.procedures.IronmightProcedure to FORGE
[13Jan2025 22:53:58.417] [modloading-worker-0/DEBUG] [net.minecraftforge.fml.javafmlmod.AutomaticEventSubscriber/LOADING]: Auto-subscribing net.mcreator.wegotrunnners.procedures.HurtProcedure to FORGE
[13Jan2025 22:53:58.419] [modloading-worker-0/DEBUG] [net.minecraftforge.fml.javafmlmod.AutomaticEventSubscriber/LOADING]: Auto-subscribing net.mcreator.wegotrunnners.procedures.GroundtackeProcedure to FORGE
[13Jan2025 22:53:58.423] [modloading-worker-0/DEBUG] [net.minecraftforge.fml.config.ConfigTracker/CONFIG]: Config file zombieawareness/General.toml for zombieawareness tracking
[13Jan2025 22:53:58.431] [modloading-worker-0/DEBUG] [net.minecraftforge.fml.config.ConfigTracker/CONFIG]: Config file zombieawareness/ClientConfig.toml for zombieawareness tracking
[13Jan2025 22:53:58.435] [modloading-worker-0/DEBUG] [net.minecraftforge.fml.config.ConfigTracker/CONFIG]: Config file zombieawareness/Features.toml for zombieawareness tracking
[13Jan2025 22:53:58.440] [modloading-worker-0/DEBUG] [net.minecraftforge.fml.config.ConfigTracker/CONFIG]: Config file zombieawareness/MobLists.toml for zombieawareness tracking
[13Jan2025 22:53:58.442] [modloading-worker-0/DEBUG] [net.minecraftforge.fml.config.ConfigTracker/CONFIG]: Config file zombieawareness/PlayerRulesAndLists.toml for zombieawareness tracking
[13Jan2025 22:53:58.442] [modloading-worker-0/DEBUG] [net.minecraftforge.fml.javafmlmod.AutomaticEventSubscriber/LOADING]: Attempting to inject @EventBusSubscriber classes into the eventbus for zombieawareness
[13Jan2025 22:53:58.442] [modloading-worker-0/DEBUG] [net.minecraftforge.fml.javafmlmod.AutomaticEventSubscriber/LOADING]: Auto-subscribing com.corosus.zombieawareness.ZAEventHandler to FORGE
[13Jan2025 22:53:58.442] [modloading-worker-0/DEBUG] [net.minecraftforge.fml.javafmlmod.AutomaticEventSubscriber/LOADING]: Auto-subscribing com.corosus.zombieawareness.EntityRegistry to MOD
[13Jan2025 22:53:58.443] [modloading-worker-0/DEBUG] [net.minecraftforge.fml.javafmlmod.AutomaticEventSubscriber/LOADING]: Auto-subscribing com.corosus.zombieawareness.config.SoundsListsConfig to FORGE
[13Jan2025 22:53:58.444] [modloading-worker-0/DEBUG] [net.minecraftforge.fml.javafmlmod.AutomaticEventSubscriber/LOADING]: Auto-subscribing com.corosus.zombieawareness.config.MobListsConfig to FORGE
[13Jan2025 22:53:58.444] [modloading-worker-0/DEBUG] [net.minecraftforge.fml.javafmlmod.AutomaticEventSubscriber/LOADING]: Auto-subscribing com.corosus.zombieawareness.client.ClientRegistry to MOD
[13Jan2025 22:53:58.444] [modloading-worker-0/DEBUG] [net.minecraftforge.fml.javafmlmod.AutomaticEventSubscriber/LOADING]: Attempting to inject @EventBusSubscriber classes into the eventbus for puzzlesaccessapi
[13Jan2025 22:53:58.445] [modloading-worker-0/DEBUG] [net.minecraftforge.fml.javafmlmod.AutomaticEventSubscriber/LOADING]: Auto-subscribing net.mcreator.wegotrunnners.init.WegotrunnnersModConfigs to MOD
[13Jan2025 22:53:58.474] [modloading-worker-0/DEBUG] [net.minecraftforge.versions.forge.ForgeVersion/CORE]: Forge Version package package net.minecraftforge.versions.forge, Forge, version 47.3 from cpw.mods.modlauncher.TransformingClassLoader@1e1eeedd
[13Jan2025 22:53:58.475] [modloading-worker-0/DEBUG] [net.minecraftforge.versions.forge.ForgeVersion/CORE]: Found Forge version 47.3.7
[13Jan2025 22:53:58.475] [modloading-worker-0/DEBUG] [net.minecraftforge.versions.forge.ForgeVersion/CORE]: Found Forge spec 47.3
[13Jan2025 22:53:58.475] [modloading-worker-0/DEBUG] [net.minecraftforge.versions.forge.ForgeVersion/CORE]: Found Forge group net.minecraftforge
[13Jan2025 22:53:58.476] [modloading-worker-0/DEBUG] [net.minecraftforge.versions.mcp.MCPVersion/CORE]: MCP Version package package net.minecraftforge.versions.mcp, Minecraft, version 1.20.1 from cpw.mods.modlauncher.TransformingClassLoader@1e1eeedd
[13Jan2025 22:53:58.476] [modloading-worker-0/DEBUG] [net.minecraftforge.versions.mcp.MCPVersion/CORE]: Found MC version information 1.20.1
[13Jan2025 22:53:58.476] [modloading-worker-0/DEBUG] [net.minecraftforge.versions.mcp.MCPVersion/CORE]: Found MCP version information 20230612.114412
[13Jan2025 22:53:58.476] [modloading-worker-0/INFO] [net.minecraftforge.common.ForgeMod/FORGEMOD]: Forge mod loading, version 47.3.7, for MC 1.20.1 with MCP 20230612.114412
[13Jan2025 22:53:58.476] [modloading-worker-0/INFO] [net.minecraftforge.common.MinecraftForge/FORGE]: MinecraftForge v47.3.7 Initialized
[13Jan2025 22:53:58.763] [modloading-worker-0/DEBUG] [net.minecraftforge.fml.config.ConfigTracker/CONFIG]: Config file firstaid-server.toml for firstaid tracking
[13Jan2025 22:53:58.775] [modloading-worker-0/DEBUG] [net.minecraftforge.fml.config.ConfigTracker/CONFIG]: Config file firstaid-common.toml for firstaid tracking
[13Jan2025 22:53:58.777] [modloading-worker-0/DEBUG] [net.minecraftforge.fml.config.ConfigTracker/CONFIG]: Config file firstaid-client.toml for firstaid tracking
[13Jan2025 22:53:58.794] [modloading-worker-0/DEBUG] [net.minecraftforge.fml.javafmlmod.AutomaticEventSubscriber/LOADING]: Attempting to inject @EventBusSubscriber classes into the eventbus for firstaid
[13Jan2025 22:53:58.795] [modloading-worker-0/DEBUG] [io.netty.util.internal.PlatformDependent0/]: -Dio.netty.noUnsafe: false
[13Jan2025 22:53:58.796] [modloading-worker-0/DEBUG] [io.netty.util.internal.PlatformDependent0/]: Java version: 17
[13Jan2025 22:53:58.796] [modloading-worker-0/DEBUG] [io.netty.util.internal.PlatformDependent0/]: sun.misc.Unsafe.theUnsafe: available
[13Jan2025 22:53:58.810] [modloading-worker-0/DEBUG] [io.netty.util.internal.PlatformDependent0/]: sun.misc.Unsafe.copyMemory: available
[13Jan2025 22:53:58.811] [modloading-worker-0/DEBUG] [io.netty.util.internal.PlatformDependent0/]: sun.misc.Unsafe.storeFence: available
[13Jan2025 22:53:58.811] [modloading-worker-0/DEBUG] [io.netty.util.internal.PlatformDependent0/]: java.nio.Buffer.address: available
[13Jan2025 22:53:58.811] [modloading-worker-0/DEBUG] [io.netty.util.internal.PlatformDependent0/]: direct buffer constructor: unavailable
java.lang.UnsupportedOperationException: Reflective setAccessible(true) disabled
	at io.netty.util.internal.ReflectionUtil.trySetAccessible(ReflectionUtil.java:31) ~[netty-common-4.1.82.Final.jar%2382!/:4.1.82.Final]
	at io.netty.util.internal.PlatformDependent0$5.run(PlatformDependent0.java:288) ~[netty-common-4.1.82.Final.jar%2382!/:4.1.82.Final]
	at java.security.AccessController.doPrivileged(AccessController.java:318) ~[?:?]
	at io.netty.util.internal.PlatformDependent0.<clinit>(PlatformDependent0.java:282) ~[netty-common-4.1.82.Final.jar%2382!/:4.1.82.Final]
	at io.netty.util.internal.PlatformDependent.isAndroid(PlatformDependent.java:333) ~[netty-common-4.1.82.Final.jar%2382!/:4.1.82.Final]
	at io.netty.util.internal.PlatformDependent.<clinit>(PlatformDependent.java:88) ~[netty-common-4.1.82.Final.jar%2382!/:4.1.82.Final]
	at io.netty.util.ConstantPool.<init>(ConstantPool.java:34) ~[netty-common-4.1.82.Final.jar%2382!/:4.1.82.Final]
	at io.netty.util.AttributeKey$1.<init>(AttributeKey.java:27) ~[netty-common-4.1.82.Final.jar%2382!/:4.1.82.Final]
	at io.netty.util.AttributeKey.<clinit>(AttributeKey.java:27) ~[netty-common-4.1.82.Final.jar%2382!/:4.1.82.Final]
	at net.minecraftforge.network.NetworkConstants.<clinit>(NetworkConstants.java:34) ~[forge-1.20.1-47.3.7-universal.jar%23212!/:?]
	at net.minecraftforge.common.ForgeMod.<init>(ForgeMod.java:429) ~[forge-1.20.1-47.3.7-universal.jar%23212!/:?]
	at jdk.internal.reflect.NativeConstructorAccessorImpl.newInstance0(Native Method) ~[?:?]
	at jdk.internal.reflect.NativeConstructorAccessorImpl.newInstance(NativeConstructorAccessorImpl.java:77) ~[?:?]
	at jdk.internal.reflect.DelegatingConstructorAccessorImpl.newInstance(DelegatingConstructorAccessorImpl.java:45) ~[?:?]
	at java.lang.reflect.Constructor.newInstanceWithCaller(Constructor.java:500) ~[?:?]
	at java.lang.reflect.Constructor.newInstance(Constructor.java:481) ~[?:?]
	at net.minecraftforge.fml.javafmlmod.FMLModContainer.constructMod(FMLModContainer.java:70) ~[javafmllanguage-1.20.1-47.3.7.jar%23209!/:?]
	at net.minecraftforge.fml.ModContainer.lambda$buildTransitionHandler$4(ModContainer.java:124) ~[fmlcore-1.20.1-47.3.7.jar%23208!/:?]
	at java.util.concurrent.CompletableFuture$AsyncRun.run(CompletableFuture.java:1804) ~[?:?]
	at java.util.concurrent.CompletableFuture$AsyncRun.exec(CompletableFuture.java:1796) ~[?:?]
	at java.util.concurrent.ForkJoinTask.doExec(ForkJoinTask.java:373) ~[?:?]
	at java.util.concurrent.ForkJoinPool$WorkQueue.topLevelExec(ForkJoinPool.java:1182) ~[?:?]
	at java.util.concurrent.ForkJoinPool.scan(ForkJoinPool.java:1655) ~[?:?]
	at java.util.concurrent.ForkJoinPool.runWorker(ForkJoinPool.java:1622) ~[?:?]
	at java.util.concurrent.ForkJoinWorkerThread.run(ForkJoinWorkerThread.java:165) ~[?:?]
[13Jan2025 22:53:58.813] [modloading-worker-0/DEBUG] [io.netty.util.internal.PlatformDependent0/]: java.nio.Bits.unaligned: available, true
[13Jan2025 22:53:58.814] [modloading-worker-0/DEBUG] [io.netty.util.internal.PlatformDependent0/]: jdk.internal.misc.Unsafe.allocateUninitializedArray(int): unavailable
java.lang.IllegalAccessException: class io.netty.util.internal.PlatformDependent0$7 (in module io.netty.common) cannot access class jdk.internal.misc.Unsafe (in module java.base) because module java.base does not export jdk.internal.misc to module io.netty.common
	at jdk.internal.reflect.Reflection.newIllegalAccessException(Reflection.java:392) ~[?:?]
	at java.lang.reflect.AccessibleObject.checkAccess(AccessibleObject.java:674) ~[?:?]
	at java.lang.reflect.Method.invoke(Method.java:561) ~[?:?]
	at io.netty.util.internal.PlatformDependent0$7.run(PlatformDependent0.java:410) ~[netty-common-4.1.82.Final.jar%2382!/:4.1.82.Final]
	at java.security.AccessController.doPrivileged(AccessController.java:318) ~[?:?]
	at io.netty.util.internal.PlatformDependent0.<clinit>(PlatformDependent0.java:401) ~[netty-common-4.1.82.Final.jar%2382!/:4.1.82.Final]
	at io.netty.util.internal.PlatformDependent.isAndroid(PlatformDependent.java:333) ~[netty-common-4.1.82.Final.jar%2382!/:4.1.82.Final]
	at io.netty.util.internal.PlatformDependent.<clinit>(PlatformDependent.java:88) ~[netty-common-4.1.82.Final.jar%2382!/:4.1.82.Final]
	at io.netty.util.ConstantPool.<init>(ConstantPool.java:34) ~[netty-common-4.1.82.Final.jar%2382!/:4.1.82.Final]
	at io.netty.util.AttributeKey$1.<init>(AttributeKey.java:27) ~[netty-common-4.1.82.Final.jar%2382!/:4.1.82.Final]
	at io.netty.util.AttributeKey.<clinit>(AttributeKey.java:27) ~[netty-common-4.1.82.Final.jar%2382!/:4.1.82.Final]
	at net.minecraftforge.network.NetworkConstants.<clinit>(NetworkConstants.java:34) ~[forge-1.20.1-47.3.7-universal.jar%23212!/:?]
	at net.minecraftforge.common.ForgeMod.<init>(ForgeMod.java:429) ~[forge-1.20.1-47.3.7-universal.jar%23212!/:?]
	at jdk.internal.reflect.NativeConstructorAccessorImpl.newInstance0(Native Method) ~[?:?]
	at jdk.internal.reflect.NativeConstructorAccessorImpl.newInstance(NativeConstructorAccessorImpl.java:77) ~[?:?]
	at jdk.internal.reflect.DelegatingConstructorAccessorImpl.newInstance(DelegatingConstructorAccessorImpl.java:45) ~[?:?]
	at java.lang.reflect.Constructor.newInstanceWithCaller(Constructor.java:500) ~[?:?]
	at java.lang.reflect.Constructor.newInstance(Constructor.java:481) ~[?:?]
	at net.minecraftforge.fml.javafmlmod.FMLModContainer.constructMod(FMLModContainer.java:70) ~[javafmllanguage-1.20.1-47.3.7.jar%23209!/:?]
	at net.minecraftforge.fml.ModContainer.lambda$buildTransitionHandler$4(ModContainer.java:124) ~[fmlcore-1.20.1-47.3.7.jar%23208!/:?]
	at java.util.concurrent.CompletableFuture$AsyncRun.run(CompletableFuture.java:1804) ~[?:?]
	at java.util.concurrent.CompletableFuture$AsyncRun.exec(CompletableFuture.java:1796) ~[?:?]
	at java.util.concurrent.ForkJoinTask.doExec(ForkJoinTask.java:373) ~[?:?]
	at java.util.concurrent.ForkJoinPool$WorkQueue.topLevelExec(ForkJoinPool.java:1182) ~[?:?]
	at java.util.concurrent.ForkJoinPool.scan(ForkJoinPool.java:1655) ~[?:?]
	at java.util.concurrent.ForkJoinPool.runWorker(ForkJoinPool.java:1622) ~[?:?]
	at java.util.concurrent.ForkJoinWorkerThread.run(ForkJoinWorkerThread.java:165) ~[?:?]
[13Jan2025 22:53:58.815] [modloading-worker-0/DEBUG] [io.netty.util.internal.PlatformDependent0/]: java.nio.DirectByteBuffer.<init>(long, int): unavailable
[13Jan2025 22:53:58.815] [modloading-worker-0/DEBUG] [io.netty.util.internal.PlatformDependent/]: sun.misc.Unsafe: available
[13Jan2025 22:53:58.815] [modloading-worker-0/DEBUG] [io.netty.util.internal.PlatformDependent/]: maxDirectMemory: 17179869184 bytes (maybe)
[13Jan2025 22:53:58.816] [modloading-worker-0/DEBUG] [io.netty.util.internal.PlatformDependent/]: -Dio.netty.tmpdir: /tmp (java.io.tmpdir)
[13Jan2025 22:53:58.816] [modloading-worker-0/DEBUG] [io.netty.util.internal.PlatformDependent/]: -Dio.netty.bitMode: 64 (sun.arch.data.model)
[13Jan2025 22:53:58.816] [modloading-worker-0/DEBUG] [io.netty.util.internal.PlatformDependent/]: -Dio.netty.maxDirectMemory: -1 bytes
[13Jan2025 22:53:58.816] [modloading-worker-0/DEBUG] [io.netty.util.internal.PlatformDependent/]: -Dio.netty.uninitializedArrayAllocationThreshold: -1
[13Jan2025 22:53:58.817] [modloading-worker-0/DEBUG] [io.netty.util.internal.CleanerJava9/]: java.nio.ByteBuffer.cleaner(): available
[13Jan2025 22:53:58.817] [modloading-worker-0/DEBUG] [io.netty.util.internal.PlatformDependent/]: -Dio.netty.noPreferDirect: false
[13Jan2025 22:53:58.822] [modloading-worker-0/DEBUG] [mixin/]: Mixing TagsProviderAccess from kiwi.mixins.json into net.minecraft.data.tags.TagsProvider
[13Jan2025 22:53:58.824] [modloading-worker-0/DEBUG] [mixin/]: Mixing TagsProviderForgeMixin from puzzleslib.forge.mixins.json into net.minecraft.data.tags.TagsProvider
[13Jan2025 22:53:58.849] [modloading-worker-0/DEBUG] [com.tterrag.registrate.AbstractRegistrate/REGISTRATE.REGISTER]: Captured registration for entry brass_lamp of type minecraft:item
[13Jan2025 22:53:58.850] [modloading-worker-0/DEBUG] [com.tterrag.registrate.AbstractRegistrate/REGISTRATE.REGISTER]: Captured registration for entry brass_lamp of type minecraft:block
[13Jan2025 22:53:58.850] [modloading-worker-0/DEBUG] [com.tterrag.registrate.AbstractRegistrate/REGISTRATE.REGISTER]: Captured registration for entry copper_lamp of type minecraft:item
[13Jan2025 22:53:58.851] [modloading-worker-0/DEBUG] [com.tterrag.registrate.AbstractRegistrate/REGISTRATE.REGISTER]: Captured registration for entry copper_lamp of type minecraft:block
[13Jan2025 22:53:58.855] [modloading-worker-0/DEBUG] [com.tterrag.registrate.AbstractRegistrate/REGISTRATE.REGISTER]: Captured registration for entry zinc_lamp of type minecraft:item
[13Jan2025 22:53:58.856] [modloading-worker-0/DEBUG] [com.tterrag.registrate.AbstractRegistrate/REGISTRATE.REGISTER]: Captured registration for entry zinc_lamp of type minecraft:block
[13Jan2025 22:53:58.864] [modloading-worker-0/DEBUG] [com.tterrag.registrate.AbstractRegistrate/REGISTRATE.REGISTER]: Captured registration for entry zinc_screw of type minecraft:item
[13Jan2025 22:53:58.864] [modloading-worker-0/DEBUG] [com.tterrag.registrate.AbstractRegistrate/REGISTRATE.REGISTER]: Captured registration for entry zinc_screw of type minecraft:block
[13Jan2025 22:53:58.868] [ForkJoinPool.commonPool-worker-1/DEBUG] [mixin/]: Mixing PathPackResourcesAccessor from creativecore.mixins.json into net.minecraft.server.packs.PathPackResources
[13Jan2025 22:53:58.869] [modloading-worker-0/DEBUG] [com.tterrag.registrate.AbstractRegistrate/REGISTRATE.REGISTER]: Captured registration for entry brass_screw of type minecraft:item
[13Jan2025 22:53:58.870] [modloading-worker-0/DEBUG] [com.tterrag.registrate.AbstractRegistrate/REGISTRATE.REGISTER]: Captured registration for entry brass_screw of type minecraft:block
[13Jan2025 22:53:58.871] [modloading-worker-0/DEBUG] [com.tterrag.registrate.AbstractRegistrate/REGISTRATE.REGISTER]: Captured registration for entry copper_screw of type minecraft:item
[13Jan2025 22:53:58.871] [modloading-worker-0/DEBUG] [com.tterrag.registrate.AbstractRegistrate/REGISTRATE.REGISTER]: Captured registration for entry copper_screw of type minecraft:block
[13Jan2025 22:53:58.872] [modloading-worker-0/DEBUG] [com.tterrag.registrate.AbstractRegistrate/REGISTRATE.REGISTER]: Captured registration for entry zinc_bolt of type minecraft:item
[13Jan2025 22:53:58.874] [modloading-worker-0/DEBUG] [com.tterrag.registrate.AbstractRegistrate/REGISTRATE.REGISTER]: Captured registration for entry zinc_bolt of type minecraft:block
[13Jan2025 22:53:58.883] [modloading-worker-0/DEBUG] [com.tterrag.registrate.AbstractRegistrate/REGISTRATE.REGISTER]: Captured registration for entry brass_bolt of type minecraft:item
[13Jan2025 22:53:58.884] [modloading-worker-0/DEBUG] [com.tterrag.registrate.AbstractRegistrate/REGISTRATE.REGISTER]: Captured registration for entry brass_bolt of type minecraft:block
[13Jan2025 22:53:58.889] [modloading-worker-0/DEBUG] [com.tterrag.registrate.AbstractRegistrate/REGISTRATE.REGISTER]: Captured registration for entry copper_bolt of type minecraft:item
[13Jan2025 22:53:58.889] [modloading-worker-0/DEBUG] [com.tterrag.registrate.AbstractRegistrate/REGISTRATE.REGISTER]: Captured registration for entry copper_bolt of type minecraft:block
[13Jan2025 22:53:58.890] [modloading-worker-0/DEBUG] [com.tterrag.registrate.AbstractRegistrate/REGISTRATE.REGISTER]: Captured registration for entry brass_light of type minecraft:item
[13Jan2025 22:53:58.891] [modloading-worker-0/DEBUG] [com.tterrag.registrate.AbstractRegistrate/REGISTRATE.REGISTER]: Captured registration for entry brass_light of type minecraft:block
[13Jan2025 22:53:58.892] [modloading-worker-0/DEBUG] [com.tterrag.registrate.AbstractRegistrate/REGISTRATE.REGISTER]: Captured registration for entry copper_light of type minecraft:item
[13Jan2025 22:53:58.893] [modloading-worker-0/DEBUG] [com.tterrag.registrate.AbstractRegistrate/REGISTRATE.REGISTER]: Captured registration for entry copper_light of type minecraft:block
[13Jan2025 22:53:58.893] [modloading-worker-0/DEBUG] [com.tterrag.registrate.AbstractRegistrate/REGISTRATE.REGISTER]: Captured registration for entry zinc_light of type minecraft:item
[13Jan2025 22:53:58.894] [modloading-worker-0/DEBUG] [com.tterrag.registrate.AbstractRegistrate/REGISTRATE.REGISTER]: Captured registration for entry zinc_light of type minecraft:block
[13Jan2025 22:53:58.904] [modloading-worker-0/DEBUG] [net.minecraftforge.common.ForgeMod/FORGEMOD]: Loading Network data for FML net version: FML3
[13Jan2025 22:53:58.904] [modloading-worker-0/DEBUG] [com.tterrag.registrate.AbstractRegistrate/REGISTRATE.REGISTER]: Captured registration for entry brass_floodlight of type minecraft:item
[13Jan2025 22:53:58.904] [modloading-worker-0/DEBUG] [com.tterrag.registrate.AbstractRegistrate/REGISTRATE.REGISTER]: Captured registration for entry brass_floodlight of type minecraft:block
[13Jan2025 22:53:58.907] [modloading-worker-0/DEBUG] [net.minecraftforge.fml.javafmlmod.AutomaticEventSubscriber/LOADING]: Attempting to inject @EventBusSubscriber classes into the eventbus for pfm
[13Jan2025 22:53:58.907] [modloading-worker-0/DEBUG] [net.minecraftforge.fml.javafmlmod.AutomaticEventSubscriber/LOADING]: Auto-subscribing com.unlikepaladin.pfm.registry.forge.StatisticsRegistryForge to MOD
[13Jan2025 22:53:58.908] [modloading-worker-0/DEBUG] [net.minecraftforge.fml.javafmlmod.AutomaticEventSubscriber/LOADING]: Auto-subscribing com.unlikepaladin.pfm.registry.forge.SoundRegistryForge to MOD
[13Jan2025 22:53:58.908] [modloading-worker-0/DEBUG] [net.minecraftforge.fml.javafmlmod.AutomaticEventSubscriber/LOADING]: Auto-subscribing com.unlikepaladin.pfm.registry.forge.ScreenHandlerRegistryForge to MOD
[13Jan2025 22:53:58.908] [modloading-worker-0/DEBUG] [net.minecraftforge.fml.javafmlmod.AutomaticEventSubscriber/LOADING]: Auto-subscribing com.unlikepaladin.pfm.registry.forge.RecipeRegistryForge to MOD
[13Jan2025 22:53:58.908] [modloading-worker-0/DEBUG] [net.minecraftforge.fml.javafmlmod.AutomaticEventSubscriber/LOADING]: Auto-subscribing com.unlikepaladin.pfm.registry.forge.ParticleTypeRegistryForge to MOD
[13Jan2025 22:53:58.909] [modloading-worker-0/DEBUG] [net.minecraftforge.fml.javafmlmod.AutomaticEventSubscriber/LOADING]: Auto-subscribing com.unlikepaladin.pfm.registry.forge.NetworkRegistryForge to FORGE
[13Jan2025 22:53:58.909] [modloading-worker-0/DEBUG] [net.minecraftforge.fml.javafmlmod.AutomaticEventSubscriber/LOADING]: Auto-subscribing com.unlikepaladin.pfm.registry.forge.EntityRegistryForge to MOD
[13Jan2025 22:53:58.909] [modloading-worker-0/DEBUG] [net.minecraftforge.fml.javafmlmod.AutomaticEventSubscriber/LOADING]: Auto-subscribing com.unlikepaladin.pfm.registry.forge.BlockItemRegistryForge to MOD
[13Jan2025 22:53:58.909] [modloading-worker-0/DEBUG] [net.minecraftforge.fml.javafmlmod.AutomaticEventSubscriber/LOADING]: Auto-subscribing com.unlikepaladin.pfm.registry.forge.BlockEntityRegistryForge to MOD
[13Jan2025 22:53:58.910] [modloading-worker-0/DEBUG] [net.minecraftforge.fml.javafmlmod.AutomaticEventSubscriber/LOADING]: Auto-subscribing com.unlikepaladin.pfm.registry.dynamic.forge.LateBlockRegistryImpl to MOD
[13Jan2025 22:53:58.911] [modloading-worker-0/DEBUG] [com.tterrag.registrate.AbstractRegistrate/REGISTRATE.REGISTER]: Captured registration for entry andesite_floodlight of type minecraft:item
[13Jan2025 22:53:58.912] [modloading-worker-0/DEBUG] [com.tterrag.registrate.AbstractRegistrate/REGISTRATE.REGISTER]: Captured registration for entry andesite_floodlight of type minecraft:block
[13Jan2025 22:53:58.913] [modloading-worker-0/DEBUG] [net.minecraftforge.fml.javafmlmod.AutomaticEventSubscriber/LOADING]: Auto-subscribing com.unlikepaladin.pfm.advancements.forge.CriteriaRegistryForge to MOD
[13Jan2025 22:53:58.913] [modloading-worker-0/DEBUG] [com.tterrag.registrate.AbstractRegistrate/REGISTRATE.REGISTER]: Captured registration for entry copper_floodlight of type minecraft:item
[13Jan2025 22:53:58.918] [modloading-worker-0/DEBUG] [com.tterrag.registrate.AbstractRegistrate/REGISTRATE.REGISTER]: Captured registration for entry copper_floodlight of type minecraft:block
[13Jan2025 22:53:58.939] [modloading-worker-0/DEBUG] [net.minecraftforge.fml.config.ConfigTracker/CONFIG]: Config file sona-common.toml for sona tracking
[13Jan2025 22:53:58.946] [modloading-worker-0/DEBUG] [net.minecraftforge.fml.config.ConfigTracker/CONFIG]: Config file forge-client.toml for forge tracking
[13Jan2025 22:53:58.946] [modloading-worker-0/DEBUG] [net.minecraftforge.fml.config.ConfigTracker/CONFIG]: Config file forge-server.toml for forge tracking
[13Jan2025 22:53:58.946] [modloading-worker-0/DEBUG] [net.minecraftforge.fml.ModLoadingContext/]: Attempted to register an empty config for type COMMON on mod forge
[13Jan2025 22:53:58.953] [modloading-worker-0/DEBUG] [mixin/]: Mixing access.JsonReloadListenerAccess from enhancedcelestials.mixins.json into net.minecraft.server.packs.resources.SimpleJsonResourceReloadListener
[13Jan2025 22:53:58.962] [modloading-worker-0/DEBUG] [mixin/]: Mixing ConditionHackMixin from moonlight.mixins.json into net.minecraft.server.packs.resources.SimplePreparableReloadListener
[13Jan2025 22:53:58.969] [modloading-worker-0/DEBUG] [com.tterrag.registrate.AbstractRegistrate/REGISTRATE.REGISTER]: Captured registration for entry industrial_gear of type minecraft:item
[13Jan2025 22:53:58.971] [modloading-worker-0/DEBUG] [com.tterrag.registrate.AbstractRegistrate/REGISTRATE.REGISTER]: Captured registration for entry industrial_gear of type minecraft:block
[13Jan2025 22:53:58.972] [modloading-worker-0/DEBUG] [com.tterrag.registrate.AbstractRegistrate/REGISTRATE.REGISTER]: Captured registration for entry industrial_gear_large of type minecraft:item
[13Jan2025 22:53:58.972] [modloading-worker-0/DEBUG] [com.tterrag.registrate.AbstractRegistrate/REGISTRATE.REGISTER]: Captured registration for entry industrial_gear_large of type minecraft:block
[13Jan2025 22:53:58.975] [modloading-worker-0/DEBUG] [com.tterrag.registrate.AbstractRegistrate/REGISTRATE.REGISTER]: Captured registration for entry brass_boiler of type minecraft:item
[13Jan2025 22:53:58.976] [modloading-worker-0/DEBUG] [com.tterrag.registrate.AbstractRegistrate/REGISTRATE.REGISTER]: Captured registration for entry brass_boiler of type minecraft:block
[13Jan2025 22:53:58.984] [modloading-worker-0/DEBUG] [com.tterrag.registrate.AbstractRegistrate/REGISTRATE.REGISTER]: Captured registration for entry brass_boiler_large of type minecraft:item
[13Jan2025 22:53:58.985] [modloading-worker-0/DEBUG] [com.tterrag.registrate.AbstractRegistrate/REGISTRATE.REGISTER]: Captured registration for entry brass_boiler_large of type minecraft:block
[13Jan2025 22:53:58.987] [modloading-worker-0/DEBUG] [com.tterrag.registrate.AbstractRegistrate/REGISTRATE.REGISTER]: Captured registration for entry brass_boiler_structure of type minecraft:block
[13Jan2025 22:53:58.989] [modloading-worker-0/DEBUG] [net.minecraftforge.fml.javafmlmod.AutomaticEventSubscriber/LOADING]: Attempting to inject @EventBusSubscriber classes into the eventbus for sona
[13Jan2025 22:53:58.989] [modloading-worker-0/DEBUG] [net.minecraftforge.fml.javafmlmod.AutomaticEventSubscriber/LOADING]: Auto-subscribing com.scarasol.sona.init.SonaEntities to MOD
[13Jan2025 22:53:58.989] [modloading-worker-0/DEBUG] [net.minecraftforge.fml.javafmlmod.AutomaticEventSubscriber/LOADING]: Auto-subscribing com.scarasol.sona.event.ManagerEventHandler to FORGE
[13Jan2025 22:53:58.990] [modloading-worker-0/DEBUG] [com.tterrag.registrate.AbstractRegistrate/REGISTRATE.REGISTER]: Captured registration for entry aluminium_boiler of type minecraft:item
[13Jan2025 22:53:58.990] [modloading-worker-0/DEBUG] [com.tterrag.registrate.AbstractRegistrate/REGISTRATE.REGISTER]: Captured registration for entry aluminium_boiler of type minecraft:block
[13Jan2025 22:53:58.990] [modloading-worker-0/DEBUG] [net.minecraftforge.fml.javafmlmod.AutomaticEventSubscriber/LOADING]: Attempting to inject @EventBusSubscriber classes into the eventbus for forge
[13Jan2025 22:53:58.991] [modloading-worker-0/DEBUG] [net.minecraftforge.fml.javafmlmod.AutomaticEventSubscriber/LOADING]: Auto-subscribing net.minecraftforge.common.ForgeSpawnEggItem$CommonHandler to MOD
[13Jan2025 22:53:58.991] [modloading-worker-0/DEBUG] [com.tterrag.registrate.AbstractRegistrate/REGISTRATE.REGISTER]: Captured registration for entry aluminium_boiler_special of type minecraft:item
[13Jan2025 22:53:58.992] [modloading-worker-0/DEBUG] [com.tterrag.registrate.AbstractRegistrate/REGISTRATE.REGISTER]: Captured registration for entry aluminium_boiler_special of type minecraft:block
[13Jan2025 22:53:58.995] [modloading-worker-0/DEBUG] [com.tterrag.registrate.AbstractRegistrate/REGISTRATE.REGISTER]: Captured registration for entry aluminium_boiler_large of type minecraft:item
[13Jan2025 22:53:58.996] [modloading-worker-0/DEBUG] [net.minecraftforge.fml.javafmlmod.AutomaticEventSubscriber/LOADING]: Attempting to inject @EventBusSubscriber classes into the eventbus for immersive_weathering
[13Jan2025 22:53:58.998] [modloading-worker-0/DEBUG] [com.tterrag.registrate.AbstractRegistrate/REGISTRATE.REGISTER]: Captured registration for entry aluminium_boiler_large of type minecraft:block
[13Jan2025 22:53:58.999] [modloading-worker-0/DEBUG] [net.minecraftforge.fml.javafmlmod.AutomaticEventSubscriber/LOADING]: Attempting to inject @EventBusSubscriber classes into the eventbus for rubidium
[13Jan2025 22:53:59.001] [modloading-worker-0/DEBUG] [com.tterrag.registrate.AbstractRegistrate/REGISTRATE.REGISTER]: Captured registration for entry aluminium_boiler_structure of type minecraft:block
[13Jan2025 22:53:59.002] [modloading-worker-0/DEBUG] [com.tterrag.registrate.AbstractRegistrate/REGISTRATE.REGISTER]: Captured registration for entry gold_boiler of type minecraft:item
[13Jan2025 22:53:59.002] [modloading-worker-0/DEBUG] [com.tterrag.registrate.AbstractRegistrate/REGISTRATE.REGISTER]: Captured registration for entry gold_boiler of type minecraft:block
[13Jan2025 22:53:59.005] [modloading-worker-0/DEBUG] [net.minecraftforge.fml.javafmlmod.AutomaticEventSubscriber/LOADING]: Attempting to inject @EventBusSubscriber classes into the eventbus for embeddium
[13Jan2025 22:53:59.005] [modloading-worker-0/DEBUG] [com.tterrag.registrate.AbstractRegistrate/REGISTRATE.REGISTER]: Captured registration for entry gold_boiler_large of type minecraft:item
[13Jan2025 22:53:59.005] [modloading-worker-0/DEBUG] [com.tterrag.registrate.AbstractRegistrate/REGISTRATE.REGISTER]: Captured registration for entry gold_boiler_large of type minecraft:block
[13Jan2025 22:53:59.007] [modloading-worker-0/DEBUG] [com.tterrag.registrate.AbstractRegistrate/REGISTRATE.REGISTER]: Captured registration for entry gold_boiler_structure of type minecraft:block
[13Jan2025 22:53:59.018] [modloading-worker-0/DEBUG] [net.minecraftforge.fml.javafmlmod.AutomaticEventSubscriber/LOADING]: Auto-subscribing com.scarasol.sona.event.EffectEventHandler to FORGE
[13Jan2025 22:53:59.031] [modloading-worker-0/DEBUG] [com.tterrag.registrate.AbstractRegistrate/REGISTRATE.REGISTER]: Captured registration for entry copper_boiler of type minecraft:item
[13Jan2025 22:53:59.032] [modloading-worker-0/DEBUG] [com.tterrag.registrate.AbstractRegistrate/REGISTRATE.REGISTER]: Captured registration for entry copper_boiler of type minecraft:block
[13Jan2025 22:53:59.034] [modloading-worker-0/DEBUG] [com.tterrag.registrate.AbstractRegistrate/REGISTRATE.REGISTER]: Captured registration for entry copper_boiler_large of type minecraft:item
[13Jan2025 22:53:59.035] [modloading-worker-0/DEBUG] [com.tterrag.registrate.AbstractRegistrate/REGISTRATE.REGISTER]: Captured registration for entry copper_boiler_large of type minecraft:block
[13Jan2025 22:53:59.038] [modloading-worker-0/DEBUG] [net.minecraftforge.fml.config.ConfigTracker/CONFIG]: Config file farmersdelight-common.toml for farmersdelight tracking
[13Jan2025 22:53:59.038] [modloading-worker-0/DEBUG] [net.minecraftforge.fml.config.ConfigTracker/CONFIG]: Config file farmersdelight-client.toml for farmersdelight tracking
[13Jan2025 22:53:59.049] [modloading-worker-0/DEBUG] [com.tterrag.registrate.AbstractRegistrate/REGISTRATE.REGISTER]: Captured registration for entry copper_boiler_structure of type minecraft:block
[13Jan2025 22:53:59.050] [modloading-worker-0/DEBUG] [com.tterrag.registrate.AbstractRegistrate/REGISTRATE.REGISTER]: Captured registration for entry zinc_boiler of type minecraft:item
[13Jan2025 22:53:59.050] [modloading-worker-0/DEBUG] [com.tterrag.registrate.AbstractRegistrate/REGISTRATE.REGISTER]: Captured registration for entry zinc_boiler of type minecraft:block
[13Jan2025 22:53:59.058] [modloading-worker-0/DEBUG] [com.tterrag.registrate.AbstractRegistrate/REGISTRATE.REGISTER]: Captured registration for entry zinc_boiler_large of type minecraft:item
[13Jan2025 22:53:59.058] [modloading-worker-0/DEBUG] [com.tterrag.registrate.AbstractRegistrate/REGISTRATE.REGISTER]: Captured registration for entry zinc_boiler_large of type minecraft:block
[13Jan2025 22:53:59.060] [modloading-worker-0/DEBUG] [com.tterrag.registrate.AbstractRegistrate/REGISTRATE.REGISTER]: Captured registration for entry zinc_boiler_structure of type minecraft:block
[13Jan2025 22:53:59.061] [modloading-worker-0/DEBUG] [com.tterrag.registrate.AbstractRegistrate/REGISTRATE.REGISTER]: Captured registration for entry industrial_iron_boiler of type minecraft:item
[13Jan2025 22:53:59.061] [modloading-worker-0/DEBUG] [com.tterrag.registrate.AbstractRegistrate/REGISTRATE.REGISTER]: Captured registration for entry industrial_iron_boiler of type minecraft:block
[13Jan2025 22:53:59.065] [modloading-worker-0/DEBUG] [com.tterrag.registrate.AbstractRegistrate/REGISTRATE.REGISTER]: Captured registration for entry industrial_iron_boiler_large of type minecraft:item
[13Jan2025 22:53:59.066] [modloading-worker-0/DEBUG] [com.tterrag.registrate.AbstractRegistrate/REGISTRATE.REGISTER]: Captured registration for entry industrial_iron_boiler_large of type minecraft:block
[13Jan2025 22:53:59.080] [modloading-worker-0/DEBUG] [com.tterrag.registrate.AbstractRegistrate/REGISTRATE.REGISTER]: Captured registration for entry industrial_iron_boiler_structure of type minecraft:block
[13Jan2025 22:53:59.091] [modloading-worker-0/DEBUG] [com.tterrag.registrate.AbstractRegistrate/REGISTRATE.REGISTER]: Captured registration for entry andesite_boiler of type minecraft:item
[13Jan2025 22:53:59.092] [modloading-worker-0/DEBUG] [com.tterrag.registrate.AbstractRegistrate/REGISTRATE.REGISTER]: Captured registration for entry andesite_boiler of type minecraft:block
[13Jan2025 22:53:59.095] [modloading-worker-0/DEBUG] [com.tterrag.registrate.AbstractRegistrate/REGISTRATE.REGISTER]: Captured registration for entry andesite_boiler_large of type minecraft:item
[13Jan2025 22:53:59.096] [modloading-worker-0/DEBUG] [com.tterrag.registrate.AbstractRegistrate/REGISTRATE.REGISTER]: Captured registration for entry andesite_boiler_large of type minecraft:block
[13Jan2025 22:53:59.098] [modloading-worker-0/DEBUG] [com.tterrag.registrate.AbstractRegistrate/REGISTRATE.REGISTER]: Captured registration for entry andesite_boiler_structure of type minecraft:block
[13Jan2025 22:53:59.121] [modloading-worker-0/DEBUG] [com.tterrag.registrate.AbstractRegistrate/REGISTRATE.REGISTER]: Captured registration for entry cast_iron_boiler of type minecraft:item
[13Jan2025 22:53:59.121] [modloading-worker-0/DEBUG] [com.tterrag.registrate.AbstractRegistrate/REGISTRATE.REGISTER]: Captured registration for entry cast_iron_boiler of type minecraft:block
[13Jan2025 22:53:59.125] [modloading-worker-0/DEBUG] [com.tterrag.registrate.AbstractRegistrate/REGISTRATE.REGISTER]: Captured registration for entry cast_iron_boiler_large of type minecraft:item
[13Jan2025 22:53:59.125] [modloading-worker-0/DEBUG] [com.tterrag.registrate.AbstractRegistrate/REGISTRATE.REGISTER]: Captured registration for entry cast_iron_boiler_large of type minecraft:block
[13Jan2025 22:53:59.127] [modloading-worker-0/DEBUG] [com.tterrag.registrate.AbstractRegistrate/REGISTRATE.REGISTER]: Captured registration for entry cast_iron_boiler_structure of type minecraft:block
[13Jan2025 22:53:59.140] [modloading-worker-0/DEBUG] [com.tterrag.registrate.AbstractRegistrate/REGISTRATE.REGISTER]: Captured registration for entry capitalism_boiler of type minecraft:item
[13Jan2025 22:53:59.140] [modloading-worker-0/DEBUG] [com.tterrag.registrate.AbstractRegistrate/REGISTRATE.REGISTER]: Captured registration for entry capitalism_boiler of type minecraft:block
[13Jan2025 22:53:59.143] [modloading-worker-0/DEBUG] [com.tterrag.registrate.AbstractRegistrate/REGISTRATE.REGISTER]: Captured registration for entry capitalism_boiler_large of type minecraft:item
[13Jan2025 22:53:59.143] [modloading-worker-0/DEBUG] [com.tterrag.registrate.AbstractRegistrate/REGISTRATE.REGISTER]: Captured registration for entry capitalism_boiler_large of type minecraft:block
[13Jan2025 22:53:59.145] [modloading-worker-0/DEBUG] [com.tterrag.registrate.AbstractRegistrate/REGISTRATE.REGISTER]: Captured registration for entry capitalism_boiler_structure of type minecraft:block
[13Jan2025 22:53:59.152] [modloading-worker-0/DEBUG] [com.tterrag.registrate.AbstractRegistrate/REGISTRATE.REGISTER]: Captured registration for entry wood_support of type minecraft:item
[13Jan2025 22:53:59.152] [modloading-worker-0/DEBUG] [com.tterrag.registrate.AbstractRegistrate/REGISTRATE.REGISTER]: Captured registration for entry wood_support of type minecraft:block
[13Jan2025 22:53:59.167] [modloading-worker-0/DEBUG] [com.tterrag.registrate.AbstractRegistrate/REGISTRATE.REGISTER]: Captured registration for entry metal_support of type minecraft:item
[13Jan2025 22:53:59.167] [modloading-worker-0/DEBUG] [com.tterrag.registrate.AbstractRegistrate/REGISTRATE.REGISTER]: Captured registration for entry metal_support of type minecraft:block
[13Jan2025 22:53:59.169] [modloading-worker-0/DEBUG] [com.tterrag.registrate.AbstractRegistrate/REGISTRATE.REGISTER]: Captured registration for entry diagonal_metal_support of type minecraft:item
[13Jan2025 22:53:59.169] [modloading-worker-0/DEBUG] [com.tterrag.registrate.AbstractRegistrate/REGISTRATE.REGISTER]: Captured registration for entry diagonal_metal_support of type minecraft:block
[13Jan2025 22:53:59.170] [modloading-worker-0/DEBUG] [com.tterrag.registrate.AbstractRegistrate/REGISTRATE.REGISTER]: Captured registration for entry gas_tank of type minecraft:item
[13Jan2025 22:53:59.171] [modloading-worker-0/DEBUG] [com.tterrag.registrate.AbstractRegistrate/REGISTRATE.REGISTER]: Captured registration for entry gas_tank of type minecraft:block
[13Jan2025 22:53:59.172] [modloading-worker-0/DEBUG] [com.tterrag.registrate.AbstractRegistrate/REGISTRATE.REGISTER]: Captured registration for entry copper_gas_tank of type minecraft:item
[13Jan2025 22:53:59.173] [modloading-worker-0/DEBUG] [com.tterrag.registrate.AbstractRegistrate/REGISTRATE.REGISTER]: Captured registration for entry copper_gas_tank of type minecraft:block
[13Jan2025 22:53:59.203] [modloading-worker-0/DEBUG] [com.tterrag.registrate.AbstractRegistrate/REGISTRATE.REGISTER]: Captured registration for entry red_container of type minecraft:item
[13Jan2025 22:53:59.203] [modloading-worker-0/DEBUG] [com.tterrag.registrate.AbstractRegistrate/REGISTRATE.REGISTER]: Captured registration for entry red_container of type minecraft:block
[13Jan2025 22:53:59.234] [modloading-worker-0/DEBUG] [com.tterrag.registrate.AbstractRegistrate/REGISTRATE.REGISTER]: Captured registration for entry blue_container of type minecraft:item
[13Jan2025 22:53:59.234] [modloading-worker-0/DEBUG] [com.tterrag.registrate.AbstractRegistrate/REGISTRATE.REGISTER]: Captured registration for entry blue_container of type minecraft:block
[13Jan2025 22:53:59.246] [modloading-worker-0/DEBUG] [com.tterrag.registrate.AbstractRegistrate/REGISTRATE.REGISTER]: Captured registration for entry green_container of type minecraft:item
[13Jan2025 22:53:59.246] [modloading-worker-0/DEBUG] [com.tterrag.registrate.AbstractRegistrate/REGISTRATE.REGISTER]: Captured registration for entry green_container of type minecraft:block
[13Jan2025 22:53:59.251] [modloading-worker-0/DEBUG] [com.tterrag.registrate.AbstractRegistrate/REGISTRATE.REGISTER]: Captured registration for entry moyai_sign of type minecraft:item
[13Jan2025 22:53:59.253] [modloading-worker-0/DEBUG] [com.tterrag.registrate.AbstractRegistrate/REGISTRATE.REGISTER]: Captured registration for entry moyai_sign of type minecraft:block
[13Jan2025 22:53:59.258] [modloading-worker-0/DEBUG] [com.tterrag.registrate.AbstractRegistrate/REGISTRATE.REGISTER]: Captured registration for entry warning_sign of type minecraft:item
[13Jan2025 22:53:59.258] [modloading-worker-0/DEBUG] [com.tterrag.registrate.AbstractRegistrate/REGISTRATE.REGISTER]: Captured registration for entry warning_sign of type minecraft:block
[13Jan2025 22:53:59.259] [modloading-worker-0/DEBUG] [com.tterrag.registrate.AbstractRegistrate/REGISTRATE.REGISTER]: Captured registration for entry arrow_up_sign of type minecraft:item
[13Jan2025 22:53:59.259] [modloading-worker-0/DEBUG] [com.tterrag.registrate.AbstractRegistrate/REGISTRATE.REGISTER]: Captured registration for entry arrow_up_sign of type minecraft:block
[13Jan2025 22:53:59.261] [modloading-worker-0/DEBUG] [com.tterrag.registrate.AbstractRegistrate/REGISTRATE.REGISTER]: Captured registration for entry tap_sign of type minecraft:item
[13Jan2025 22:53:59.265] [modloading-worker-0/DEBUG] [com.tterrag.registrate.AbstractRegistrate/REGISTRATE.REGISTER]: Captured registration for entry tap_sign of type minecraft:block
[13Jan2025 22:53:59.274] [modloading-worker-0/DEBUG] [net.minecraftforge.fml.javafmlmod.AutomaticEventSubscriber/LOADING]: Attempting to inject @EventBusSubscriber classes into the eventbus for horror_element_mod
[13Jan2025 22:53:59.275] [modloading-worker-0/DEBUG] [net.minecraftforge.fml.javafmlmod.AutomaticEventSubscriber/LOADING]: Auto-subscribing en.predator.horrorelementmod.network.HorrorElementModModVariables to MOD
[13Jan2025 22:53:59.275] [modloading-worker-0/DEBUG] [com.tterrag.registrate.AbstractRegistrate/REGISTRATE.REGISTER]: Captured registration for entry stop_sign of type minecraft:item
[13Jan2025 22:53:59.275] [modloading-worker-0/DEBUG] [com.tterrag.registrate.AbstractRegistrate/REGISTRATE.REGISTER]: Captured registration for entry stop_sign of type minecraft:block
[13Jan2025 22:53:59.276] [modloading-worker-0/DEBUG] [net.minecraftforge.fml.javafmlmod.AutomaticEventSubscriber/LOADING]: Auto-subscribing en.predator.horrorelementmod.network.HorrorElementModModVariables$EventBusVariableHandlers to FORGE
[13Jan2025 22:53:59.276] [modloading-worker-0/DEBUG] [com.tterrag.registrate.AbstractRegistrate/REGISTRATE.REGISTER]: Captured registration for entry arrow_right_sign of type minecraft:item
[13Jan2025 22:53:59.282] [modloading-worker-0/DEBUG] [com.tterrag.registrate.AbstractRegistrate/REGISTRATE.REGISTER]: Captured registration for entry arrow_right_sign of type minecraft:block
[13Jan2025 22:53:59.283] [modloading-worker-0/DEBUG] [net.minecraftforge.fml.javafmlmod.AutomaticEventSubscriber/LOADING]: Auto-subscribing en.predator.horrorelementmod.command.DodayReset2Command to FORGE
[13Jan2025 22:53:59.284] [modloading-worker-0/DEBUG] [com.tterrag.registrate.AbstractRegistrate/REGISTRATE.REGISTER]: Captured registration for entry arrow_left_sign of type minecraft:item
[13Jan2025 22:53:59.284] [modloading-worker-0/DEBUG] [com.tterrag.registrate.AbstractRegistrate/REGISTRATE.REGISTER]: Captured registration for entry arrow_left_sign of type minecraft:block
[13Jan2025 22:53:59.286] [modloading-worker-0/DEBUG] [com.tterrag.registrate.AbstractRegistrate/REGISTRATE.REGISTER]: Captured registration for entry glitch_warning_sign of type minecraft:item
[13Jan2025 22:53:59.286] [modloading-worker-0/DEBUG] [net.minecraftforge.fml.javafmlmod.AutomaticEventSubscriber/LOADING]: Auto-subscribing en.predator.horrorelementmod.command.DoDayResetCommand to FORGE
[13Jan2025 22:53:59.288] [modloading-worker-0/DEBUG] [com.tterrag.registrate.AbstractRegistrate/REGISTRATE.REGISTER]: Captured registration for entry glitch_warning_sign of type minecraft:block
[13Jan2025 22:53:59.289] [modloading-worker-0/DEBUG] [com.tterrag.registrate.AbstractRegistrate/REGISTRATE.REGISTER]: Captured registration for entry broken_wrench_sign of type minecraft:item
[13Jan2025 22:53:59.292] [modloading-worker-0/DEBUG] [com.tterrag.registrate.AbstractRegistrate/REGISTRATE.REGISTER]: Captured registration for entry broken_wrench_sign of type minecraft:block
[13Jan2025 22:53:59.293] [modloading-worker-0/DEBUG] [com.tterrag.registrate.AbstractRegistrate/REGISTRATE.REGISTER]: Captured registration for entry biohazard_sign of type minecraft:item
[13Jan2025 22:53:59.293] [modloading-worker-0/DEBUG] [com.tterrag.registrate.AbstractRegistrate/REGISTRATE.REGISTER]: Captured registration for entry biohazard_sign of type minecraft:block
[13Jan2025 22:53:59.294] [modloading-worker-0/DEBUG] [com.tterrag.registrate.AbstractRegistrate/REGISTRATE.REGISTER]: Captured registration for entry capitalism_warning_sign of type minecraft:item
[13Jan2025 22:53:59.296] [modloading-worker-0/DEBUG] [com.tterrag.registrate.AbstractRegistrate/REGISTRATE.REGISTER]: Captured registration for entry capitalism_warning_sign of type minecraft:block
[13Jan2025 22:53:59.297] [modloading-worker-0/DEBUG] [com.tterrag.registrate.AbstractRegistrate/REGISTRATE.REGISTER]: Captured registration for entry arrow_down_sign of type minecraft:item
[13Jan2025 22:53:59.307] [modloading-worker-0/DEBUG] [com.tterrag.registrate.AbstractRegistrate/REGISTRATE.REGISTER]: Captured registration for entry arrow_down_sign of type minecraft:block
[13Jan2025 22:53:59.308] [modloading-worker-0/DEBUG] [com.tterrag.registrate.AbstractRegistrate/REGISTRATE.REGISTER]: Captured registration for entry gear_sign of type minecraft:item
[13Jan2025 22:53:59.308] [modloading-worker-0/DEBUG] [com.tterrag.registrate.AbstractRegistrate/REGISTRATE.REGISTER]: Captured registration for entry gear_sign of type minecraft:block
[13Jan2025 22:53:59.309] [modloading-worker-0/DEBUG] [com.tterrag.registrate.AbstractRegistrate/REGISTRATE.REGISTER]: Captured registration for entry creeper_sign of type minecraft:item
[13Jan2025 22:53:59.309] [modloading-worker-0/DEBUG] [com.tterrag.registrate.AbstractRegistrate/REGISTRATE.REGISTER]: Captured registration for entry creeper_sign of type minecraft:block
[13Jan2025 22:53:59.311] [modloading-worker-0/DEBUG] [com.tterrag.registrate.AbstractRegistrate/REGISTRATE.REGISTER]: Captured registration for entry bun_sign of type minecraft:item
[13Jan2025 22:53:59.311] [modloading-worker-0/DEBUG] [com.tterrag.registrate.AbstractRegistrate/REGISTRATE.REGISTER]: Captured registration for entry bun_sign of type minecraft:block
[13Jan2025 22:53:59.312] [modloading-worker-0/DEBUG] [com.tterrag.registrate.AbstractRegistrate/REGISTRATE.REGISTER]: Captured registration for entry silly_sign of type minecraft:item
[13Jan2025 22:53:59.312] [modloading-worker-0/DEBUG] [com.tterrag.registrate.AbstractRegistrate/REGISTRATE.REGISTER]: Captured registration for entry silly_sign of type minecraft:block
[13Jan2025 22:53:59.313] [modloading-worker-0/DEBUG] [com.tterrag.registrate.AbstractRegistrate/REGISTRATE.REGISTER]: Captured registration for entry american_sign of type minecraft:item
[13Jan2025 22:53:59.313] [modloading-worker-0/DEBUG] [com.tterrag.registrate.AbstractRegistrate/REGISTRATE.REGISTER]: Captured registration for entry american_sign of type minecraft:block
[13Jan2025 22:53:59.314] [modloading-worker-0/DEBUG] [com.tterrag.registrate.AbstractRegistrate/REGISTRATE.REGISTER]: Captured registration for entry magnet_sign of type minecraft:item
[13Jan2025 22:53:59.317] [modloading-worker-0/DEBUG] [com.tterrag.registrate.AbstractRegistrate/REGISTRATE.REGISTER]: Captured registration for entry magnet_sign of type minecraft:block
[13Jan2025 22:53:59.318] [modloading-worker-0/DEBUG] [com.tterrag.registrate.AbstractRegistrate/REGISTRATE.REGISTER]: Captured registration for entry blank_sign of type minecraft:item
[13Jan2025 22:53:59.318] [modloading-worker-0/DEBUG] [com.tterrag.registrate.AbstractRegistrate/REGISTRATE.REGISTER]: Captured registration for entry blank_sign of type minecraft:block
[13Jan2025 22:53:59.320] [modloading-worker-0/DEBUG] [com.tterrag.registrate.AbstractRegistrate/REGISTRATE.REGISTER]: Captured registration for entry a_sign of type minecraft:item
[13Jan2025 22:53:59.320] [modloading-worker-0/DEBUG] [com.tterrag.registrate.AbstractRegistrate/REGISTRATE.REGISTER]: Captured registration for entry a_sign of type minecraft:block
[13Jan2025 22:53:59.320] [modloading-worker-0/DEBUG] [com.tterrag.registrate.AbstractRegistrate/REGISTRATE.REGISTER]: Captured registration for entry b_sign of type minecraft:item
[13Jan2025 22:53:59.325] [modloading-worker-0/DEBUG] [com.tterrag.registrate.AbstractRegistrate/REGISTRATE.REGISTER]: Captured registration for entry b_sign of type minecraft:block
[13Jan2025 22:53:59.326] [modloading-worker-0/DEBUG] [com.tterrag.registrate.AbstractRegistrate/REGISTRATE.REGISTER]: Captured registration for entry c_sign of type minecraft:item
[13Jan2025 22:53:59.326] [modloading-worker-0/DEBUG] [com.tterrag.registrate.AbstractRegistrate/REGISTRATE.REGISTER]: Captured registration for entry c_sign of type minecraft:block
[13Jan2025 22:53:59.326] [modloading-worker-0/DEBUG] [com.tterrag.registrate.AbstractRegistrate/REGISTRATE.REGISTER]: Captured registration for entry d_sign of type minecraft:item
[13Jan2025 22:53:59.326] [modloading-worker-0/DEBUG] [com.tterrag.registrate.AbstractRegistrate/REGISTRATE.REGISTER]: Captured registration for entry d_sign of type minecraft:block
[13Jan2025 22:53:59.327] [modloading-worker-0/DEBUG] [com.tterrag.registrate.AbstractRegistrate/REGISTRATE.REGISTER]: Captured registration for entry e_sign of type minecraft:item
[13Jan2025 22:53:59.327] [modloading-worker-0/DEBUG] [com.tterrag.registrate.AbstractRegistrate/REGISTRATE.REGISTER]: Captured registration for entry e_sign of type minecraft:block
[13Jan2025 22:53:59.327] [modloading-worker-0/DEBUG] [com.tterrag.registrate.AbstractRegistrate/REGISTRATE.REGISTER]: Captured registration for entry f_sign of type minecraft:item
[13Jan2025 22:53:59.327] [modloading-worker-0/DEBUG] [com.tterrag.registrate.AbstractRegistrate/REGISTRATE.REGISTER]: Captured registration for entry f_sign of type minecraft:block
[13Jan2025 22:53:59.327] [modloading-worker-0/DEBUG] [com.tterrag.registrate.AbstractRegistrate/REGISTRATE.REGISTER]: Captured registration for entry g_sign of type minecraft:item
[13Jan2025 22:53:59.328] [modloading-worker-0/DEBUG] [com.tterrag.registrate.AbstractRegistrate/REGISTRATE.REGISTER]: Captured registration for entry g_sign of type minecraft:block
[13Jan2025 22:53:59.328] [modloading-worker-0/DEBUG] [net.minecraftforge.fml.javafmlmod.AutomaticEventSubscriber/LOADING]: Attempting to inject @EventBusSubscriber classes into the eventbus for voicechat
[13Jan2025 22:53:59.328] [modloading-worker-0/DEBUG] [com.tterrag.registrate.AbstractRegistrate/REGISTRATE.REGISTER]: Captured registration for entry h_sign of type minecraft:item
[13Jan2025 22:53:59.328] [modloading-worker-0/DEBUG] [com.tterrag.registrate.AbstractRegistrate/REGISTRATE.REGISTER]: Captured registration for entry h_sign of type minecraft:block
[13Jan2025 22:53:59.328] [modloading-worker-0/DEBUG] [com.tterrag.registrate.AbstractRegistrate/REGISTRATE.REGISTER]: Captured registration for entry i_sign of type minecraft:item
[13Jan2025 22:53:59.328] [modloading-worker-0/DEBUG] [com.tterrag.registrate.AbstractRegistrate/REGISTRATE.REGISTER]: Captured registration for entry i_sign of type minecraft:block
[13Jan2025 22:53:59.329] [modloading-worker-0/DEBUG] [com.tterrag.registrate.AbstractRegistrate/REGISTRATE.REGISTER]: Captured registration for entry j_sign of type minecraft:item
[13Jan2025 22:53:59.329] [modloading-worker-0/DEBUG] [com.tterrag.registrate.AbstractRegistrate/REGISTRATE.REGISTER]: Captured registration for entry j_sign of type minecraft:block
[13Jan2025 22:53:59.329] [modloading-worker-0/DEBUG] [com.tterrag.registrate.AbstractRegistrate/REGISTRATE.REGISTER]: Captured registration for entry k_sign of type minecraft:item
[13Jan2025 22:53:59.329] [modloading-worker-0/DEBUG] [com.tterrag.registrate.AbstractRegistrate/REGISTRATE.REGISTER]: Captured registration for entry k_sign of type minecraft:block
[13Jan2025 22:53:59.329] [modloading-worker-0/DEBUG] [com.tterrag.registrate.AbstractRegistrate/REGISTRATE.REGISTER]: Captured registration for entry l_sign of type minecraft:item
[13Jan2025 22:53:59.330] [modloading-worker-0/DEBUG] [com.tterrag.registrate.AbstractRegistrate/REGISTRATE.REGISTER]: Captured registration for entry l_sign of type minecraft:block
[13Jan2025 22:53:59.329] [modloading-worker-0/DEBUG] [net.minecraftforge.fml.javafmlmod.AutomaticEventSubscriber/LOADING]: Attempting to inject @EventBusSubscriber classes into the eventbus for sound_physics_remastered
[13Jan2025 22:53:59.330] [modloading-worker-0/DEBUG] [net.minecraftforge.fml.config.ConfigTracker/CONFIG]: Config file moonlight-common.toml for moonlight tracking
[13Jan2025 22:53:59.330] [modloading-worker-0/DEBUG] [com.tterrag.registrate.AbstractRegistrate/REGISTRATE.REGISTER]: Captured registration for entry m_sign of type minecraft:item
[13Jan2025 22:53:59.332] [modloading-worker-0/DEBUG] [com.tterrag.registrate.AbstractRegistrate/REGISTRATE.REGISTER]: Captured registration for entry m_sign of type minecraft:block
[13Jan2025 22:53:59.332] [modloading-worker-0/DEBUG] [com.tterrag.registrate.AbstractRegistrate/REGISTRATE.REGISTER]: Captured registration for entry n_sign of type minecraft:item
[13Jan2025 22:53:59.332] [modloading-worker-0/DEBUG] [com.tterrag.registrate.AbstractRegistrate/REGISTRATE.REGISTER]: Captured registration for entry n_sign of type minecraft:block
[13Jan2025 22:53:59.332] [modloading-worker-0/DEBUG] [com.tterrag.registrate.AbstractRegistrate/REGISTRATE.REGISTER]: Captured registration for entry o_sign of type minecraft:item
[13Jan2025 22:53:59.332] [modloading-worker-0/DEBUG] [com.tterrag.registrate.AbstractRegistrate/REGISTRATE.REGISTER]: Captured registration for entry o_sign of type minecraft:block
[13Jan2025 22:53:59.332] [modloading-worker-0/DEBUG] [com.tterrag.registrate.AbstractRegistrate/REGISTRATE.REGISTER]: Captured registration for entry p_sign of type minecraft:item
[13Jan2025 22:53:59.332] [modloading-worker-0/DEBUG] [com.tterrag.registrate.AbstractRegistrate/REGISTRATE.REGISTER]: Captured registration for entry p_sign of type minecraft:block
[13Jan2025 22:53:59.332] [modloading-worker-0/DEBUG] [com.tterrag.registrate.AbstractRegistrate/REGISTRATE.REGISTER]: Captured registration for entry q_sign of type minecraft:item
[13Jan2025 22:53:59.333] [modloading-worker-0/DEBUG] [com.tterrag.registrate.AbstractRegistrate/REGISTRATE.REGISTER]: Captured registration for entry q_sign of type minecraft:block
[13Jan2025 22:53:59.333] [modloading-worker-0/DEBUG] [com.tterrag.registrate.AbstractRegistrate/REGISTRATE.REGISTER]: Captured registration for entry r_sign of type minecraft:item
[13Jan2025 22:53:59.333] [modloading-worker-0/DEBUG] [com.tterrag.registrate.AbstractRegistrate/REGISTRATE.REGISTER]: Captured registration for entry r_sign of type minecraft:block
[13Jan2025 22:53:59.333] [modloading-worker-0/DEBUG] [com.tterrag.registrate.AbstractRegistrate/REGISTRATE.REGISTER]: Captured registration for entry s_sign of type minecraft:item
[13Jan2025 22:53:59.333] [modloading-worker-0/DEBUG] [com.tterrag.registrate.AbstractRegistrate/REGISTRATE.REGISTER]: Captured registration for entry s_sign of type minecraft:block
[13Jan2025 22:53:59.333] [modloading-worker-0/DEBUG] [com.tterrag.registrate.AbstractRegistrate/REGISTRATE.REGISTER]: Captured registration for entry t_sign of type minecraft:item
[13Jan2025 22:53:59.333] [modloading-worker-0/DEBUG] [com.tterrag.registrate.AbstractRegistrate/REGISTRATE.REGISTER]: Captured registration for entry t_sign of type minecraft:block
[13Jan2025 22:53:59.333] [modloading-worker-0/DEBUG] [com.tterrag.registrate.AbstractRegistrate/REGISTRATE.REGISTER]: Captured registration for entry u_sign of type minecraft:item
[13Jan2025 22:53:59.333] [modloading-worker-0/DEBUG] [com.tterrag.registrate.AbstractRegistrate/REGISTRATE.REGISTER]: Captured registration for entry u_sign of type minecraft:block
[13Jan2025 22:53:59.333] [modloading-worker-0/DEBUG] [com.tterrag.registrate.AbstractRegistrate/REGISTRATE.REGISTER]: Captured registration for entry v_sign of type minecraft:item
[13Jan2025 22:53:59.334] [modloading-worker-0/DEBUG] [com.tterrag.registrate.AbstractRegistrate/REGISTRATE.REGISTER]: Captured registration for entry v_sign of type minecraft:block
[13Jan2025 22:53:59.334] [modloading-worker-0/DEBUG] [com.tterrag.registrate.AbstractRegistrate/REGISTRATE.REGISTER]: Captured registration for entry w_sign of type minecraft:item
[13Jan2025 22:53:59.334] [modloading-worker-0/DEBUG] [com.tterrag.registrate.AbstractRegistrate/REGISTRATE.REGISTER]: Captured registration for entry w_sign of type minecraft:block
[13Jan2025 22:53:59.334] [modloading-worker-0/DEBUG] [com.tterrag.registrate.AbstractRegistrate/REGISTRATE.REGISTER]: Captured registration for entry x_sign of type minecraft:item
[13Jan2025 22:53:59.334] [modloading-worker-0/DEBUG] [com.tterrag.registrate.AbstractRegistrate/REGISTRATE.REGISTER]: Captured registration for entry x_sign of type minecraft:block
[13Jan2025 22:53:59.334] [modloading-worker-0/DEBUG] [com.tterrag.registrate.AbstractRegistrate/REGISTRATE.REGISTER]: Captured registration for entry y_sign of type minecraft:item
[13Jan2025 22:53:59.334] [modloading-worker-0/DEBUG] [com.tterrag.registrate.AbstractRegistrate/REGISTRATE.REGISTER]: Captured registration for entry y_sign of type minecraft:block
[13Jan2025 22:53:59.334] [modloading-worker-0/DEBUG] [com.tterrag.registrate.AbstractRegistrate/REGISTRATE.REGISTER]: Captured registration for entry z_sign of type minecraft:item
[13Jan2025 22:53:59.334] [modloading-worker-0/DEBUG] [com.tterrag.registrate.AbstractRegistrate/REGISTRATE.REGISTER]: Captured registration for entry z_sign of type minecraft:block
[13Jan2025 22:53:59.334] [modloading-worker-0/DEBUG] [com.tterrag.registrate.AbstractRegistrate/REGISTRATE.REGISTER]: Captured registration for entry 0_sign of type minecraft:item
[13Jan2025 22:53:59.335] [modloading-worker-0/DEBUG] [com.tterrag.registrate.AbstractRegistrate/REGISTRATE.REGISTER]: Captured registration for entry 0_sign of type minecraft:block
[13Jan2025 22:53:59.335] [modloading-worker-0/DEBUG] [com.tterrag.registrate.AbstractRegistrate/REGISTRATE.REGISTER]: Captured registration for entry 1_sign of type minecraft:item
[13Jan2025 22:53:59.335] [modloading-worker-0/DEBUG] [com.tterrag.registrate.AbstractRegistrate/REGISTRATE.REGISTER]: Captured registration for entry 1_sign of type minecraft:block
[13Jan2025 22:53:59.335] [modloading-worker-0/DEBUG] [com.tterrag.registrate.AbstractRegistrate/REGISTRATE.REGISTER]: Captured registration for entry 2_sign of type minecraft:item
[13Jan2025 22:53:59.335] [modloading-worker-0/DEBUG] [com.tterrag.registrate.AbstractRegistrate/REGISTRATE.REGISTER]: Captured registration for entry 2_sign of type minecraft:block
[13Jan2025 22:53:59.335] [modloading-worker-0/DEBUG] [com.tterrag.registrate.AbstractRegistrate/REGISTRATE.REGISTER]: Captured registration for entry 3_sign of type minecraft:item
[13Jan2025 22:53:59.335] [modloading-worker-0/DEBUG] [com.tterrag.registrate.AbstractRegistrate/REGISTRATE.REGISTER]: Captured registration for entry 3_sign of type minecraft:block
[13Jan2025 22:53:59.335] [modloading-worker-0/DEBUG] [com.tterrag.registrate.AbstractRegistrate/REGISTRATE.REGISTER]: Captured registration for entry 4_sign of type minecraft:item
[13Jan2025 22:53:59.335] [modloading-worker-0/DEBUG] [com.tterrag.registrate.AbstractRegistrate/REGISTRATE.REGISTER]: Captured registration for entry 4_sign of type minecraft:block
[13Jan2025 22:53:59.335] [modloading-worker-0/DEBUG] [com.tterrag.registrate.AbstractRegistrate/REGISTRATE.REGISTER]: Captured registration for entry 5_sign of type minecraft:item
[13Jan2025 22:53:59.335] [modloading-worker-0/DEBUG] [com.tterrag.registrate.AbstractRegistrate/REGISTRATE.REGISTER]: Captured registration for entry 5_sign of type minecraft:block
[13Jan2025 22:53:59.336] [modloading-worker-0/DEBUG] [com.tterrag.registrate.AbstractRegistrate/REGISTRATE.REGISTER]: Captured registration for entry 6_sign of type minecraft:item
[13Jan2025 22:53:59.336] [modloading-worker-0/DEBUG] [com.tterrag.registrate.AbstractRegistrate/REGISTRATE.REGISTER]: Captured registration for entry 6_sign of type minecraft:block
[13Jan2025 22:53:59.336] [modloading-worker-0/DEBUG] [com.tterrag.registrate.AbstractRegistrate/REGISTRATE.REGISTER]: Captured registration for entry 7_sign of type minecraft:item
[13Jan2025 22:53:59.336] [modloading-worker-0/DEBUG] [com.tterrag.registrate.AbstractRegistrate/REGISTRATE.REGISTER]: Captured registration for entry 7_sign of type minecraft:block
[13Jan2025 22:53:59.336] [modloading-worker-0/DEBUG] [com.tterrag.registrate.AbstractRegistrate/REGISTRATE.REGISTER]: Captured registration for entry 8_sign of type minecraft:item
[13Jan2025 22:53:59.336] [modloading-worker-0/DEBUG] [com.tterrag.registrate.AbstractRegistrate/REGISTRATE.REGISTER]: Captured registration for entry 8_sign of type minecraft:block
[13Jan2025 22:53:59.336] [modloading-worker-0/DEBUG] [com.tterrag.registrate.AbstractRegistrate/REGISTRATE.REGISTER]: Captured registration for entry 9_sign of type minecraft:item
[13Jan2025 22:53:59.336] [modloading-worker-0/DEBUG] [com.tterrag.registrate.AbstractRegistrate/REGISTRATE.REGISTER]: Captured registration for entry 9_sign of type minecraft:block
[13Jan2025 22:53:59.336] [modloading-worker-0/DEBUG] [com.tterrag.registrate.AbstractRegistrate/REGISTRATE.REGISTER]: Captured registration for entry a_sign of type minecraft:item
[13Jan2025 22:53:59.336] [modloading-worker-0/DEBUG] [com.tterrag.registrate.AbstractRegistrate/REGISTRATE.REGISTER]: Captured registration for entry a_sign of type minecraft:block
[13Jan2025 22:53:59.337] [modloading-worker-0/DEBUG] [com.tterrag.registrate.AbstractRegistrate/REGISTRATE.REGISTER]: Captured registration for entry letter_sign of type minecraft:item
[13Jan2025 22:53:59.337] [modloading-worker-0/DEBUG] [com.tterrag.registrate.AbstractRegistrate/REGISTRATE.REGISTER]: Captured registration for entry letter_sign of type minecraft:block
[13Jan2025 22:53:59.352] [modloading-worker-0/DEBUG] [com.tterrag.registrate.AbstractRegistrate/REGISTRATE.REGISTER]: Captured registration for entry crushing_wheel_controller of type minecraft:block
[13Jan2025 22:53:59.376] [modloading-worker-0/DEBUG] [net.minecraftforge.fml.javafmlmod.AutomaticEventSubscriber/LOADING]: Attempting to inject @EventBusSubscriber classes into the eventbus for farmersdelight
[13Jan2025 22:53:59.376] [modloading-worker-0/DEBUG] [net.minecraftforge.fml.javafmlmod.AutomaticEventSubscriber/LOADING]: Auto-subscribing vectorwing.farmersdelight.data.DataGenerators to MOD
[13Jan2025 22:53:59.378] [modloading-worker-0/DEBUG] [com.tterrag.registrate.AbstractRegistrate/REGISTRATE.REGISTER]: Captured registration for entry granite_crushing_wheel of type minecraft:item
[13Jan2025 22:53:59.378] [modloading-worker-0/DEBUG] [com.tterrag.registrate.AbstractRegistrate/REGISTRATE.REGISTER]: Captured registration for entry granite_crushing_wheel of type minecraft:block
[13Jan2025 22:53:59.384] [modloading-worker-0/DEBUG] [com.tterrag.registrate.AbstractRegistrate/REGISTRATE.REGISTER]: Captured registration for entry diorite_crushing_wheel of type minecraft:item
[13Jan2025 22:53:59.384] [modloading-worker-0/DEBUG] [com.tterrag.registrate.AbstractRegistrate/REGISTRATE.REGISTER]: Captured registration for entry diorite_crushing_wheel of type minecraft:block
[13Jan2025 22:53:59.378] [modloading-worker-0/DEBUG] [net.minecraftforge.fml.javafmlmod.AutomaticEventSubscriber/LOADING]: Auto-subscribing vectorwing.farmersdelight.common.item.SkilletItem$SkilletEvents to FORGE
[13Jan2025 22:53:59.385] [modloading-worker-0/DEBUG] [com.tterrag.registrate.AbstractRegistrate/REGISTRATE.REGISTER]: Captured registration for entry limestone_crushing_wheel of type minecraft:item
[13Jan2025 22:53:59.386] [modloading-worker-0/DEBUG] [com.tterrag.registrate.AbstractRegistrate/REGISTRATE.REGISTER]: Captured registration for entry limestone_crushing_wheel of type minecraft:block
[13Jan2025 22:53:59.386] [modloading-worker-0/DEBUG] [net.minecraftforge.fml.javafmlmod.AutomaticEventSubscriber/LOADING]: Auto-subscribing vectorwing.farmersdelight.common.item.KnifeItem$KnifeEvents to FORGE
[13Jan2025 22:53:59.387] [modloading-worker-0/DEBUG] [com.tterrag.registrate.AbstractRegistrate/REGISTRATE.REGISTER]: Captured registration for entry ochrum_crushing_wheel of type minecraft:item
[13Jan2025 22:53:59.388] [modloading-worker-0/DEBUG] [com.tterrag.registrate.AbstractRegistrate/REGISTRATE.REGISTER]: Captured registration for entry ochrum_crushing_wheel of type minecraft:block
[13Jan2025 22:53:59.389] [modloading-worker-0/DEBUG] [com.tterrag.registrate.AbstractRegistrate/REGISTRATE.REGISTER]: Captured registration for entry scorchia_crushing_wheel of type minecraft:item
[13Jan2025 22:53:59.390] [modloading-worker-0/DEBUG] [com.tterrag.registrate.AbstractRegistrate/REGISTRATE.REGISTER]: Captured registration for entry scorchia_crushing_wheel of type minecraft:block
[13Jan2025 22:53:59.396] [modloading-worker-0/DEBUG] [com.tterrag.registrate.AbstractRegistrate/REGISTRATE.REGISTER]: Captured registration for entry scoria_crushing_wheel of type minecraft:item
[13Jan2025 22:53:59.396] [modloading-worker-0/DEBUG] [com.tterrag.registrate.AbstractRegistrate/REGISTRATE.REGISTER]: Captured registration for entry scoria_crushing_wheel of type minecraft:block
[13Jan2025 22:53:59.397] [modloading-worker-0/DEBUG] [com.tterrag.registrate.AbstractRegistrate/REGISTRATE.REGISTER]: Captured registration for entry tuff_crushing_wheel of type minecraft:item
[13Jan2025 22:53:59.397] [modloading-worker-0/DEBUG] [com.tterrag.registrate.AbstractRegistrate/REGISTRATE.REGISTER]: Captured registration for entry tuff_crushing_wheel of type minecraft:block
[13Jan2025 22:53:59.399] [modloading-worker-0/DEBUG] [com.tterrag.registrate.AbstractRegistrate/REGISTRATE.REGISTER]: Captured registration for entry veridium_crushing_wheel of type minecraft:item
[13Jan2025 22:53:59.399] [modloading-worker-0/DEBUG] [com.tterrag.registrate.AbstractRegistrate/REGISTRATE.REGISTER]: Captured registration for entry veridium_crushing_wheel of type minecraft:block
[13Jan2025 22:53:59.403] [modloading-worker-0/DEBUG] [net.minecraftforge.fml.javafmlmod.AutomaticEventSubscriber/LOADING]: Auto-subscribing vectorwing.farmersdelight.common.item.HorseFeedItem$HorseFeedEvent to FORGE
[13Jan2025 22:53:59.404] [modloading-worker-0/DEBUG] [com.tterrag.registrate.AbstractRegistrate/REGISTRATE.REGISTER]: Captured registration for entry dripstone_crushing_wheel of type minecraft:item
[13Jan2025 22:53:59.404] [modloading-worker-0/DEBUG] [com.tterrag.registrate.AbstractRegistrate/REGISTRATE.REGISTER]: Captured registration for entry dripstone_crushing_wheel of type minecraft:block
[13Jan2025 22:53:59.405] [modloading-worker-0/DEBUG] [net.minecraftforge.fml.javafmlmod.AutomaticEventSubscriber/LOADING]: Auto-subscribing vectorwing.farmersdelight.common.item.enchantment.BackstabbingEnchantment$BackstabbingEvent to FORGE
[13Jan2025 22:53:59.405] [modloading-worker-0/DEBUG] [com.tterrag.registrate.AbstractRegistrate/REGISTRATE.REGISTER]: Captured registration for entry deepslate_crushing_wheel of type minecraft:item
[13Jan2025 22:53:59.405] [modloading-worker-0/DEBUG] [com.tterrag.registrate.AbstractRegistrate/REGISTRATE.REGISTER]: Captured registration for entry deepslate_crushing_wheel of type minecraft:block
[13Jan2025 22:53:59.406] [modloading-worker-0/DEBUG] [net.minecraftforge.fml.javafmlmod.AutomaticEventSubscriber/LOADING]: Auto-subscribing vectorwing.farmersdelight.common.item.DogFoodItem$DogFoodEvent to FORGE
[13Jan2025 22:53:59.406] [modloading-worker-0/DEBUG] [com.tterrag.registrate.AbstractRegistrate/REGISTRATE.REGISTER]: Captured registration for entry crimsite_crushing_wheel of type minecraft:item
[13Jan2025 22:53:59.406] [modloading-worker-0/DEBUG] [com.tterrag.registrate.AbstractRegistrate/REGISTRATE.REGISTER]: Captured registration for entry crimsite_crushing_wheel of type minecraft:block
[13Jan2025 22:53:59.407] [modloading-worker-0/DEBUG] [net.minecraftforge.fml.javafmlmod.AutomaticEventSubscriber/LOADING]: Auto-subscribing vectorwing.farmersdelight.common.event.VillagerEvents to FORGE
[13Jan2025 22:53:59.407] [modloading-worker-0/DEBUG] [com.tterrag.registrate.AbstractRegistrate/REGISTRATE.REGISTER]: Captured registration for entry calcite_crushing_wheel of type minecraft:item
[13Jan2025 22:53:59.407] [modloading-worker-0/DEBUG] [com.tterrag.registrate.AbstractRegistrate/REGISTRATE.REGISTER]: Captured registration for entry calcite_crushing_wheel of type minecraft:block
[13Jan2025 22:53:59.408] [modloading-worker-0/DEBUG] [com.tterrag.registrate.AbstractRegistrate/REGISTRATE.REGISTER]: Captured registration for entry asurine_crushing_wheel of type minecraft:item
[13Jan2025 22:53:59.416] [modloading-worker-0/DEBUG] [com.tterrag.registrate.AbstractRegistrate/REGISTRATE.REGISTER]: Captured registration for entry asurine_crushing_wheel of type minecraft:block
[13Jan2025 22:53:59.410] [modloading-worker-0/DEBUG] [net.minecraftforge.fml.javafmlmod.AutomaticEventSubscriber/LOADING]: Auto-subscribing vectorwing.farmersdelight.common.event.SetupEvents to MOD
[13Jan2025 22:53:59.419] [modloading-worker-0/DEBUG] [com.tterrag.registrate.AbstractRegistrate/REGISTRATE.REGISTER]: Captured registration for entry granite_millstone of type minecraft:item
[13Jan2025 22:53:59.419] [modloading-worker-0/DEBUG] [com.tterrag.registrate.AbstractRegistrate/REGISTRATE.REGISTER]: Captured registration for entry granite_millstone of type minecraft:block
[13Jan2025 22:53:59.420] [modloading-worker-0/DEBUG] [net.minecraftforge.fml.javafmlmod.AutomaticEventSubscriber/LOADING]: Auto-subscribing vectorwing.farmersdelight.common.event.MappingEvents to FORGE
[13Jan2025 22:53:59.421] [modloading-worker-0/DEBUG] [com.tterrag.registrate.AbstractRegistrate/REGISTRATE.REGISTER]: Captured registration for entry diorite_millstone of type minecraft:item
[13Jan2025 22:53:59.421] [modloading-worker-0/DEBUG] [com.tterrag.registrate.AbstractRegistrate/REGISTRATE.REGISTER]: Captured registration for entry diorite_millstone of type minecraft:block
[13Jan2025 22:53:59.422] [modloading-worker-0/DEBUG] [com.tterrag.registrate.AbstractRegistrate/REGISTRATE.REGISTER]: Captured registration for entry limestone_millstone of type minecraft:item
[13Jan2025 22:53:59.422] [modloading-worker-0/DEBUG] [com.tterrag.registrate.AbstractRegistrate/REGISTRATE.REGISTER]: Captured registration for entry limestone_millstone of type minecraft:block
[13Jan2025 22:53:59.424] [modloading-worker-0/DEBUG] [net.minecraftforge.fml.javafmlmod.AutomaticEventSubscriber/LOADING]: Auto-subscribing vectorwing.farmersdelight.common.event.CommonEvents to FORGE
[13Jan2025 22:53:59.429] [modloading-worker-0/DEBUG] [net.minecraftforge.fml.javafmlmod.AutomaticEventSubscriber/LOADING]: Auto-subscribing vectorwing.farmersdelight.common.Configuration to FORGE
[13Jan2025 22:53:59.430] [modloading-worker-0/DEBUG] [net.minecraftforge.fml.javafmlmod.AutomaticEventSubscriber/LOADING]: Auto-subscribing vectorwing.farmersdelight.common.block.CuttingBoardBlock$ToolCarvingEvent to FORGE
[13Jan2025 22:53:59.424] [modloading-worker-0/DEBUG] [com.tterrag.registrate.AbstractRegistrate/REGISTRATE.REGISTER]: Captured registration for entry ochrum_millstone of type minecraft:item
[13Jan2025 22:53:59.432] [modloading-worker-0/DEBUG] [com.tterrag.registrate.AbstractRegistrate/REGISTRATE.REGISTER]: Captured registration for entry ochrum_millstone of type minecraft:block
[13Jan2025 22:53:59.441] [modloading-worker-0/DEBUG] [net.minecraftforge.fml.config.ConfigTracker/CONFIG]: Config file extragore-common.toml for extragore tracking
[13Jan2025 22:53:59.443] [modloading-worker-0/DEBUG] [net.minecraftforge.fml.javafmlmod.AutomaticEventSubscriber/LOADING]: Attempting to inject @EventBusSubscriber classes into the eventbus for extragore
[13Jan2025 22:53:59.442] [modloading-worker-0/DEBUG] [com.tterrag.registrate.AbstractRegistrate/REGISTRATE.REGISTER]: Captured registration for entry scorchia_millstone of type minecraft:item
[13Jan2025 22:53:59.443] [modloading-worker-0/DEBUG] [com.tterrag.registrate.AbstractRegistrate/REGISTRATE.REGISTER]: Captured registration for entry scorchia_millstone of type minecraft:block
[13Jan2025 22:53:59.445] [modloading-worker-0/DEBUG] [com.tterrag.registrate.AbstractRegistrate/REGISTRATE.REGISTER]: Captured registration for entry scoria_millstone of type minecraft:item
[13Jan2025 22:53:59.445] [modloading-worker-0/DEBUG] [com.tterrag.registrate.AbstractRegistrate/REGISTRATE.REGISTER]: Captured registration for entry scoria_millstone of type minecraft:block
[13Jan2025 22:53:59.447] [modloading-worker-0/DEBUG] [com.tterrag.registrate.AbstractRegistrate/REGISTRATE.REGISTER]: Captured registration for entry tuff_millstone of type minecraft:item
[13Jan2025 22:53:59.447] [modloading-worker-0/DEBUG] [com.tterrag.registrate.AbstractRegistrate/REGISTRATE.REGISTER]: Captured registration for entry tuff_millstone of type minecraft:block
[13Jan2025 22:53:59.447] [modloading-worker-0/DEBUG] [net.minecraftforge.fml.javafmlmod.AutomaticEventSubscriber/LOADING]: Auto-subscribing com.eruannie_9.extragore.events.EntityHurtEvent to FORGE
[13Jan2025 22:53:59.451] [modloading-worker-0/DEBUG] [net.minecraftforge.fml.javafmlmod.AutomaticEventSubscriber/LOADING]: Attempting to inject @EventBusSubscriber classes into the eventbus for ambientsounds
[13Jan2025 22:53:59.457] [modloading-worker-0/DEBUG] [com.tterrag.registrate.AbstractRegistrate/REGISTRATE.REGISTER]: Captured registration for entry veridium_millstone of type minecraft:item
[13Jan2025 22:53:59.458] [modloading-worker-0/DEBUG] [com.tterrag.registrate.AbstractRegistrate/REGISTRATE.REGISTER]: Captured registration for entry veridium_millstone of type minecraft:block
[13Jan2025 22:53:59.459] [modloading-worker-0/DEBUG] [com.tterrag.registrate.AbstractRegistrate/REGISTRATE.REGISTER]: Captured registration for entry dripstone_millstone of type minecraft:item
[13Jan2025 22:53:59.460] [modloading-worker-0/DEBUG] [com.tterrag.registrate.AbstractRegistrate/REGISTRATE.REGISTER]: Captured registration for entry dripstone_millstone of type minecraft:block
[13Jan2025 22:53:59.463] [modloading-worker-0/DEBUG] [com.tterrag.registrate.AbstractRegistrate/REGISTRATE.REGISTER]: Captured registration for entry deepslate_millstone of type minecraft:item
[13Jan2025 22:53:59.463] [modloading-worker-0/DEBUG] [com.tterrag.registrate.AbstractRegistrate/REGISTRATE.REGISTER]: Captured registration for entry deepslate_millstone of type minecraft:block
[13Jan2025 22:53:59.464] [modloading-worker-0/DEBUG] [com.tterrag.registrate.AbstractRegistrate/REGISTRATE.REGISTER]: Captured registration for entry crimsite_millstone of type minecraft:item
[13Jan2025 22:53:59.465] [modloading-worker-0/DEBUG] [com.tterrag.registrate.AbstractRegistrate/REGISTRATE.REGISTER]: Captured registration for entry crimsite_millstone of type minecraft:block
[13Jan2025 22:53:59.473] [modloading-worker-0/DEBUG] [com.tterrag.registrate.AbstractRegistrate/REGISTRATE.REGISTER]: Captured registration for entry calcite_millstone of type minecraft:item
[13Jan2025 22:53:59.474] [modloading-worker-0/DEBUG] [com.tterrag.registrate.AbstractRegistrate/REGISTRATE.REGISTER]: Captured registration for entry calcite_millstone of type minecraft:block
[13Jan2025 22:53:59.475] [modloading-worker-0/DEBUG] [com.tterrag.registrate.AbstractRegistrate/REGISTRATE.REGISTER]: Captured registration for entry asurine_millstone of type minecraft:item
[13Jan2025 22:53:59.475] [modloading-worker-0/DEBUG] [com.tterrag.registrate.AbstractRegistrate/REGISTRATE.REGISTER]: Captured registration for entry asurine_millstone of type minecraft:block
[13Jan2025 22:53:59.476] [modloading-worker-0/DEBUG] [com.tterrag.registrate.AbstractRegistrate/REGISTRATE.REGISTER]: Captured registration for entry capitalism_block of type minecraft:item
[13Jan2025 22:53:59.476] [modloading-worker-0/DEBUG] [com.tterrag.registrate.AbstractRegistrate/REGISTRATE.REGISTER]: Captured registration for entry capitalism_block of type minecraft:block
[13Jan2025 22:53:59.477] [modloading-worker-0/DEBUG] [com.tterrag.registrate.AbstractRegistrate/REGISTRATE.REGISTER]: Captured registration for entry industrial_gold_block of type minecraft:item
[13Jan2025 22:53:59.480] [modloading-worker-0/DEBUG] [com.tterrag.registrate.AbstractRegistrate/REGISTRATE.REGISTER]: Captured registration for entry industrial_gold_block of type minecraft:block
[13Jan2025 22:53:59.481] [modloading-worker-0/DEBUG] [com.tterrag.registrate.AbstractRegistrate/REGISTRATE.REGISTER]: Captured registration for entry cardboard_box of type minecraft:item
[13Jan2025 22:53:59.481] [modloading-worker-0/DEBUG] [com.tterrag.registrate.AbstractRegistrate/REGISTRATE.REGISTER]: Captured registration for entry cardboard_box of type minecraft:block
[13Jan2025 22:53:59.482] [modloading-worker-0/DEBUG] [com.tterrag.registrate.AbstractRegistrate/REGISTRATE.REGISTER]: Captured registration for entry zinc_floor of type minecraft:item
[13Jan2025 22:53:59.482] [modloading-worker-0/DEBUG] [com.tterrag.registrate.AbstractRegistrate/REGISTRATE.REGISTER]: Captured registration for entry zinc_floor of type minecraft:block
[13Jan2025 22:53:59.490] [modloading-worker-0/DEBUG] [com.tterrag.registrate.AbstractRegistrate/REGISTRATE.REGISTER]: Captured registration for entry brass_floor of type minecraft:item
[13Jan2025 22:53:59.492] [modloading-worker-0/DEBUG] [com.tterrag.registrate.AbstractRegistrate/REGISTRATE.REGISTER]: Captured registration for entry brass_floor of type minecraft:block
[13Jan2025 22:53:59.492] [modloading-worker-0/DEBUG] [com.tterrag.registrate.AbstractRegistrate/REGISTRATE.REGISTER]: Captured registration for entry copper_floor of type minecraft:item
[13Jan2025 22:53:59.492] [modloading-worker-0/DEBUG] [com.tterrag.registrate.AbstractRegistrate/REGISTRATE.REGISTER]: Captured registration for entry copper_floor of type minecraft:block
[13Jan2025 22:53:59.493] [modloading-worker-0/DEBUG] [com.tterrag.registrate.AbstractRegistrate/REGISTRATE.REGISTER]: Captured registration for entry industrial_iron_floor of type minecraft:item
[13Jan2025 22:53:59.493] [modloading-worker-0/DEBUG] [com.tterrag.registrate.AbstractRegistrate/REGISTRATE.REGISTER]: Captured registration for entry industrial_iron_floor of type minecraft:block
[13Jan2025 22:53:59.493] [modloading-worker-0/DEBUG] [com.tterrag.registrate.AbstractRegistrate/REGISTRATE.REGISTER]: Captured registration for entry industrial_gold_floor of type minecraft:item
[13Jan2025 22:53:59.494] [modloading-worker-0/DEBUG] [com.tterrag.registrate.AbstractRegistrate/REGISTRATE.REGISTER]: Captured registration for entry industrial_gold_floor of type minecraft:block
[13Jan2025 22:53:59.517] [modloading-worker-0/DEBUG] [com.tterrag.registrate.AbstractRegistrate/REGISTRATE.REGISTER]: Captured registration for entry industrial_plating_block of type minecraft:item
[13Jan2025 22:53:59.517] [modloading-worker-0/DEBUG] [com.tterrag.registrate.AbstractRegistrate/REGISTRATE.REGISTER]: Captured registration for entry industrial_plating_block of type minecraft:block
[13Jan2025 22:53:59.518] [modloading-worker-0/DEBUG] [com.tterrag.registrate.AbstractRegistrate/REGISTRATE.REGISTER]: Captured registration for entry stone_tiles of type minecraft:item
[13Jan2025 22:53:59.519] [modloading-worker-0/DEBUG] [com.tterrag.registrate.AbstractRegistrate/REGISTRATE.REGISTER]: Captured registration for entry stone_tiles of type minecraft:block
[13Jan2025 22:53:59.520] [modloading-worker-0/DEBUG] [com.tterrag.registrate.AbstractRegistrate/REGISTRATE.REGISTER]: Captured registration for entry red_stone_tiles of type minecraft:item
[13Jan2025 22:53:59.520] [modloading-worker-0/DEBUG] [com.tterrag.registrate.AbstractRegistrate/REGISTRATE.REGISTER]: Captured registration for entry red_stone_tiles of type minecraft:block
[13Jan2025 22:53:59.523] [modloading-worker-0/DEBUG] [com.tterrag.registrate.AbstractRegistrate/REGISTRATE.REGISTER]: Captured registration for entry iron_catwalk of type minecraft:item
[13Jan2025 22:53:59.523] [modloading-worker-0/DEBUG] [com.tterrag.registrate.AbstractRegistrate/REGISTRATE.REGISTER]: Captured registration for entry iron_catwalk of type minecraft:block
[13Jan2025 22:53:59.541] [modloading-worker-0/DEBUG] [com.tterrag.registrate.AbstractRegistrate/REGISTRATE.REGISTER]: Captured registration for entry brass_catwalk of type minecraft:item
[13Jan2025 22:53:59.541] [modloading-worker-0/DEBUG] [com.tterrag.registrate.AbstractRegistrate/REGISTRATE.REGISTER]: Captured registration for entry brass_catwalk of type minecraft:block
[13Jan2025 22:53:59.542] [modloading-worker-0/DEBUG] [com.tterrag.registrate.AbstractRegistrate/REGISTRATE.REGISTER]: Captured registration for entry zinc_catwalk of type minecraft:item
[13Jan2025 22:53:59.542] [modloading-worker-0/DEBUG] [com.tterrag.registrate.AbstractRegistrate/REGISTRATE.REGISTER]: Captured registration for entry zinc_catwalk of type minecraft:block
[13Jan2025 22:53:59.553] [modloading-worker-0/DEBUG] [com.tterrag.registrate.AbstractRegistrate/REGISTRATE.REGISTER]: Captured registration for entry copper_catwalk of type minecraft:item
[13Jan2025 22:53:59.553] [modloading-worker-0/DEBUG] [com.tterrag.registrate.AbstractRegistrate/REGISTRATE.REGISTER]: Captured registration for entry copper_catwalk of type minecraft:block
[13Jan2025 22:53:59.556] [modloading-worker-0/DEBUG] [com.tterrag.registrate.AbstractRegistrate/REGISTRATE.REGISTER]: Captured registration for entry iron_railing of type minecraft:item
[13Jan2025 22:53:59.556] [modloading-worker-0/DEBUG] [com.tterrag.registrate.AbstractRegistrate/REGISTRATE.REGISTER]: Captured registration for entry iron_railing of type minecraft:block
[13Jan2025 22:53:59.557] [modloading-worker-0/DEBUG] [com.tterrag.registrate.AbstractRegistrate/REGISTRATE.REGISTER]: Captured registration for entry copper_railing of type minecraft:item
[13Jan2025 22:53:59.557] [modloading-worker-0/DEBUG] [com.tterrag.registrate.AbstractRegistrate/REGISTRATE.REGISTER]: Captured registration for entry copper_railing of type minecraft:block
[13Jan2025 22:53:59.558] [modloading-worker-0/DEBUG] [com.tterrag.registrate.AbstractRegistrate/REGISTRATE.REGISTER]: Captured registration for entry zinc_railing of type minecraft:item
[13Jan2025 22:53:59.558] [modloading-worker-0/DEBUG] [com.tterrag.registrate.AbstractRegistrate/REGISTRATE.REGISTER]: Captured registration for entry zinc_railing of type minecraft:block
[13Jan2025 22:53:59.559] [modloading-worker-0/DEBUG] [com.tterrag.registrate.AbstractRegistrate/REGISTRATE.REGISTER]: Captured registration for entry brass_railing of type minecraft:item
[13Jan2025 22:53:59.559] [modloading-worker-0/DEBUG] [com.tterrag.registrate.AbstractRegistrate/REGISTRATE.REGISTER]: Captured registration for entry brass_railing of type minecraft:block
[13Jan2025 22:53:59.562] [modloading-worker-0/DEBUG] [com.tterrag.registrate.AbstractRegistrate/REGISTRATE.REGISTER]: Captured registration for entry stepped_lever of type minecraft:item
[13Jan2025 22:53:59.562] [modloading-worker-0/DEBUG] [com.tterrag.registrate.AbstractRegistrate/REGISTRATE.REGISTER]: Captured registration for entry stepped_lever of type minecraft:block
[13Jan2025 22:53:59.578] [modloading-worker-0/DEBUG] [com.tterrag.registrate.AbstractRegistrate/REGISTRATE.REGISTER]: Captured registration for entry breaker_switch of type minecraft:item
[13Jan2025 22:53:59.582] [modloading-worker-0/DEBUG] [com.tterrag.registrate.AbstractRegistrate/REGISTRATE.REGISTER]: Captured registration for entry breaker_switch of type minecraft:block
[13Jan2025 22:53:59.587] [modloading-worker-0/DEBUG] [com.tterrag.registrate.AbstractRegistrate/REGISTRATE.REGISTER]: Captured registration for entry ornate_grate of type minecraft:item
[13Jan2025 22:53:59.590] [modloading-worker-0/DEBUG] [com.tterrag.registrate.AbstractRegistrate/REGISTRATE.REGISTER]: Captured registration for entry ornate_grate of type minecraft:block
[13Jan2025 22:53:59.592] [modloading-worker-0/DEBUG] [com.tterrag.registrate.AbstractRegistrate/REGISTRATE.REGISTER]: Captured registration for entry ceiling_fan of type minecraft:item
[13Jan2025 22:53:59.594] [modloading-worker-0/DEBUG] [com.tterrag.registrate.AbstractRegistrate/REGISTRATE.REGISTER]: Captured registration for entry ceiling_fan of type minecraft:block
[13Jan2025 22:53:59.596] [modloading-worker-0/DEBUG] [com.tterrag.registrate.AbstractRegistrate/REGISTRATE.REGISTER]: Captured registration for entry tinted_framed_glass of type minecraft:item
[13Jan2025 22:53:59.610] [modloading-worker-0/DEBUG] [com.tterrag.registrate.AbstractRegistrate/REGISTRATE.REGISTER]: Captured registration for entry tinted_framed_glass of type minecraft:block
[13Jan2025 22:53:59.611] [modloading-worker-0/DEBUG] [com.tterrag.registrate.AbstractRegistrate/REGISTRATE.REGISTER]: Captured registration for entry horizontal_tinted_framed_glass of type minecraft:item
[13Jan2025 22:53:59.612] [modloading-worker-0/DEBUG] [com.tterrag.registrate.AbstractRegistrate/REGISTRATE.REGISTER]: Captured registration for entry horizontal_tinted_framed_glass of type minecraft:block
[13Jan2025 22:53:59.612] [modloading-worker-0/DEBUG] [com.tterrag.registrate.AbstractRegistrate/REGISTRATE.REGISTER]: Captured registration for entry vertical_tinted_framed_glass of type minecraft:item
[13Jan2025 22:53:59.612] [modloading-worker-0/DEBUG] [com.tterrag.registrate.AbstractRegistrate/REGISTRATE.REGISTER]: Captured registration for entry vertical_tinted_framed_glass of type minecraft:block
[13Jan2025 22:53:59.605] [modloading-worker-0/DEBUG] [mixin/]: Mixing MixinPlayerList from enhancedcelestials.mixins.json into net.minecraft.server.players.PlayerList
[13Jan2025 22:53:59.623] [modloading-worker-0/DEBUG] [mixin/]: Mixing camera.PlayerListMixin from securitycraft.mixins.json into net.minecraft.server.players.PlayerList
[13Jan2025 22:53:59.643] [modloading-worker-0/DEBUG] [com.tterrag.registrate.AbstractRegistrate/REGISTRATE.REGISTER]: Captured registration for entry diagonal_girder of type minecraft:item
[13Jan2025 22:53:59.643] [modloading-worker-0/DEBUG] [com.tterrag.registrate.AbstractRegistrate/REGISTRATE.REGISTER]: Captured registration for entry diagonal_girder of type minecraft:block
[13Jan2025 22:53:59.645] [modloading-worker-0/DEBUG] [com.tterrag.registrate.AbstractRegistrate/REGISTRATE.REGISTER]: Captured registration for entry aluminium_large_chain of type minecraft:item
[13Jan2025 22:53:59.645] [modloading-worker-0/DEBUG] [com.tterrag.registrate.AbstractRegistrate/REGISTRATE.REGISTER]: Captured registration for entry aluminium_large_chain of type minecraft:block
[13Jan2025 22:53:59.653] [modloading-worker-0/DEBUG] [com.tterrag.registrate.AbstractRegistrate/REGISTRATE.REGISTER]: Captured registration for entry andesite_large_chain of type minecraft:item
[13Jan2025 22:53:59.653] [modloading-worker-0/DEBUG] [com.tterrag.registrate.AbstractRegistrate/REGISTRATE.REGISTER]: Captured registration for entry andesite_large_chain of type minecraft:block
[13Jan2025 22:53:59.654] [modloading-worker-0/DEBUG] [com.tterrag.registrate.AbstractRegistrate/REGISTRATE.REGISTER]: Captured registration for entry brass_large_chain of type minecraft:item
[13Jan2025 22:53:59.654] [modloading-worker-0/DEBUG] [com.tterrag.registrate.AbstractRegistrate/REGISTRATE.REGISTER]: Captured registration for entry brass_large_chain of type minecraft:block
[13Jan2025 22:53:59.654] [modloading-worker-0/DEBUG] [com.tterrag.registrate.AbstractRegistrate/REGISTRATE.REGISTER]: Captured registration for entry strong_bronze_large_chain of type minecraft:item
[13Jan2025 22:53:59.654] [modloading-worker-0/DEBUG] [com.tterrag.registrate.AbstractRegistrate/REGISTRATE.REGISTER]: Captured registration for entry strong_bronze_large_chain of type minecraft:block
[13Jan2025 22:53:59.655] [modloading-worker-0/DEBUG] [com.tterrag.registrate.AbstractRegistrate/REGISTRATE.REGISTER]: Captured registration for entry bronze_large_chain of type minecraft:item
[13Jan2025 22:53:59.655] [modloading-worker-0/DEBUG] [com.tterrag.registrate.AbstractRegistrate/REGISTRATE.REGISTER]: Captured registration for entry bronze_large_chain of type minecraft:block
[13Jan2025 22:53:59.658] [modloading-worker-0/DEBUG] [com.tterrag.registrate.AbstractRegistrate/REGISTRATE.REGISTER]: Captured registration for entry cast_iron_large_chain of type minecraft:item
[13Jan2025 22:53:59.658] [modloading-worker-0/DEBUG] [com.tterrag.registrate.AbstractRegistrate/REGISTRATE.REGISTER]: Captured registration for entry cast_iron_large_chain of type minecraft:block
[13Jan2025 22:53:59.659] [modloading-worker-0/DEBUG] [com.tterrag.registrate.AbstractRegistrate/REGISTRATE.REGISTER]: Captured registration for entry copper_large_chain of type minecraft:item
[13Jan2025 22:53:59.659] [modloading-worker-0/DEBUG] [com.tterrag.registrate.AbstractRegistrate/REGISTRATE.REGISTER]: Captured registration for entry copper_large_chain of type minecraft:block
[13Jan2025 22:53:59.659] [modloading-worker-0/DEBUG] [com.tterrag.registrate.AbstractRegistrate/REGISTRATE.REGISTER]: Captured registration for entry electrum_large_chain of type minecraft:item
[13Jan2025 22:53:59.659] [modloading-worker-0/DEBUG] [com.tterrag.registrate.AbstractRegistrate/REGISTRATE.REGISTER]: Captured registration for entry electrum_large_chain of type minecraft:block
[13Jan2025 22:53:59.659] [modloading-worker-0/DEBUG] [com.tterrag.registrate.AbstractRegistrate/REGISTRATE.REGISTER]: Captured registration for entry gold_large_chain of type minecraft:item
[13Jan2025 22:53:59.660] [modloading-worker-0/DEBUG] [com.tterrag.registrate.AbstractRegistrate/REGISTRATE.REGISTER]: Captured registration for entry gold_large_chain of type minecraft:block
[13Jan2025 22:53:59.669] [modloading-worker-0/DEBUG] [net.minecraftforge.fml.javafmlmod.AutomaticEventSubscriber/LOADING]: Attempting to inject @EventBusSubscriber classes into the eventbus for moonlight
[13Jan2025 22:53:59.670] [modloading-worker-0/DEBUG] [com.tterrag.registrate.AbstractRegistrate/REGISTRATE.REGISTER]: Captured registration for entry industrial_iron_large_chain of type minecraft:item
[13Jan2025 22:53:59.674] [modloading-worker-0/DEBUG] [com.tterrag.registrate.AbstractRegistrate/REGISTRATE.REGISTER]: Captured registration for entry industrial_iron_large_chain of type minecraft:block
[13Jan2025 22:53:59.675] [modloading-worker-0/DEBUG] [com.tterrag.registrate.AbstractRegistrate/REGISTRATE.REGISTER]: Captured registration for entry iron_large_chain of type minecraft:item
[13Jan2025 22:53:59.675] [modloading-worker-0/DEBUG] [com.tterrag.registrate.AbstractRegistrate/REGISTRATE.REGISTER]: Captured registration for entry iron_large_chain of type minecraft:block
[13Jan2025 22:53:59.676] [modloading-worker-0/DEBUG] [com.tterrag.registrate.AbstractRegistrate/REGISTRATE.REGISTER]: Captured registration for entry lead_large_chain of type minecraft:item
[13Jan2025 22:53:59.676] [modloading-worker-0/DEBUG] [com.tterrag.registrate.AbstractRegistrate/REGISTRATE.REGISTER]: Captured registration for entry lead_large_chain of type minecraft:block
[13Jan2025 22:53:59.676] [modloading-worker-0/DEBUG] [com.tterrag.registrate.AbstractRegistrate/REGISTRATE.REGISTER]: Captured registration for entry mithril_large_chain of type minecraft:item
[13Jan2025 22:53:59.677] [modloading-worker-0/DEBUG] [com.tterrag.registrate.AbstractRegistrate/REGISTRATE.REGISTER]: Captured registration for entry mithril_large_chain of type minecraft:block
[13Jan2025 22:53:59.677] [modloading-worker-0/DEBUG] [com.tterrag.registrate.AbstractRegistrate/REGISTRATE.REGISTER]: Captured registration for entry netherite_large_chain of type minecraft:item
[13Jan2025 22:53:59.677] [modloading-worker-0/DEBUG] [com.tterrag.registrate.AbstractRegistrate/REGISTRATE.REGISTER]: Captured registration for entry netherite_large_chain of type minecraft:block
[13Jan2025 22:53:59.678] [modloading-worker-0/DEBUG] [com.tterrag.registrate.AbstractRegistrate/REGISTRATE.REGISTER]: Captured registration for entry nethersteel_large_chain of type minecraft:item
[13Jan2025 22:53:59.678] [modloading-worker-0/DEBUG] [com.tterrag.registrate.AbstractRegistrate/REGISTRATE.REGISTER]: Captured registration for entry nethersteel_large_chain of type minecraft:block
[13Jan2025 22:53:59.678] [modloading-worker-0/DEBUG] [com.tterrag.registrate.AbstractRegistrate/REGISTRATE.REGISTER]: Captured registration for entry zinc_large_chain of type minecraft:item
[13Jan2025 22:53:59.678] [modloading-worker-0/DEBUG] [com.tterrag.registrate.AbstractRegistrate/REGISTRATE.REGISTER]: Captured registration for entry zinc_large_chain of type minecraft:block
[13Jan2025 22:53:59.679] [modloading-worker-0/DEBUG] [com.tterrag.registrate.AbstractRegistrate/REGISTRATE.REGISTER]: Captured registration for entry tin_large_chain of type minecraft:item
[13Jan2025 22:53:59.679] [modloading-worker-0/DEBUG] [com.tterrag.registrate.AbstractRegistrate/REGISTRATE.REGISTER]: Captured registration for entry tin_large_chain of type minecraft:block
[13Jan2025 22:53:59.679] [modloading-worker-0/DEBUG] [com.tterrag.registrate.AbstractRegistrate/REGISTRATE.REGISTER]: Captured registration for entry steel_large_chain of type minecraft:item
[13Jan2025 22:53:59.680] [modloading-worker-0/DEBUG] [com.tterrag.registrate.AbstractRegistrate/REGISTRATE.REGISTER]: Captured registration for entry steel_large_chain of type minecraft:block
[13Jan2025 22:53:59.680] [modloading-worker-0/DEBUG] [com.tterrag.registrate.AbstractRegistrate/REGISTRATE.REGISTER]: Captured registration for entry silver_large_chain of type minecraft:item
[13Jan2025 22:53:59.680] [modloading-worker-0/DEBUG] [com.tterrag.registrate.AbstractRegistrate/REGISTRATE.REGISTER]: Captured registration for entry silver_large_chain of type minecraft:block
[13Jan2025 22:53:59.681] [modloading-worker-0/DEBUG] [com.tterrag.registrate.AbstractRegistrate/REGISTRATE.REGISTER]: Captured registration for entry invar_large_chain of type minecraft:item
[13Jan2025 22:53:59.681] [modloading-worker-0/DEBUG] [com.tterrag.registrate.AbstractRegistrate/REGISTRATE.REGISTER]: Captured registration for entry invar_large_chain of type minecraft:block
[13Jan2025 22:53:59.681] [modloading-worker-0/DEBUG] [com.tterrag.registrate.AbstractRegistrate/REGISTRATE.REGISTER]: Captured registration for entry nickel_large_chain of type minecraft:item
[13Jan2025 22:53:59.681] [modloading-worker-0/DEBUG] [com.tterrag.registrate.AbstractRegistrate/REGISTRATE.REGISTER]: Captured registration for entry nickel_large_chain of type minecraft:block
[13Jan2025 22:53:59.682] [modloading-worker-0/DEBUG] [com.tterrag.registrate.AbstractRegistrate/REGISTRATE.REGISTER]: Captured registration for entry rose_gold_large_chain of type minecraft:item
[13Jan2025 22:53:59.682] [modloading-worker-0/DEBUG] [com.tterrag.registrate.AbstractRegistrate/REGISTRATE.REGISTER]: Captured registration for entry rose_gold_large_chain of type minecraft:block
[13Jan2025 22:53:59.683] [modloading-worker-0/DEBUG] [com.tterrag.registrate.AbstractRegistrate/REGISTRATE.REGISTER]: Captured registration for entry cobalt_large_chain of type minecraft:item
[13Jan2025 22:53:59.683] [modloading-worker-0/DEBUG] [com.tterrag.registrate.AbstractRegistrate/REGISTRATE.REGISTER]: Captured registration for entry cobalt_large_chain of type minecraft:block
[13Jan2025 22:53:59.683] [modloading-worker-0/DEBUG] [com.tterrag.registrate.AbstractRegistrate/REGISTRATE.REGISTER]: Captured registration for entry manyullyn_large_chain of type minecraft:item
[13Jan2025 22:53:59.683] [modloading-worker-0/DEBUG] [com.tterrag.registrate.AbstractRegistrate/REGISTRATE.REGISTER]: Captured registration for entry manyullyn_large_chain of type minecraft:block
[13Jan2025 22:53:59.684] [modloading-worker-0/DEBUG] [com.tterrag.registrate.AbstractRegistrate/REGISTRATE.REGISTER]: Captured registration for entry hepatizon_large_chain of type minecraft:item
[13Jan2025 22:53:59.684] [modloading-worker-0/DEBUG] [com.tterrag.registrate.AbstractRegistrate/REGISTRATE.REGISTER]: Captured registration for entry hepatizon_large_chain of type minecraft:block
[13Jan2025 22:53:59.685] [modloading-worker-0/DEBUG] [com.tterrag.registrate.AbstractRegistrate/REGISTRATE.REGISTER]: Captured registration for entry pig_iron_large_chain of type minecraft:item
[13Jan2025 22:53:59.701] [modloading-worker-0/DEBUG] [com.tterrag.registrate.AbstractRegistrate/REGISTRATE.REGISTER]: Captured registration for entry pig_iron_large_chain of type minecraft:block
[13Jan2025 22:53:59.701] [modloading-worker-0/DEBUG] [com.tterrag.registrate.AbstractRegistrate/REGISTRATE.REGISTER]: Captured registration for entry knightslime_large_chain of type minecraft:item
[13Jan2025 22:53:59.702] [modloading-worker-0/DEBUG] [com.tterrag.registrate.AbstractRegistrate/REGISTRATE.REGISTER]: Captured registration for entry knightslime_large_chain of type minecraft:block
[13Jan2025 22:53:59.702] [modloading-worker-0/DEBUG] [com.tterrag.registrate.AbstractRegistrate/REGISTRATE.REGISTER]: Captured registration for entry queen_slime_large_chain of type minecraft:item
[13Jan2025 22:53:59.703] [modloading-worker-0/DEBUG] [com.tterrag.registrate.AbstractRegistrate/REGISTRATE.REGISTER]: Captured registration for entry queen_slime_large_chain of type minecraft:block
[13Jan2025 22:53:59.703] [modloading-worker-0/DEBUG] [com.tterrag.registrate.AbstractRegistrate/REGISTRATE.REGISTER]: Captured registration for entry wallpaper_arrow_black of type minecraft:item
[13Jan2025 22:53:59.703] [modloading-worker-0/DEBUG] [com.tterrag.registrate.AbstractRegistrate/REGISTRATE.REGISTER]: Captured registration for entry wallpaper_arrow_black of type minecraft:block
[13Jan2025 22:53:59.704] [modloading-worker-0/DEBUG] [com.tterrag.registrate.AbstractRegistrate/REGISTRATE.REGISTER]: Captured registration for entry wallpaper_striped_black of type minecraft:item
[13Jan2025 22:53:59.708] [modloading-worker-0/DEBUG] [com.tterrag.registrate.AbstractRegistrate/REGISTRATE.REGISTER]: Captured registration for entry wallpaper_striped_black of type minecraft:block
[13Jan2025 22:53:59.709] [modloading-worker-0/DEBUG] [com.tterrag.registrate.AbstractRegistrate/REGISTRATE.REGISTER]: Captured registration for entry black_wallpaper_wavy of type minecraft:item
[13Jan2025 22:53:59.709] [modloading-worker-0/DEBUG] [com.tterrag.registrate.AbstractRegistrate/REGISTRATE.REGISTER]: Captured registration for entry black_wallpaper_wavy of type minecraft:block
[13Jan2025 22:53:59.709] [modloading-worker-0/DEBUG] [com.tterrag.registrate.AbstractRegistrate/REGISTRATE.REGISTER]: Captured registration for entry wallpaper_arrow_white of type minecraft:item
[13Jan2025 22:53:59.709] [modloading-worker-0/DEBUG] [com.tterrag.registrate.AbstractRegistrate/REGISTRATE.REGISTER]: Captured registration for entry wallpaper_arrow_white of type minecraft:block
[13Jan2025 22:53:59.710] [modloading-worker-0/DEBUG] [com.tterrag.registrate.AbstractRegistrate/REGISTRATE.REGISTER]: Captured registration for entry wallpaper_striped_white of type minecraft:item
[13Jan2025 22:53:59.710] [modloading-worker-0/DEBUG] [com.tterrag.registrate.AbstractRegistrate/REGISTRATE.REGISTER]: Captured registration for entry wallpaper_striped_white of type minecraft:block
[13Jan2025 22:53:59.710] [modloading-worker-0/DEBUG] [com.tterrag.registrate.AbstractRegistrate/REGISTRATE.REGISTER]: Captured registration for entry white_wallpaper_wavy of type minecraft:item
[13Jan2025 22:53:59.710] [modloading-worker-0/DEBUG] [com.tterrag.registrate.AbstractRegistrate/REGISTRATE.REGISTER]: Captured registration for entry white_wallpaper_wavy of type minecraft:block
[13Jan2025 22:53:59.710] [modloading-worker-0/DEBUG] [com.tterrag.registrate.AbstractRegistrate/REGISTRATE.REGISTER]: Captured registration for entry wallpaper_arrow_blue of type minecraft:item
[13Jan2025 22:53:59.710] [modloading-worker-0/DEBUG] [com.tterrag.registrate.AbstractRegistrate/REGISTRATE.REGISTER]: Captured registration for entry wallpaper_arrow_blue of type minecraft:block
[13Jan2025 22:53:59.711] [modloading-worker-0/DEBUG] [com.tterrag.registrate.AbstractRegistrate/REGISTRATE.REGISTER]: Captured registration for entry wallpaper_striped_blue of type minecraft:item
[13Jan2025 22:53:59.711] [modloading-worker-0/DEBUG] [com.tterrag.registrate.AbstractRegistrate/REGISTRATE.REGISTER]: Captured registration for entry wallpaper_striped_blue of type minecraft:block
[13Jan2025 22:53:59.711] [modloading-worker-0/DEBUG] [com.tterrag.registrate.AbstractRegistrate/REGISTRATE.REGISTER]: Captured registration for entry blue_wallpaper_wavy of type minecraft:item
[13Jan2025 22:53:59.711] [modloading-worker-0/DEBUG] [com.tterrag.registrate.AbstractRegistrate/REGISTRATE.REGISTER]: Captured registration for entry blue_wallpaper_wavy of type minecraft:block
[13Jan2025 22:53:59.711] [modloading-worker-0/DEBUG] [com.tterrag.registrate.AbstractRegistrate/REGISTRATE.REGISTER]: Captured registration for entry wallpaper_arrow_light_blue of type minecraft:item
[13Jan2025 22:53:59.712] [modloading-worker-0/DEBUG] [com.tterrag.registrate.AbstractRegistrate/REGISTRATE.REGISTER]: Captured registration for entry wallpaper_arrow_light_blue of type minecraft:block
[13Jan2025 22:53:59.712] [modloading-worker-0/DEBUG] [com.tterrag.registrate.AbstractRegistrate/REGISTRATE.REGISTER]: Captured registration for entry wallpaper_striped_light_blue of type minecraft:item
[13Jan2025 22:53:59.712] [modloading-worker-0/DEBUG] [com.tterrag.registrate.AbstractRegistrate/REGISTRATE.REGISTER]: Captured registration for entry wallpaper_striped_light_blue of type minecraft:block
[13Jan2025 22:53:59.712] [modloading-worker-0/DEBUG] [com.tterrag.registrate.AbstractRegistrate/REGISTRATE.REGISTER]: Captured registration for entry light_blue_wallpaper_wavy of type minecraft:item
[13Jan2025 22:53:59.712] [modloading-worker-0/DEBUG] [com.tterrag.registrate.AbstractRegistrate/REGISTRATE.REGISTER]: Captured registration for entry light_blue_wallpaper_wavy of type minecraft:block
[13Jan2025 22:53:59.713] [modloading-worker-0/DEBUG] [com.tterrag.registrate.AbstractRegistrate/REGISTRATE.REGISTER]: Captured registration for entry wallpaper_arrow_red of type minecraft:item
[13Jan2025 22:53:59.713] [modloading-worker-0/DEBUG] [com.tterrag.registrate.AbstractRegistrate/REGISTRATE.REGISTER]: Captured registration for entry wallpaper_arrow_red of type minecraft:block
[13Jan2025 22:53:59.713] [modloading-worker-0/DEBUG] [com.tterrag.registrate.AbstractRegistrate/REGISTRATE.REGISTER]: Captured registration for entry wallpaper_striped_red of type minecraft:item
[13Jan2025 22:53:59.713] [modloading-worker-0/DEBUG] [com.tterrag.registrate.AbstractRegistrate/REGISTRATE.REGISTER]: Captured registration for entry wallpaper_striped_red of type minecraft:block
[13Jan2025 22:53:59.713] [modloading-worker-0/DEBUG] [com.tterrag.registrate.AbstractRegistrate/REGISTRATE.REGISTER]: Captured registration for entry red_wallpaper_wavy of type minecraft:item
[13Jan2025 22:53:59.713] [modloading-worker-0/DEBUG] [com.tterrag.registrate.AbstractRegistrate/REGISTRATE.REGISTER]: Captured registration for entry red_wallpaper_wavy of type minecraft:block
[13Jan2025 22:53:59.713] [modloading-worker-0/DEBUG] [com.tterrag.registrate.AbstractRegistrate/REGISTRATE.REGISTER]: Captured registration for entry wallpaper_arrow_green of type minecraft:item
[13Jan2025 22:53:59.714] [modloading-worker-0/DEBUG] [com.tterrag.registrate.AbstractRegistrate/REGISTRATE.REGISTER]: Captured registration for entry wallpaper_arrow_green of type minecraft:block
[13Jan2025 22:53:59.714] [modloading-worker-0/DEBUG] [com.tterrag.registrate.AbstractRegistrate/REGISTRATE.REGISTER]: Captured registration for entry wallpaper_striped_green of type minecraft:item
[13Jan2025 22:53:59.714] [modloading-worker-0/DEBUG] [com.tterrag.registrate.AbstractRegistrate/REGISTRATE.REGISTER]: Captured registration for entry wallpaper_striped_green of type minecraft:block
[13Jan2025 22:53:59.714] [modloading-worker-0/DEBUG] [com.tterrag.registrate.AbstractRegistrate/REGISTRATE.REGISTER]: Captured registration for entry green_wallpaper_wavy of type minecraft:item
[13Jan2025 22:53:59.714] [modloading-worker-0/DEBUG] [com.tterrag.registrate.AbstractRegistrate/REGISTRATE.REGISTER]: Captured registration for entry green_wallpaper_wavy of type minecraft:block
[13Jan2025 22:53:59.714] [modloading-worker-0/DEBUG] [com.tterrag.registrate.AbstractRegistrate/REGISTRATE.REGISTER]: Captured registration for entry wallpaper_arrow_lime of type minecraft:item
[13Jan2025 22:53:59.715] [modloading-worker-0/DEBUG] [com.tterrag.registrate.AbstractRegistrate/REGISTRATE.REGISTER]: Captured registration for entry wallpaper_arrow_lime of type minecraft:block
[13Jan2025 22:53:59.715] [modloading-worker-0/DEBUG] [com.tterrag.registrate.AbstractRegistrate/REGISTRATE.REGISTER]: Captured registration for entry wallpaper_striped_lime of type minecraft:item
[13Jan2025 22:53:59.715] [modloading-worker-0/DEBUG] [com.tterrag.registrate.AbstractRegistrate/REGISTRATE.REGISTER]: Captured registration for entry wallpaper_striped_lime of type minecraft:block
[13Jan2025 22:53:59.715] [modloading-worker-0/DEBUG] [com.tterrag.registrate.AbstractRegistrate/REGISTRATE.REGISTER]: Captured registration for entry lime_wallpaper_wavy of type minecraft:item
[13Jan2025 22:53:59.716] [modloading-worker-0/DEBUG] [com.tterrag.registrate.AbstractRegistrate/REGISTRATE.REGISTER]: Captured registration for entry lime_wallpaper_wavy of type minecraft:block
[13Jan2025 22:53:59.719] [modloading-worker-0/DEBUG] [com.tterrag.registrate.AbstractRegistrate/REGISTRATE.REGISTER]: Captured registration for entry wallpaper_arrow_pink of type minecraft:item
[13Jan2025 22:53:59.719] [modloading-worker-0/DEBUG] [com.tterrag.registrate.AbstractRegistrate/REGISTRATE.REGISTER]: Captured registration for entry wallpaper_arrow_pink of type minecraft:block
[13Jan2025 22:53:59.719] [modloading-worker-0/DEBUG] [com.tterrag.registrate.AbstractRegistrate/REGISTRATE.REGISTER]: Captured registration for entry wallpaper_striped_pink of type minecraft:item
[13Jan2025 22:53:59.720] [modloading-worker-0/DEBUG] [com.tterrag.registrate.AbstractRegistrate/REGISTRATE.REGISTER]: Captured registration for entry wallpaper_striped_pink of type minecraft:block
[13Jan2025 22:53:59.720] [modloading-worker-0/DEBUG] [com.tterrag.registrate.AbstractRegistrate/REGISTRATE.REGISTER]: Captured registration for entry pink_wallpaper_wavy of type minecraft:item
[13Jan2025 22:53:59.720] [modloading-worker-0/DEBUG] [com.tterrag.registrate.AbstractRegistrate/REGISTRATE.REGISTER]: Captured registration for entry pink_wallpaper_wavy of type minecraft:block
[13Jan2025 22:53:59.720] [modloading-worker-0/DEBUG] [com.tterrag.registrate.AbstractRegistrate/REGISTRATE.REGISTER]: Captured registration for entry wallpaper_arrow_magenta of type minecraft:item
[13Jan2025 22:53:59.720] [modloading-worker-0/DEBUG] [com.tterrag.registrate.AbstractRegistrate/REGISTRATE.REGISTER]: Captured registration for entry wallpaper_arrow_magenta of type minecraft:block
[13Jan2025 22:53:59.720] [modloading-worker-0/DEBUG] [com.tterrag.registrate.AbstractRegistrate/REGISTRATE.REGISTER]: Captured registration for entry wallpaper_striped_magenta of type minecraft:item
[13Jan2025 22:53:59.721] [modloading-worker-0/DEBUG] [com.tterrag.registrate.AbstractRegistrate/REGISTRATE.REGISTER]: Captured registration for entry wallpaper_striped_magenta of type minecraft:block
[13Jan2025 22:53:59.721] [modloading-worker-0/DEBUG] [com.tterrag.registrate.AbstractRegistrate/REGISTRATE.REGISTER]: Captured registration for entry magenta_wallpaper_wavy of type minecraft:item
[13Jan2025 22:53:59.721] [modloading-worker-0/DEBUG] [com.tterrag.registrate.AbstractRegistrate/REGISTRATE.REGISTER]: Captured registration for entry magenta_wallpaper_wavy of type minecraft:block
[13Jan2025 22:53:59.721] [modloading-worker-0/DEBUG] [com.tterrag.registrate.AbstractRegistrate/REGISTRATE.REGISTER]: Captured registration for entry wallpaper_arrow_yellow of type minecraft:item
[13Jan2025 22:53:59.721] [modloading-worker-0/DEBUG] [com.tterrag.registrate.AbstractRegistrate/REGISTRATE.REGISTER]: Captured registration for entry wallpaper_arrow_yellow of type minecraft:block
[13Jan2025 22:53:59.722] [modloading-worker-0/DEBUG] [com.tterrag.registrate.AbstractRegistrate/REGISTRATE.REGISTER]: Captured registration for entry wallpaper_striped_yellow of type minecraft:item
[13Jan2025 22:53:59.722] [modloading-worker-0/DEBUG] [com.tterrag.registrate.AbstractRegistrate/REGISTRATE.REGISTER]: Captured registration for entry wallpaper_striped_yellow of type minecraft:block
[13Jan2025 22:53:59.722] [modloading-worker-0/DEBUG] [com.tterrag.registrate.AbstractRegistrate/REGISTRATE.REGISTER]: Captured registration for entry yellow_wallpaper_wavy of type minecraft:item
[13Jan2025 22:53:59.722] [modloading-worker-0/DEBUG] [com.tterrag.registrate.AbstractRegistrate/REGISTRATE.REGISTER]: Captured registration for entry yellow_wallpaper_wavy of type minecraft:block
[13Jan2025 22:53:59.722] [modloading-worker-0/DEBUG] [com.tterrag.registrate.AbstractRegistrate/REGISTRATE.REGISTER]: Captured registration for entry wallpaper_arrow_gray of type minecraft:item
[13Jan2025 22:53:59.722] [modloading-worker-0/DEBUG] [com.tterrag.registrate.AbstractRegistrate/REGISTRATE.REGISTER]: Captured registration for entry wallpaper_arrow_gray of type minecraft:block
[13Jan2025 22:53:59.723] [modloading-worker-0/DEBUG] [com.tterrag.registrate.AbstractRegistrate/REGISTRATE.REGISTER]: Captured registration for entry wallpaper_striped_gray of type minecraft:item
[13Jan2025 22:53:59.723] [modloading-worker-0/DEBUG] [com.tterrag.registrate.AbstractRegistrate/REGISTRATE.REGISTER]: Captured registration for entry wallpaper_striped_gray of type minecraft:block
[13Jan2025 22:53:59.723] [modloading-worker-0/DEBUG] [com.tterrag.registrate.AbstractRegistrate/REGISTRATE.REGISTER]: Captured registration for entry gray_wallpaper_wavy of type minecraft:item
[13Jan2025 22:53:59.723] [modloading-worker-0/DEBUG] [com.tterrag.registrate.AbstractRegistrate/REGISTRATE.REGISTER]: Captured registration for entry gray_wallpaper_wavy of type minecraft:block
[13Jan2025 22:53:59.723] [modloading-worker-0/DEBUG] [com.tterrag.registrate.AbstractRegistrate/REGISTRATE.REGISTER]: Captured registration for entry wallpaper_arrow_light_gray of type minecraft:item
[13Jan2025 22:53:59.733] [modloading-worker-0/DEBUG] [com.tterrag.registrate.AbstractRegistrate/REGISTRATE.REGISTER]: Captured registration for entry wallpaper_arrow_light_gray of type minecraft:block
[13Jan2025 22:53:59.733] [modloading-worker-0/DEBUG] [com.tterrag.registrate.AbstractRegistrate/REGISTRATE.REGISTER]: Captured registration for entry wallpaper_striped_light_gray of type minecraft:item
[13Jan2025 22:53:59.733] [modloading-worker-0/DEBUG] [com.tterrag.registrate.AbstractRegistrate/REGISTRATE.REGISTER]: Captured registration for entry wallpaper_striped_light_gray of type minecraft:block
[13Jan2025 22:53:59.733] [modloading-worker-0/DEBUG] [com.tterrag.registrate.AbstractRegistrate/REGISTRATE.REGISTER]: Captured registration for entry light_gray_wallpaper_wavy of type minecraft:item
[13Jan2025 22:53:59.708] [modloading-worker-0/DEBUG] [net.minecraftforge.fml.javafmlmod.AutomaticEventSubscriber/LOADING]: Attempting to inject @EventBusSubscriber classes into the eventbus for zombie_extreme
[13Jan2025 22:53:59.734] [modloading-worker-0/DEBUG] [net.minecraftforge.fml.javafmlmod.AutomaticEventSubscriber/LOADING]: Auto-subscribing zombie_extreme.procedures.RadiationBiomeEffectProcedure to FORGE
[13Jan2025 22:53:59.735] [modloading-worker-0/DEBUG] [net.minecraftforge.fml.javafmlmod.AutomaticEventSubscriber/LOADING]: Auto-subscribing zombie_extreme.procedures.NightVisionGlassesEffectProcedure to FORGE
[13Jan2025 22:53:59.736] [modloading-worker-0/DEBUG] [net.minecraftforge.fml.javafmlmod.AutomaticEventSubscriber/LOADING]: Auto-subscribing zombie_extreme.procedures.ExoSuitEffectProcedure to FORGE
[13Jan2025 22:53:59.737] [modloading-worker-0/DEBUG] [net.minecraftforge.fml.javafmlmod.AutomaticEventSubscriber/LOADING]: Auto-subscribing zombie_extreme.procedures.BlackOpsNightVisionProcedure to FORGE
[13Jan2025 22:53:59.738] [modloading-worker-0/DEBUG] [net.minecraftforge.fml.javafmlmod.AutomaticEventSubscriber/LOADING]: Auto-subscribing zombie_extreme.init.ZombieExtremeModTabs to MOD
[13Jan2025 22:53:59.716] [modloading-worker-0/DEBUG] [net.minecraftforge.fml.javafmlmod.AutomaticEventSubscriber/LOADING]: Attempting to inject @EventBusSubscriber classes into the eventbus for jade
[13Jan2025 22:53:59.739] [modloading-worker-0/DEBUG] [net.minecraftforge.fml.config.ConfigTracker/CONFIG]: Config file lrarmor-common.toml for lrarmor tracking
[13Jan2025 22:53:59.738] [modloading-worker-0/DEBUG] [com.tterrag.registrate.AbstractRegistrate/REGISTRATE.REGISTER]: Captured registration for entry light_gray_wallpaper_wavy of type minecraft:block
[13Jan2025 22:53:59.740] [modloading-worker-0/DEBUG] [com.tterrag.registrate.AbstractRegistrate/REGISTRATE.REGISTER]: Captured registration for entry wallpaper_arrow_brown of type minecraft:item
[13Jan2025 22:53:59.740] [modloading-worker-0/DEBUG] [com.tterrag.registrate.AbstractRegistrate/REGISTRATE.REGISTER]: Captured registration for entry wallpaper_arrow_brown of type minecraft:block
[13Jan2025 22:53:59.741] [modloading-worker-0/DEBUG] [com.tterrag.registrate.AbstractRegistrate/REGISTRATE.REGISTER]: Captured registration for entry wallpaper_striped_brown of type minecraft:item
[13Jan2025 22:53:59.741] [modloading-worker-0/DEBUG] [com.tterrag.registrate.AbstractRegistrate/REGISTRATE.REGISTER]: Captured registration for entry wallpaper_striped_brown of type minecraft:block
[13Jan2025 22:53:59.741] [modloading-worker-0/DEBUG] [com.tterrag.registrate.AbstractRegistrate/REGISTRATE.REGISTER]: Captured registration for entry brown_wallpaper_wavy of type minecraft:item
[13Jan2025 22:53:59.741] [modloading-worker-0/DEBUG] [com.tterrag.registrate.AbstractRegistrate/REGISTRATE.REGISTER]: Captured registration for entry brown_wallpaper_wavy of type minecraft:block
[13Jan2025 22:53:59.742] [modloading-worker-0/DEBUG] [com.tterrag.registrate.AbstractRegistrate/REGISTRATE.REGISTER]: Captured registration for entry wallpaper_arrow_cyan of type minecraft:item
[13Jan2025 22:53:59.742] [modloading-worker-0/DEBUG] [com.tterrag.registrate.AbstractRegistrate/REGISTRATE.REGISTER]: Captured registration for entry wallpaper_arrow_cyan of type minecraft:block
[13Jan2025 22:53:59.742] [modloading-worker-0/DEBUG] [com.tterrag.registrate.AbstractRegistrate/REGISTRATE.REGISTER]: Captured registration for entry wallpaper_striped_cyan of type minecraft:item
[13Jan2025 22:53:59.742] [modloading-worker-0/DEBUG] [com.tterrag.registrate.AbstractRegistrate/REGISTRATE.REGISTER]: Captured registration for entry wallpaper_striped_cyan of type minecraft:block
[13Jan2025 22:53:59.742] [modloading-worker-0/DEBUG] [com.tterrag.registrate.AbstractRegistrate/REGISTRATE.REGISTER]: Captured registration for entry cyan_wallpaper_wavy of type minecraft:item
[13Jan2025 22:53:59.742] [modloading-worker-0/DEBUG] [com.tterrag.registrate.AbstractRegistrate/REGISTRATE.REGISTER]: Captured registration for entry cyan_wallpaper_wavy of type minecraft:block
[13Jan2025 22:53:59.743] [modloading-worker-0/DEBUG] [com.tterrag.registrate.AbstractRegistrate/REGISTRATE.REGISTER]: Captured registration for entry wallpaper_arrow_purple of type minecraft:item
[13Jan2025 22:53:59.743] [modloading-worker-0/DEBUG] [com.tterrag.registrate.AbstractRegistrate/REGISTRATE.REGISTER]: Captured registration for entry wallpaper_arrow_purple of type minecraft:block
[13Jan2025 22:53:59.743] [modloading-worker-0/DEBUG] [com.tterrag.registrate.AbstractRegistrate/REGISTRATE.REGISTER]: Captured registration for entry wallpaper_striped_purple of type minecraft:item
[13Jan2025 22:53:59.743] [modloading-worker-0/DEBUG] [com.tterrag.registrate.AbstractRegistrate/REGISTRATE.REGISTER]: Captured registration for entry wallpaper_striped_purple of type minecraft:block
[13Jan2025 22:53:59.743] [modloading-worker-0/DEBUG] [com.tterrag.registrate.AbstractRegistrate/REGISTRATE.REGISTER]: Captured registration for entry purple_wallpaper_wavy of type minecraft:item
[13Jan2025 22:53:59.743] [modloading-worker-0/DEBUG] [com.tterrag.registrate.AbstractRegistrate/REGISTRATE.REGISTER]: Captured registration for entry purple_wallpaper_wavy of type minecraft:block
[13Jan2025 22:53:59.743] [modloading-worker-0/DEBUG] [com.tterrag.registrate.AbstractRegistrate/REGISTRATE.REGISTER]: Captured registration for entry wallpaper_arrow_orange of type minecraft:item
[13Jan2025 22:53:59.744] [modloading-worker-0/DEBUG] [com.tterrag.registrate.AbstractRegistrate/REGISTRATE.REGISTER]: Captured registration for entry wallpaper_arrow_orange of type minecraft:block
[13Jan2025 22:53:59.744] [modloading-worker-0/DEBUG] [com.tterrag.registrate.AbstractRegistrate/REGISTRATE.REGISTER]: Captured registration for entry wallpaper_striped_orange of type minecraft:item
[13Jan2025 22:53:59.744] [modloading-worker-0/DEBUG] [com.tterrag.registrate.AbstractRegistrate/REGISTRATE.REGISTER]: Captured registration for entry wallpaper_striped_orange of type minecraft:block
[13Jan2025 22:53:59.744] [modloading-worker-0/DEBUG] [com.tterrag.registrate.AbstractRegistrate/REGISTRATE.REGISTER]: Captured registration for entry orange_wallpaper_wavy of type minecraft:item
[13Jan2025 22:53:59.744] [modloading-worker-0/DEBUG] [com.tterrag.registrate.AbstractRegistrate/REGISTRATE.REGISTER]: Captured registration for entry orange_wallpaper_wavy of type minecraft:block
[13Jan2025 22:53:59.742] [modloading-worker-0/DEBUG] [net.minecraftforge.fml.javafmlmod.AutomaticEventSubscriber/LOADING]: Auto-subscribing zombie_extreme.init.ZombieExtremeModEntities to MOD
[13Jan2025 22:53:59.746] [modloading-worker-0/DEBUG] [net.minecraftforge.fml.javafmlmod.AutomaticEventSubscriber/LOADING]: Auto-subscribing zombie_extreme.init.ZombieExtremeModBiomes to FORGE
[13Jan2025 22:53:59.747] [modloading-worker-0/DEBUG] [net.minecraftforge.fml.javafmlmod.AutomaticEventSubscriber/LOADING]: Auto-subscribing zombie_extreme.init.EntityAnimationFactory to FORGE
[13Jan2025 22:53:59.753] [modloading-worker-0/DEBUG] [com.tterrag.registrate.AbstractRegistrate/REGISTRATE.REGISTER]: Captured registration for entry black_metal_plate of type minecraft:item
[13Jan2025 22:53:59.753] [modloading-worker-0/DEBUG] [com.tterrag.registrate.AbstractRegistrate/REGISTRATE.REGISTER]: Captured registration for entry black_metal_plate of type minecraft:block
[13Jan2025 22:53:59.755] [modloading-worker-0/DEBUG] [com.tterrag.registrate.AbstractRegistrate/REGISTRATE.REGISTER]: Captured registration for entry black_metal_plate_wall of type minecraft:item
[13Jan2025 22:53:59.757] [modloading-worker-0/DEBUG] [com.tterrag.registrate.AbstractRegistrate/REGISTRATE.REGISTER]: Captured registration for entry black_metal_plate_wall of type minecraft:block
[13Jan2025 22:53:59.759] [modloading-worker-0/DEBUG] [com.tterrag.registrate.AbstractRegistrate/REGISTRATE.REGISTER]: Captured registration for entry black_metal_plate_stairs of type minecraft:item
[13Jan2025 22:53:59.759] [modloading-worker-0/DEBUG] [net.minecraftforge.fml.javafmlmod.AutomaticEventSubscriber/LOADING]: Attempting to inject @EventBusSubscriber classes into the eventbus for creativecore
[13Jan2025 22:53:59.759] [modloading-worker-0/DEBUG] [com.tterrag.registrate.AbstractRegistrate/REGISTRATE.REGISTER]: Captured registration for entry black_metal_plate_stairs of type minecraft:block
[13Jan2025 22:53:59.768] [modloading-worker-0/DEBUG] [net.minecraftforge.fml.javafmlmod.AutomaticEventSubscriber/LOADING]: Attempting to inject @EventBusSubscriber classes into the eventbus for lrarmor
[13Jan2025 22:53:59.768] [modloading-worker-0/DEBUG] [net.minecraftforge.fml.javafmlmod.AutomaticEventSubscriber/LOADING]: Auto-subscribing me.xjqsh.lesraisinsarmor.init.CompatRegistry to MOD
[13Jan2025 22:53:59.769] [modloading-worker-0/DEBUG] [net.minecraftforge.fml.javafmlmod.AutomaticEventSubscriber/LOADING]: Auto-subscribing me.xjqsh.lesraisinsarmor.handler.SuitHandler to FORGE
[13Jan2025 22:53:59.775] [modloading-worker-0/DEBUG] [net.minecraftforge.fml.config.ConfigTracker/CONFIG]: Config file projectvibrantjourneys-common.toml for projectvibrantjourneys tracking
[13Jan2025 22:53:59.770] [modloading-worker-0/DEBUG] [com.tterrag.registrate.AbstractRegistrate/REGISTRATE.REGISTER]: Captured registration for entry black_metal_plate_stairs of type minecraft:item
[13Jan2025 22:53:59.775] [modloading-worker-0/DEBUG] [com.tterrag.registrate.AbstractRegistrate/REGISTRATE.REGISTER]: Captured registration for entry black_metal_plate_stairs of type minecraft:block
[13Jan2025 22:53:59.775] [modloading-worker-0/DEBUG] [net.minecraftforge.fml.javafmlmod.AutomaticEventSubscriber/LOADING]: Auto-subscribing me.xjqsh.lesraisinsarmor.handler.CommonSetupHandler to MOD
[13Jan2025 22:53:59.777] [modloading-worker-0/DEBUG] [net.minecraftforge.fml.javafmlmod.AutomaticEventSubscriber/LOADING]: Attempting to inject @EventBusSubscriber classes into the eventbus for projectvibrantjourneys
[13Jan2025 22:53:59.777] [modloading-worker-0/DEBUG] [com.tterrag.registrate.AbstractRegistrate/REGISTRATE.REGISTER]: Captured registration for entry black_metal_plate_slab of type minecraft:item
[13Jan2025 22:53:59.777] [modloading-worker-0/DEBUG] [net.minecraftforge.fml.javafmlmod.AutomaticEventSubscriber/LOADING]: Auto-subscribing dev.orderedchaos.projectvibrantjourneys.data.PVJDataGenerators to MOD
[13Jan2025 22:53:59.778] [modloading-worker-0/DEBUG] [net.minecraftforge.fml.javafmlmod.AutomaticEventSubscriber/LOADING]: Auto-subscribing me.xjqsh.lesraisinsarmor.handler.CommonHandler to FORGE
[13Jan2025 22:53:59.779] [modloading-worker-0/DEBUG] [net.minecraftforge.fml.javafmlmod.AutomaticEventSubscriber/LOADING]: Auto-subscribing me.xjqsh.lesraisinsarmor.datagen.Items to MOD
[13Jan2025 22:53:59.786] [modloading-worker-0/DEBUG] [com.tterrag.registrate.AbstractRegistrate/REGISTRATE.REGISTER]: Captured registration for entry black_metal_plate_slab of type minecraft:block
[13Jan2025 22:53:59.787] [modloading-worker-0/DEBUG] [com.tterrag.registrate.AbstractRegistrate/REGISTRATE.REGISTER]: Captured registration for entry white_metal_plate of type minecraft:item
[13Jan2025 22:53:59.787] [modloading-worker-0/DEBUG] [com.tterrag.registrate.AbstractRegistrate/REGISTRATE.REGISTER]: Captured registration for entry white_metal_plate of type minecraft:block
[13Jan2025 22:53:59.787] [modloading-worker-0/DEBUG] [com.tterrag.registrate.AbstractRegistrate/REGISTRATE.REGISTER]: Captured registration for entry white_metal_plate_wall of type minecraft:item
[13Jan2025 22:53:59.787] [modloading-worker-0/DEBUG] [com.tterrag.registrate.AbstractRegistrate/REGISTRATE.REGISTER]: Captured registration for entry white_metal_plate_wall of type minecraft:block
[13Jan2025 22:53:59.788] [modloading-worker-0/DEBUG] [com.tterrag.registrate.AbstractRegistrate/REGISTRATE.REGISTER]: Captured registration for entry white_metal_plate_stairs of type minecraft:item
[13Jan2025 22:53:59.788] [modloading-worker-0/DEBUG] [com.tterrag.registrate.AbstractRegistrate/REGISTRATE.REGISTER]: Captured registration for entry white_metal_plate_stairs of type minecraft:block
[13Jan2025 22:53:59.788] [modloading-worker-0/DEBUG] [com.tterrag.registrate.AbstractRegistrate/REGISTRATE.REGISTER]: Captured registration for entry white_metal_plate_stairs of type minecraft:item
[13Jan2025 22:53:59.788] [modloading-worker-0/DEBUG] [com.tterrag.registrate.AbstractRegistrate/REGISTRATE.REGISTER]: Captured registration for entry white_metal_plate_stairs of type minecraft:block
[13Jan2025 22:53:59.789] [modloading-worker-0/DEBUG] [com.tterrag.registrate.AbstractRegistrate/REGISTRATE.REGISTER]: Captured registration for entry white_metal_plate_slab of type minecraft:item
[13Jan2025 22:53:59.789] [modloading-worker-0/DEBUG] [com.tterrag.registrate.AbstractRegistrate/REGISTRATE.REGISTER]: Captured registration for entry white_metal_plate_slab of type minecraft:block
[13Jan2025 22:53:59.789] [modloading-worker-0/DEBUG] [com.tterrag.registrate.AbstractRegistrate/REGISTRATE.REGISTER]: Captured registration for entry blue_metal_plate of type minecraft:item
[13Jan2025 22:53:59.789] [modloading-worker-0/DEBUG] [com.tterrag.registrate.AbstractRegistrate/REGISTRATE.REGISTER]: Captured registration for entry blue_metal_plate of type minecraft:block
[13Jan2025 22:53:59.789] [modloading-worker-0/DEBUG] [com.tterrag.registrate.AbstractRegistrate/REGISTRATE.REGISTER]: Captured registration for entry blue_metal_plate_wall of type minecraft:item
[13Jan2025 22:53:59.789] [modloading-worker-0/DEBUG] [com.tterrag.registrate.AbstractRegistrate/REGISTRATE.REGISTER]: Captured registration for entry blue_metal_plate_wall of type minecraft:block
[13Jan2025 22:53:59.790] [modloading-worker-0/DEBUG] [com.tterrag.registrate.AbstractRegistrate/REGISTRATE.REGISTER]: Captured registration for entry blue_metal_plate_stairs of type minecraft:item
[13Jan2025 22:53:59.790] [modloading-worker-0/DEBUG] [com.tterrag.registrate.AbstractRegistrate/REGISTRATE.REGISTER]: Captured registration for entry blue_metal_plate_stairs of type minecraft:block
[13Jan2025 22:53:59.790] [modloading-worker-0/DEBUG] [com.tterrag.registrate.AbstractRegistrate/REGISTRATE.REGISTER]: Captured registration for entry blue_metal_plate_stairs of type minecraft:item
[13Jan2025 22:53:59.790] [modloading-worker-0/DEBUG] [com.tterrag.registrate.AbstractRegistrate/REGISTRATE.REGISTER]: Captured registration for entry blue_metal_plate_stairs of type minecraft:block
[13Jan2025 22:53:59.790] [modloading-worker-0/DEBUG] [com.tterrag.registrate.AbstractRegistrate/REGISTRATE.REGISTER]: Captured registration for entry blue_metal_plate_slab of type minecraft:item
[13Jan2025 22:53:59.791] [modloading-worker-0/DEBUG] [com.tterrag.registrate.AbstractRegistrate/REGISTRATE.REGISTER]: Captured registration for entry blue_metal_plate_slab of type minecraft:block
[13Jan2025 22:53:59.791] [modloading-worker-0/DEBUG] [com.tterrag.registrate.AbstractRegistrate/REGISTRATE.REGISTER]: Captured registration for entry light_blue_metal_plate of type minecraft:item
[13Jan2025 22:53:59.791] [modloading-worker-0/DEBUG] [com.tterrag.registrate.AbstractRegistrate/REGISTRATE.REGISTER]: Captured registration for entry light_blue_metal_plate of type minecraft:block
[13Jan2025 22:53:59.791] [modloading-worker-0/DEBUG] [com.tterrag.registrate.AbstractRegistrate/REGISTRATE.REGISTER]: Captured registration for entry light_blue_metal_plate_wall of type minecraft:item
[13Jan2025 22:53:59.792] [modloading-worker-0/DEBUG] [com.tterrag.registrate.AbstractRegistrate/REGISTRATE.REGISTER]: Captured registration for entry light_blue_metal_plate_wall of type minecraft:block
[13Jan2025 22:53:59.792] [modloading-worker-0/DEBUG] [com.tterrag.registrate.AbstractRegistrate/REGISTRATE.REGISTER]: Captured registration for entry light_blue_metal_plate_stairs of type minecraft:item
[13Jan2025 22:53:59.792] [modloading-worker-0/DEBUG] [com.tterrag.registrate.AbstractRegistrate/REGISTRATE.REGISTER]: Captured registration for entry light_blue_metal_plate_stairs of type minecraft:block
[13Jan2025 22:53:59.792] [modloading-worker-0/DEBUG] [com.tterrag.registrate.AbstractRegistrate/REGISTRATE.REGISTER]: Captured registration for entry light_blue_metal_plate_stairs of type minecraft:item
[13Jan2025 22:53:59.792] [modloading-worker-0/DEBUG] [com.tterrag.registrate.AbstractRegistrate/REGISTRATE.REGISTER]: Captured registration for entry light_blue_metal_plate_stairs of type minecraft:block
[13Jan2025 22:53:59.793] [modloading-worker-0/DEBUG] [com.tterrag.registrate.AbstractRegistrate/REGISTRATE.REGISTER]: Captured registration for entry light_blue_metal_plate_slab of type minecraft:item
[13Jan2025 22:53:59.793] [modloading-worker-0/DEBUG] [com.tterrag.registrate.AbstractRegistrate/REGISTRATE.REGISTER]: Captured registration for entry light_blue_metal_plate_slab of type minecraft:block
[13Jan2025 22:53:59.793] [modloading-worker-0/DEBUG] [com.tterrag.registrate.AbstractRegistrate/REGISTRATE.REGISTER]: Captured registration for entry red_metal_plate of type minecraft:item
[13Jan2025 22:53:59.788] [modloading-worker-0/DEBUG] [net.minecraftforge.fml.javafmlmod.AutomaticEventSubscriber/LOADING]: Auto-subscribing dev.orderedchaos.projectvibrantjourneys.core.config.PVJConfig to FORGE
[13Jan2025 22:53:59.796] [modloading-worker-0/DEBUG] [com.tterrag.registrate.AbstractRegistrate/REGISTRATE.REGISTER]: Captured registration for entry red_metal_plate of type minecraft:block
[13Jan2025 22:53:59.796] [modloading-worker-0/DEBUG] [com.tterrag.registrate.AbstractRegistrate/REGISTRATE.REGISTER]: Captured registration for entry red_metal_plate_wall of type minecraft:item
[13Jan2025 22:53:59.796] [modloading-worker-0/DEBUG] [com.tterrag.registrate.AbstractRegistrate/REGISTRATE.REGISTER]: Captured registration for entry red_metal_plate_wall of type minecraft:block
[13Jan2025 22:53:59.796] [modloading-worker-0/DEBUG] [com.tterrag.registrate.AbstractRegistrate/REGISTRATE.REGISTER]: Captured registration for entry red_metal_plate_stairs of type minecraft:item
[13Jan2025 22:53:59.796] [modloading-worker-0/DEBUG] [com.tterrag.registrate.AbstractRegistrate/REGISTRATE.REGISTER]: Captured registration for entry red_metal_plate_stairs of type minecraft:block
[13Jan2025 22:53:59.796] [modloading-worker-0/DEBUG] [com.tterrag.registrate.AbstractRegistrate/REGISTRATE.REGISTER]: Captured registration for entry red_metal_plate_stairs of type minecraft:item
[13Jan2025 22:53:59.796] [modloading-worker-0/DEBUG] [com.tterrag.registrate.AbstractRegistrate/REGISTRATE.REGISTER]: Captured registration for entry red_metal_plate_stairs of type minecraft:block
[13Jan2025 22:53:59.796] [modloading-worker-0/DEBUG] [com.tterrag.registrate.AbstractRegistrate/REGISTRATE.REGISTER]: Captured registration for entry red_metal_plate_slab of type minecraft:item
[13Jan2025 22:53:59.796] [modloading-worker-0/DEBUG] [com.tterrag.registrate.AbstractRegistrate/REGISTRATE.REGISTER]: Captured registration for entry red_metal_plate_slab of type minecraft:block
[13Jan2025 22:53:59.797] [modloading-worker-0/DEBUG] [com.tterrag.registrate.AbstractRegistrate/REGISTRATE.REGISTER]: Captured registration for entry green_metal_plate of type minecraft:item
[13Jan2025 22:53:59.797] [modloading-worker-0/DEBUG] [com.tterrag.registrate.AbstractRegistrate/REGISTRATE.REGISTER]: Captured registration for entry green_metal_plate of type minecraft:block
[13Jan2025 22:53:59.797] [modloading-worker-0/DEBUG] [com.tterrag.registrate.AbstractRegistrate/REGISTRATE.REGISTER]: Captured registration for entry green_metal_plate_wall of type minecraft:item
[13Jan2025 22:53:59.797] [modloading-worker-0/DEBUG] [com.tterrag.registrate.AbstractRegistrate/REGISTRATE.REGISTER]: Captured registration for entry green_metal_plate_wall of type minecraft:block
[13Jan2025 22:53:59.797] [modloading-worker-0/DEBUG] [com.tterrag.registrate.AbstractRegistrate/REGISTRATE.REGISTER]: Captured registration for entry green_metal_plate_stairs of type minecraft:item
[13Jan2025 22:53:59.797] [modloading-worker-0/DEBUG] [com.tterrag.registrate.AbstractRegistrate/REGISTRATE.REGISTER]: Captured registration for entry green_metal_plate_stairs of type minecraft:block
[13Jan2025 22:53:59.797] [modloading-worker-0/DEBUG] [com.tterrag.registrate.AbstractRegistrate/REGISTRATE.REGISTER]: Captured registration for entry green_metal_plate_stairs of type minecraft:item
[13Jan2025 22:53:59.797] [modloading-worker-0/DEBUG] [com.tterrag.registrate.AbstractRegistrate/REGISTRATE.REGISTER]: Captured registration for entry green_metal_plate_stairs of type minecraft:block
[13Jan2025 22:53:59.797] [modloading-worker-0/DEBUG] [com.tterrag.registrate.AbstractRegistrate/REGISTRATE.REGISTER]: Captured registration for entry green_metal_plate_slab of type minecraft:item
[13Jan2025 22:53:59.797] [modloading-worker-0/DEBUG] [com.tterrag.registrate.AbstractRegistrate/REGISTRATE.REGISTER]: Captured registration for entry green_metal_plate_slab of type minecraft:block
[13Jan2025 22:53:59.798] [modloading-worker-0/DEBUG] [com.tterrag.registrate.AbstractRegistrate/REGISTRATE.REGISTER]: Captured registration for entry lime_metal_plate of type minecraft:item
[13Jan2025 22:53:59.798] [modloading-worker-0/DEBUG] [com.tterrag.registrate.AbstractRegistrate/REGISTRATE.REGISTER]: Captured registration for entry lime_metal_plate of type minecraft:block
[13Jan2025 22:53:59.798] [modloading-worker-0/DEBUG] [com.tterrag.registrate.AbstractRegistrate/REGISTRATE.REGISTER]: Captured registration for entry lime_metal_plate_wall of type minecraft:item
[13Jan2025 22:53:59.798] [modloading-worker-0/DEBUG] [com.tterrag.registrate.AbstractRegistrate/REGISTRATE.REGISTER]: Captured registration for entry lime_metal_plate_wall of type minecraft:block
[13Jan2025 22:53:59.798] [modloading-worker-0/DEBUG] [com.tterrag.registrate.AbstractRegistrate/REGISTRATE.REGISTER]: Captured registration for entry lime_metal_plate_stairs of type minecraft:item
[13Jan2025 22:53:59.798] [modloading-worker-0/DEBUG] [com.tterrag.registrate.AbstractRegistrate/REGISTRATE.REGISTER]: Captured registration for entry lime_metal_plate_stairs of type minecraft:block
[13Jan2025 22:53:59.798] [modloading-worker-0/DEBUG] [com.tterrag.registrate.AbstractRegistrate/REGISTRATE.REGISTER]: Captured registration for entry lime_metal_plate_stairs of type minecraft:item
[13Jan2025 22:53:59.798] [modloading-worker-0/DEBUG] [com.tterrag.registrate.AbstractRegistrate/REGISTRATE.REGISTER]: Captured registration for entry lime_metal_plate_stairs of type minecraft:block
[13Jan2025 22:53:59.798] [modloading-worker-0/DEBUG] [com.tterrag.registrate.AbstractRegistrate/REGISTRATE.REGISTER]: Captured registration for entry lime_metal_plate_slab of type minecraft:item
[13Jan2025 22:53:59.798] [modloading-worker-0/DEBUG] [com.tterrag.registrate.AbstractRegistrate/REGISTRATE.REGISTER]: Captured registration for entry lime_metal_plate_slab of type minecraft:block
[13Jan2025 22:53:59.799] [modloading-worker-0/DEBUG] [com.tterrag.registrate.AbstractRegistrate/REGISTRATE.REGISTER]: Captured registration for entry pink_metal_plate of type minecraft:item
[13Jan2025 22:53:59.799] [modloading-worker-0/DEBUG] [com.tterrag.registrate.AbstractRegistrate/REGISTRATE.REGISTER]: Captured registration for entry pink_metal_plate of type minecraft:block
[13Jan2025 22:53:59.799] [modloading-worker-0/DEBUG] [com.tterrag.registrate.AbstractRegistrate/REGISTRATE.REGISTER]: Captured registration for entry pink_metal_plate_wall of type minecraft:item
[13Jan2025 22:53:59.799] [modloading-worker-0/DEBUG] [com.tterrag.registrate.AbstractRegistrate/REGISTRATE.REGISTER]: Captured registration for entry pink_metal_plate_wall of type minecraft:block
[13Jan2025 22:53:59.799] [modloading-worker-0/DEBUG] [com.tterrag.registrate.AbstractRegistrate/REGISTRATE.REGISTER]: Captured registration for entry pink_metal_plate_stairs of type minecraft:item
[13Jan2025 22:53:59.799] [modloading-worker-0/DEBUG] [com.tterrag.registrate.AbstractRegistrate/REGISTRATE.REGISTER]: Captured registration for entry pink_metal_plate_stairs of type minecraft:block
[13Jan2025 22:53:59.799] [modloading-worker-0/DEBUG] [com.tterrag.registrate.AbstractRegistrate/REGISTRATE.REGISTER]: Captured registration for entry pink_metal_plate_stairs of type minecraft:item
[13Jan2025 22:53:59.799] [modloading-worker-0/DEBUG] [com.tterrag.registrate.AbstractRegistrate/REGISTRATE.REGISTER]: Captured registration for entry pink_metal_plate_stairs of type minecraft:block
[13Jan2025 22:53:59.799] [modloading-worker-0/DEBUG] [com.tterrag.registrate.AbstractRegistrate/REGISTRATE.REGISTER]: Captured registration for entry pink_metal_plate_slab of type minecraft:item
[13Jan2025 22:53:59.799] [modloading-worker-0/DEBUG] [com.tterrag.registrate.AbstractRegistrate/REGISTRATE.REGISTER]: Captured registration for entry pink_metal_plate_slab of type minecraft:block
[13Jan2025 22:53:59.799] [modloading-worker-0/DEBUG] [com.tterrag.registrate.AbstractRegistrate/REGISTRATE.REGISTER]: Captured registration for entry magenta_metal_plate of type minecraft:item
[13Jan2025 22:53:59.800] [modloading-worker-0/DEBUG] [com.tterrag.registrate.AbstractRegistrate/REGISTRATE.REGISTER]: Captured registration for entry magenta_metal_plate of type minecraft:block
[13Jan2025 22:53:59.800] [modloading-worker-0/DEBUG] [com.tterrag.registrate.AbstractRegistrate/REGISTRATE.REGISTER]: Captured registration for entry magenta_metal_plate_wall of type minecraft:item
[13Jan2025 22:53:59.800] [modloading-worker-0/DEBUG] [com.tterrag.registrate.AbstractRegistrate/REGISTRATE.REGISTER]: Captured registration for entry magenta_metal_plate_wall of type minecraft:block
[13Jan2025 22:53:59.800] [modloading-worker-0/DEBUG] [com.tterrag.registrate.AbstractRegistrate/REGISTRATE.REGISTER]: Captured registration for entry magenta_metal_plate_stairs of type minecraft:item
[13Jan2025 22:53:59.800] [modloading-worker-0/DEBUG] [com.tterrag.registrate.AbstractRegistrate/REGISTRATE.REGISTER]: Captured registration for entry magenta_metal_plate_stairs of type minecraft:block
[13Jan2025 22:53:59.800] [modloading-worker-0/DEBUG] [com.tterrag.registrate.AbstractRegistrate/REGISTRATE.REGISTER]: Captured registration for entry magenta_metal_plate_stairs of type minecraft:item
[13Jan2025 22:53:59.800] [modloading-worker-0/DEBUG] [com.tterrag.registrate.AbstractRegistrate/REGISTRATE.REGISTER]: Captured registration for entry magenta_metal_plate_stairs of type minecraft:block
[13Jan2025 22:53:59.800] [modloading-worker-0/DEBUG] [com.tterrag.registrate.AbstractRegistrate/REGISTRATE.REGISTER]: Captured registration for entry magenta_metal_plate_slab of type minecraft:item
[13Jan2025 22:53:59.800] [modloading-worker-0/DEBUG] [com.tterrag.registrate.AbstractRegistrate/REGISTRATE.REGISTER]: Captured registration for entry magenta_metal_plate_slab of type minecraft:block
[13Jan2025 22:53:59.800] [modloading-worker-0/DEBUG] [com.tterrag.registrate.AbstractRegistrate/REGISTRATE.REGISTER]: Captured registration for entry yellow_metal_plate of type minecraft:item
[13Jan2025 22:53:59.801] [modloading-worker-0/DEBUG] [com.tterrag.registrate.AbstractRegistrate/REGISTRATE.REGISTER]: Captured registration for entry yellow_metal_plate of type minecraft:block
[13Jan2025 22:53:59.801] [modloading-worker-0/DEBUG] [com.tterrag.registrate.AbstractRegistrate/REGISTRATE.REGISTER]: Captured registration for entry yellow_metal_plate_wall of type minecraft:item
[13Jan2025 22:53:59.801] [modloading-worker-0/DEBUG] [com.tterrag.registrate.AbstractRegistrate/REGISTRATE.REGISTER]: Captured registration for entry yellow_metal_plate_wall of type minecraft:block
[13Jan2025 22:53:59.801] [modloading-worker-0/DEBUG] [com.tterrag.registrate.AbstractRegistrate/REGISTRATE.REGISTER]: Captured registration for entry yellow_metal_plate_stairs of type minecraft:item
[13Jan2025 22:53:59.801] [modloading-worker-0/DEBUG] [com.tterrag.registrate.AbstractRegistrate/REGISTRATE.REGISTER]: Captured registration for entry yellow_metal_plate_stairs of type minecraft:block
[13Jan2025 22:53:59.801] [modloading-worker-0/DEBUG] [com.tterrag.registrate.AbstractRegistrate/REGISTRATE.REGISTER]: Captured registration for entry yellow_metal_plate_stairs of type minecraft:item
[13Jan2025 22:53:59.801] [modloading-worker-0/DEBUG] [com.tterrag.registrate.AbstractRegistrate/REGISTRATE.REGISTER]: Captured registration for entry yellow_metal_plate_stairs of type minecraft:block
[13Jan2025 22:53:59.801] [modloading-worker-0/DEBUG] [com.tterrag.registrate.AbstractRegistrate/REGISTRATE.REGISTER]: Captured registration for entry yellow_metal_plate_slab of type minecraft:item
[13Jan2025 22:53:59.801] [modloading-worker-0/DEBUG] [com.tterrag.registrate.AbstractRegistrate/REGISTRATE.REGISTER]: Captured registration for entry yellow_metal_plate_slab of type minecraft:block
[13Jan2025 22:53:59.801] [modloading-worker-0/DEBUG] [com.tterrag.registrate.AbstractRegistrate/REGISTRATE.REGISTER]: Captured registration for entry gray_metal_plate of type minecraft:item
[13Jan2025 22:53:59.801] [modloading-worker-0/DEBUG] [com.tterrag.registrate.AbstractRegistrate/REGISTRATE.REGISTER]: Captured registration for entry gray_metal_plate of type minecraft:block
[13Jan2025 22:53:59.802] [modloading-worker-0/DEBUG] [com.tterrag.registrate.AbstractRegistrate/REGISTRATE.REGISTER]: Captured registration for entry gray_metal_plate_wall of type minecraft:item
[13Jan2025 22:53:59.802] [modloading-worker-0/DEBUG] [com.tterrag.registrate.AbstractRegistrate/REGISTRATE.REGISTER]: Captured registration for entry gray_metal_plate_wall of type minecraft:block
[13Jan2025 22:53:59.802] [modloading-worker-0/DEBUG] [com.tterrag.registrate.AbstractRegistrate/REGISTRATE.REGISTER]: Captured registration for entry gray_metal_plate_stairs of type minecraft:item
[13Jan2025 22:53:59.802] [modloading-worker-0/DEBUG] [com.tterrag.registrate.AbstractRegistrate/REGISTRATE.REGISTER]: Captured registration for entry gray_metal_plate_stairs of type minecraft:block
[13Jan2025 22:53:59.802] [modloading-worker-0/DEBUG] [com.tterrag.registrate.AbstractRegistrate/REGISTRATE.REGISTER]: Captured registration for entry gray_metal_plate_stairs of type minecraft:item
[13Jan2025 22:53:59.802] [modloading-worker-0/DEBUG] [com.tterrag.registrate.AbstractRegistrate/REGISTRATE.REGISTER]: Captured registration for entry gray_metal_plate_stairs of type minecraft:block
[13Jan2025 22:53:59.802] [modloading-worker-0/DEBUG] [com.tterrag.registrate.AbstractRegistrate/REGISTRATE.REGISTER]: Captured registration for entry gray_metal_plate_slab of type minecraft:item
[13Jan2025 22:53:59.802] [modloading-worker-0/DEBUG] [com.tterrag.registrate.AbstractRegistrate/REGISTRATE.REGISTER]: Captured registration for entry gray_metal_plate_slab of type minecraft:block
[13Jan2025 22:53:59.802] [modloading-worker-0/DEBUG] [com.tterrag.registrate.AbstractRegistrate/REGISTRATE.REGISTER]: Captured registration for entry light_gray_metal_plate of type minecraft:item
[13Jan2025 22:53:59.802] [modloading-worker-0/DEBUG] [com.tterrag.registrate.AbstractRegistrate/REGISTRATE.REGISTER]: Captured registration for entry light_gray_metal_plate of type minecraft:block
[13Jan2025 22:53:59.802] [modloading-worker-0/DEBUG] [com.tterrag.registrate.AbstractRegistrate/REGISTRATE.REGISTER]: Captured registration for entry light_gray_metal_plate_wall of type minecraft:item
[13Jan2025 22:53:59.803] [modloading-worker-0/DEBUG] [com.tterrag.registrate.AbstractRegistrate/REGISTRATE.REGISTER]: Captured registration for entry light_gray_metal_plate_wall of type minecraft:block
[13Jan2025 22:53:59.803] [modloading-worker-0/DEBUG] [com.tterrag.registrate.AbstractRegistrate/REGISTRATE.REGISTER]: Captured registration for entry light_gray_metal_plate_stairs of type minecraft:item
[13Jan2025 22:53:59.803] [modloading-worker-0/DEBUG] [com.tterrag.registrate.AbstractRegistrate/REGISTRATE.REGISTER]: Captured registration for entry light_gray_metal_plate_stairs of type minecraft:block
[13Jan2025 22:53:59.803] [modloading-worker-0/DEBUG] [com.tterrag.registrate.AbstractRegistrate/REGISTRATE.REGISTER]: Captured registration for entry light_gray_metal_plate_stairs of type minecraft:item
[13Jan2025 22:53:59.803] [modloading-worker-0/DEBUG] [com.tterrag.registrate.AbstractRegistrate/REGISTRATE.REGISTER]: Captured registration for entry light_gray_metal_plate_stairs of type minecraft:block
[13Jan2025 22:53:59.803] [modloading-worker-0/DEBUG] [com.tterrag.registrate.AbstractRegistrate/REGISTRATE.REGISTER]: Captured registration for entry light_gray_metal_plate_slab of type minecraft:item
[13Jan2025 22:53:59.803] [modloading-worker-0/DEBUG] [com.tterrag.registrate.AbstractRegistrate/REGISTRATE.REGISTER]: Captured registration for entry light_gray_metal_plate_slab of type minecraft:block
[13Jan2025 22:53:59.803] [modloading-worker-0/DEBUG] [com.tterrag.registrate.AbstractRegistrate/REGISTRATE.REGISTER]: Captured registration for entry brown_metal_plate of type minecraft:item
[13Jan2025 22:53:59.803] [modloading-worker-0/DEBUG] [com.tterrag.registrate.AbstractRegistrate/REGISTRATE.REGISTER]: Captured registration for entry brown_metal_plate of type minecraft:block
[13Jan2025 22:53:59.804] [modloading-worker-0/DEBUG] [com.tterrag.registrate.AbstractRegistrate/REGISTRATE.REGISTER]: Captured registration for entry brown_metal_plate_wall of type minecraft:item
[13Jan2025 22:53:59.804] [modloading-worker-0/DEBUG] [com.tterrag.registrate.AbstractRegistrate/REGISTRATE.REGISTER]: Captured registration for entry brown_metal_plate_wall of type minecraft:block
[13Jan2025 22:53:59.804] [modloading-worker-0/DEBUG] [com.tterrag.registrate.AbstractRegistrate/REGISTRATE.REGISTER]: Captured registration for entry brown_metal_plate_stairs of type minecraft:item
[13Jan2025 22:53:59.804] [modloading-worker-0/DEBUG] [com.tterrag.registrate.AbstractRegistrate/REGISTRATE.REGISTER]: Captured registration for entry brown_metal_plate_stairs of type minecraft:block
[13Jan2025 22:53:59.804] [modloading-worker-0/DEBUG] [com.tterrag.registrate.AbstractRegistrate/REGISTRATE.REGISTER]: Captured registration for entry brown_metal_plate_stairs of type minecraft:item
[13Jan2025 22:53:59.804] [modloading-worker-0/DEBUG] [com.tterrag.registrate.AbstractRegistrate/REGISTRATE.REGISTER]: Captured registration for entry brown_metal_plate_stairs of type minecraft:block
[13Jan2025 22:53:59.804] [modloading-worker-0/DEBUG] [com.tterrag.registrate.AbstractRegistrate/REGISTRATE.REGISTER]: Captured registration for entry brown_metal_plate_slab of type minecraft:item
[13Jan2025 22:53:59.804] [modloading-worker-0/DEBUG] [com.tterrag.registrate.AbstractRegistrate/REGISTRATE.REGISTER]: Captured registration for entry brown_metal_plate_slab of type minecraft:block
[13Jan2025 22:53:59.804] [modloading-worker-0/DEBUG] [com.tterrag.registrate.AbstractRegistrate/REGISTRATE.REGISTER]: Captured registration for entry cyan_metal_plate of type minecraft:item
[13Jan2025 22:53:59.804] [modloading-worker-0/DEBUG] [com.tterrag.registrate.AbstractRegistrate/REGISTRATE.REGISTER]: Captured registration for entry cyan_metal_plate of type minecraft:block
[13Jan2025 22:53:59.805] [modloading-worker-0/DEBUG] [com.tterrag.registrate.AbstractRegistrate/REGISTRATE.REGISTER]: Captured registration for entry cyan_metal_plate_wall of type minecraft:item
[13Jan2025 22:53:59.805] [modloading-worker-0/DEBUG] [com.tterrag.registrate.AbstractRegistrate/REGISTRATE.REGISTER]: Captured registration for entry cyan_metal_plate_wall of type minecraft:block
[13Jan2025 22:53:59.805] [modloading-worker-0/DEBUG] [com.tterrag.registrate.AbstractRegistrate/REGISTRATE.REGISTER]: Captured registration for entry cyan_metal_plate_stairs of type minecraft:item
[13Jan2025 22:53:59.805] [modloading-worker-0/DEBUG] [com.tterrag.registrate.AbstractRegistrate/REGISTRATE.REGISTER]: Captured registration for entry cyan_metal_plate_stairs of type minecraft:block
[13Jan2025 22:53:59.805] [modloading-worker-0/DEBUG] [com.tterrag.registrate.AbstractRegistrate/REGISTRATE.REGISTER]: Captured registration for entry cyan_metal_plate_stairs of type minecraft:item
[13Jan2025 22:53:59.805] [modloading-worker-0/DEBUG] [com.tterrag.registrate.AbstractRegistrate/REGISTRATE.REGISTER]: Captured registration for entry cyan_metal_plate_stairs of type minecraft:block
[13Jan2025 22:53:59.805] [modloading-worker-0/DEBUG] [com.tterrag.registrate.AbstractRegistrate/REGISTRATE.REGISTER]: Captured registration for entry cyan_metal_plate_slab of type minecraft:item
[13Jan2025 22:53:59.805] [modloading-worker-0/DEBUG] [com.tterrag.registrate.AbstractRegistrate/REGISTRATE.REGISTER]: Captured registration for entry cyan_metal_plate_slab of type minecraft:block
[13Jan2025 22:53:59.805] [modloading-worker-0/DEBUG] [com.tterrag.registrate.AbstractRegistrate/REGISTRATE.REGISTER]: Captured registration for entry purple_metal_plate of type minecraft:item
[13Jan2025 22:53:59.805] [modloading-worker-0/DEBUG] [com.tterrag.registrate.AbstractRegistrate/REGISTRATE.REGISTER]: Captured registration for entry purple_metal_plate of type minecraft:block
[13Jan2025 22:53:59.805] [modloading-worker-0/DEBUG] [com.tterrag.registrate.AbstractRegistrate/REGISTRATE.REGISTER]: Captured registration for entry purple_metal_plate_wall of type minecraft:item
[13Jan2025 22:53:59.805] [modloading-worker-0/DEBUG] [com.tterrag.registrate.AbstractRegistrate/REGISTRATE.REGISTER]: Captured registration for entry purple_metal_plate_wall of type minecraft:block
[13Jan2025 22:53:59.806] [modloading-worker-0/DEBUG] [com.tterrag.registrate.AbstractRegistrate/REGISTRATE.REGISTER]: Captured registration for entry purple_metal_plate_stairs of type minecraft:item
[13Jan2025 22:53:59.806] [modloading-worker-0/DEBUG] [com.tterrag.registrate.AbstractRegistrate/REGISTRATE.REGISTER]: Captured registration for entry purple_metal_plate_stairs of type minecraft:block
[13Jan2025 22:53:59.806] [modloading-worker-0/DEBUG] [com.tterrag.registrate.AbstractRegistrate/REGISTRATE.REGISTER]: Captured registration for entry purple_metal_plate_stairs of type minecraft:item
[13Jan2025 22:53:59.806] [modloading-worker-0/DEBUG] [com.tterrag.registrate.AbstractRegistrate/REGISTRATE.REGISTER]: Captured registration for entry purple_metal_plate_stairs of type minecraft:block
[13Jan2025 22:53:59.807] [modloading-worker-0/DEBUG] [com.tterrag.registrate.AbstractRegistrate/REGISTRATE.REGISTER]: Captured registration for entry purple_metal_plate_slab of type minecraft:item
[13Jan2025 22:53:59.811] [modloading-worker-0/DEBUG] [com.tterrag.registrate.AbstractRegistrate/REGISTRATE.REGISTER]: Captured registration for entry purple_metal_plate_slab of type minecraft:block
[13Jan2025 22:53:59.811] [modloading-worker-0/DEBUG] [com.tterrag.registrate.AbstractRegistrate/REGISTRATE.REGISTER]: Captured registration for entry orange_metal_plate of type minecraft:item
[13Jan2025 22:53:59.811] [modloading-worker-0/DEBUG] [com.tterrag.registrate.AbstractRegistrate/REGISTRATE.REGISTER]: Captured registration for entry orange_metal_plate of type minecraft:block
[13Jan2025 22:53:59.812] [modloading-worker-0/DEBUG] [com.tterrag.registrate.AbstractRegistrate/REGISTRATE.REGISTER]: Captured registration for entry orange_metal_plate_wall of type minecraft:item
[13Jan2025 22:53:59.812] [modloading-worker-0/DEBUG] [com.tterrag.registrate.AbstractRegistrate/REGISTRATE.REGISTER]: Captured registration for entry orange_metal_plate_wall of type minecraft:block
[13Jan2025 22:53:59.812] [modloading-worker-0/DEBUG] [com.tterrag.registrate.AbstractRegistrate/REGISTRATE.REGISTER]: Captured registration for entry orange_metal_plate_stairs of type minecraft:item
[13Jan2025 22:53:59.812] [modloading-worker-0/DEBUG] [com.tterrag.registrate.AbstractRegistrate/REGISTRATE.REGISTER]: Captured registration for entry orange_metal_plate_stairs of type minecraft:block
[13Jan2025 22:53:59.812] [modloading-worker-0/DEBUG] [com.tterrag.registrate.AbstractRegistrate/REGISTRATE.REGISTER]: Captured registration for entry orange_metal_plate_stairs of type minecraft:item
[13Jan2025 22:53:59.812] [modloading-worker-0/DEBUG] [com.tterrag.registrate.AbstractRegistrate/REGISTRATE.REGISTER]: Captured registration for entry orange_metal_plate_stairs of type minecraft:block
[13Jan2025 22:53:59.813] [modloading-worker-0/DEBUG] [com.tterrag.registrate.AbstractRegistrate/REGISTRATE.REGISTER]: Captured registration for entry orange_metal_plate_slab of type minecraft:item
[13Jan2025 22:53:59.813] [modloading-worker-0/DEBUG] [com.tterrag.registrate.AbstractRegistrate/REGISTRATE.REGISTER]: Captured registration for entry orange_metal_plate_slab of type minecraft:block
[13Jan2025 22:53:59.814] [modloading-worker-0/DEBUG] [com.tterrag.registrate.AbstractRegistrate/REGISTRATE.REGISTER]: Captured registration for entry metal_plate_wall of type minecraft:item
[13Jan2025 22:53:59.814] [modloading-worker-0/DEBUG] [com.tterrag.registrate.AbstractRegistrate/REGISTRATE.REGISTER]: Captured registration for entry metal_plate_wall of type minecraft:block
[13Jan2025 22:53:59.815] [modloading-worker-0/DEBUG] [com.tterrag.registrate.AbstractRegistrate/REGISTRATE.REGISTER]: Captured registration for entry metal_plate_stairs of type minecraft:item
[13Jan2025 22:53:59.816] [modloading-worker-0/DEBUG] [com.tterrag.registrate.AbstractRegistrate/REGISTRATE.REGISTER]: Captured registration for entry metal_plate_stairs of type minecraft:block
[13Jan2025 22:53:59.816] [modloading-worker-0/DEBUG] [net.minecraftforge.fml.config.ConfigTracker/CONFIG]: Config file curios-client.toml for curios tracking
[13Jan2025 22:53:59.821] [modloading-worker-0/DEBUG] [net.minecraftforge.fml.config.ConfigTracker/CONFIG]: Config file curios-common.toml for curios tracking
[13Jan2025 22:53:59.822] [modloading-worker-0/DEBUG] [net.minecraftforge.fml.config.ConfigTracker/CONFIG]: Config file curios-server.toml for curios tracking
[13Jan2025 22:53:59.822] [modloading-worker-0/DEBUG] [net.minecraftforge.fml.javafmlmod.AutomaticEventSubscriber/LOADING]: Attempting to inject @EventBusSubscriber classes into the eventbus for curios
[13Jan2025 22:53:59.825] [modloading-worker-0/DEBUG] [net.minecraftforge.fml.config.ConfigTracker/CONFIG]: Config file flywheel-client.toml for flywheel tracking
[13Jan2025 22:53:59.822] [modloading-worker-0/DEBUG] [com.tterrag.registrate.AbstractRegistrate/REGISTRATE.REGISTER]: Captured registration for entry metal_plate of type minecraft:item
[13Jan2025 22:53:59.826] [modloading-worker-0/DEBUG] [com.tterrag.registrate.AbstractRegistrate/REGISTRATE.REGISTER]: Captured registration for entry metal_plate of type minecraft:block
[13Jan2025 22:53:59.826] [modloading-worker-0/DEBUG] [com.tterrag.registrate.AbstractRegistrate/REGISTRATE.REGISTER]: Captured registration for entry black_metal_sheet of type minecraft:item
[13Jan2025 22:53:59.826] [modloading-worker-0/DEBUG] [com.tterrag.registrate.AbstractRegistrate/REGISTRATE.REGISTER]: Captured registration for entry black_metal_sheet of type minecraft:block
[13Jan2025 22:53:59.826] [modloading-worker-0/DEBUG] [com.tterrag.registrate.AbstractRegistrate/REGISTRATE.REGISTER]: Captured registration for entry black_metal_sheet_wall of type minecraft:item
[13Jan2025 22:53:59.826] [modloading-worker-0/DEBUG] [com.tterrag.registrate.AbstractRegistrate/REGISTRATE.REGISTER]: Captured registration for entry black_metal_sheet_wall of type minecraft:block
[13Jan2025 22:53:59.826] [modloading-worker-0/DEBUG] [com.tterrag.registrate.AbstractRegistrate/REGISTRATE.REGISTER]: Captured registration for entry black_metal_sheet_stairs of type minecraft:item
[13Jan2025 22:53:59.826] [modloading-worker-0/DEBUG] [com.tterrag.registrate.AbstractRegistrate/REGISTRATE.REGISTER]: Captured registration for entry black_metal_sheet_stairs of type minecraft:block
[13Jan2025 22:53:59.827] [modloading-worker-0/DEBUG] [com.tterrag.registrate.AbstractRegistrate/REGISTRATE.REGISTER]: Captured registration for entry black_metal_sheet_slab of type minecraft:item
[13Jan2025 22:53:59.827] [modloading-worker-0/DEBUG] [com.tterrag.registrate.AbstractRegistrate/REGISTRATE.REGISTER]: Captured registration for entry black_metal_sheet_slab of type minecraft:block
[13Jan2025 22:53:59.827] [modloading-worker-0/DEBUG] [com.tterrag.registrate.AbstractRegistrate/REGISTRATE.REGISTER]: Captured registration for entry white_metal_sheet of type minecraft:item
[13Jan2025 22:53:59.827] [modloading-worker-0/DEBUG] [com.tterrag.registrate.AbstractRegistrate/REGISTRATE.REGISTER]: Captured registration for entry white_metal_sheet of type minecraft:block
[13Jan2025 22:53:59.827] [modloading-worker-0/DEBUG] [com.tterrag.registrate.AbstractRegistrate/REGISTRATE.REGISTER]: Captured registration for entry white_metal_sheet_wall of type minecraft:item
[13Jan2025 22:53:59.827] [modloading-worker-0/DEBUG] [com.tterrag.registrate.AbstractRegistrate/REGISTRATE.REGISTER]: Captured registration for entry white_metal_sheet_wall of type minecraft:block
[13Jan2025 22:53:59.827] [modloading-worker-0/DEBUG] [com.tterrag.registrate.AbstractRegistrate/REGISTRATE.REGISTER]: Captured registration for entry white_metal_sheet_stairs of type minecraft:item
[13Jan2025 22:53:59.827] [modloading-worker-0/DEBUG] [com.tterrag.registrate.AbstractRegistrate/REGISTRATE.REGISTER]: Captured registration for entry white_metal_sheet_stairs of type minecraft:block
[13Jan2025 22:53:59.827] [modloading-worker-0/DEBUG] [com.tterrag.registrate.AbstractRegistrate/REGISTRATE.REGISTER]: Captured registration for entry white_metal_sheet_slab of type minecraft:item
[13Jan2025 22:53:59.828] [modloading-worker-0/DEBUG] [com.tterrag.registrate.AbstractRegistrate/REGISTRATE.REGISTER]: Captured registration for entry white_metal_sheet_slab of type minecraft:block
[13Jan2025 22:53:59.828] [modloading-worker-0/DEBUG] [com.tterrag.registrate.AbstractRegistrate/REGISTRATE.REGISTER]: Captured registration for entry blue_metal_sheet of type minecraft:item
[13Jan2025 22:53:59.828] [modloading-worker-0/DEBUG] [com.tterrag.registrate.AbstractRegistrate/REGISTRATE.REGISTER]: Captured registration for entry blue_metal_sheet of type minecraft:block
[13Jan2025 22:53:59.828] [modloading-worker-0/DEBUG] [com.tterrag.registrate.AbstractRegistrate/REGISTRATE.REGISTER]: Captured registration for entry blue_metal_sheet_wall of type minecraft:item
[13Jan2025 22:53:59.828] [modloading-worker-0/DEBUG] [com.tterrag.registrate.AbstractRegistrate/REGISTRATE.REGISTER]: Captured registration for entry blue_metal_sheet_wall of type minecraft:block
[13Jan2025 22:53:59.828] [modloading-worker-0/DEBUG] [com.tterrag.registrate.AbstractRegistrate/REGISTRATE.REGISTER]: Captured registration for entry blue_metal_sheet_stairs of type minecraft:item
[13Jan2025 22:53:59.828] [modloading-worker-0/DEBUG] [com.tterrag.registrate.AbstractRegistrate/REGISTRATE.REGISTER]: Captured registration for entry blue_metal_sheet_stairs of type minecraft:block
[13Jan2025 22:53:59.828] [modloading-worker-0/DEBUG] [com.tterrag.registrate.AbstractRegistrate/REGISTRATE.REGISTER]: Captured registration for entry blue_metal_sheet_slab of type minecraft:item
[13Jan2025 22:53:59.828] [modloading-worker-0/DEBUG] [com.tterrag.registrate.AbstractRegistrate/REGISTRATE.REGISTER]: Captured registration for entry blue_metal_sheet_slab of type minecraft:block
[13Jan2025 22:53:59.828] [modloading-worker-0/DEBUG] [com.tterrag.registrate.AbstractRegistrate/REGISTRATE.REGISTER]: Captured registration for entry light_blue_metal_sheet of type minecraft:item
[13Jan2025 22:53:59.829] [modloading-worker-0/DEBUG] [com.tterrag.registrate.AbstractRegistrate/REGISTRATE.REGISTER]: Captured registration for entry light_blue_metal_sheet of type minecraft:block
[13Jan2025 22:53:59.829] [modloading-worker-0/DEBUG] [com.tterrag.registrate.AbstractRegistrate/REGISTRATE.REGISTER]: Captured registration for entry light_blue_metal_sheet_wall of type minecraft:item
[13Jan2025 22:53:59.829] [modloading-worker-0/DEBUG] [com.tterrag.registrate.AbstractRegistrate/REGISTRATE.REGISTER]: Captured registration for entry light_blue_metal_sheet_wall of type minecraft:block
[13Jan2025 22:53:59.829] [modloading-worker-0/DEBUG] [com.tterrag.registrate.AbstractRegistrate/REGISTRATE.REGISTER]: Captured registration for entry light_blue_metal_sheet_stairs of type minecraft:item
[13Jan2025 22:53:59.829] [modloading-worker-0/DEBUG] [com.tterrag.registrate.AbstractRegistrate/REGISTRATE.REGISTER]: Captured registration for entry light_blue_metal_sheet_stairs of type minecraft:block
[13Jan2025 22:53:59.829] [modloading-worker-0/DEBUG] [com.tterrag.registrate.AbstractRegistrate/REGISTRATE.REGISTER]: Captured registration for entry light_blue_metal_sheet_slab of type minecraft:item
[13Jan2025 22:53:59.829] [modloading-worker-0/DEBUG] [com.tterrag.registrate.AbstractRegistrate/REGISTRATE.REGISTER]: Captured registration for entry light_blue_metal_sheet_slab of type minecraft:block
[13Jan2025 22:53:59.829] [modloading-worker-0/DEBUG] [com.tterrag.registrate.AbstractRegistrate/REGISTRATE.REGISTER]: Captured registration for entry red_metal_sheet of type minecraft:item
[13Jan2025 22:53:59.829] [modloading-worker-0/DEBUG] [com.tterrag.registrate.AbstractRegistrate/REGISTRATE.REGISTER]: Captured registration for entry red_metal_sheet of type minecraft:block
[13Jan2025 22:53:59.829] [modloading-worker-0/DEBUG] [com.tterrag.registrate.AbstractRegistrate/REGISTRATE.REGISTER]: Captured registration for entry red_metal_sheet_wall of type minecraft:item
[13Jan2025 22:53:59.830] [modloading-worker-0/DEBUG] [com.tterrag.registrate.AbstractRegistrate/REGISTRATE.REGISTER]: Captured registration for entry red_metal_sheet_wall of type minecraft:block
[13Jan2025 22:53:59.830] [modloading-worker-0/DEBUG] [com.tterrag.registrate.AbstractRegistrate/REGISTRATE.REGISTER]: Captured registration for entry red_metal_sheet_stairs of type minecraft:item
[13Jan2025 22:53:59.830] [modloading-worker-0/DEBUG] [com.tterrag.registrate.AbstractRegistrate/REGISTRATE.REGISTER]: Captured registration for entry red_metal_sheet_stairs of type minecraft:block
[13Jan2025 22:53:59.830] [modloading-worker-0/DEBUG] [com.tterrag.registrate.AbstractRegistrate/REGISTRATE.REGISTER]: Captured registration for entry red_metal_sheet_slab of type minecraft:item
[13Jan2025 22:53:59.830] [modloading-worker-0/DEBUG] [com.tterrag.registrate.AbstractRegistrate/REGISTRATE.REGISTER]: Captured registration for entry red_metal_sheet_slab of type minecraft:block
[13Jan2025 22:53:59.830] [modloading-worker-0/DEBUG] [com.tterrag.registrate.AbstractRegistrate/REGISTRATE.REGISTER]: Captured registration for entry green_metal_sheet of type minecraft:item
[13Jan2025 22:53:59.830] [modloading-worker-0/DEBUG] [com.tterrag.registrate.AbstractRegistrate/REGISTRATE.REGISTER]: Captured registration for entry green_metal_sheet of type minecraft:block
[13Jan2025 22:53:59.830] [modloading-worker-0/DEBUG] [com.tterrag.registrate.AbstractRegistrate/REGISTRATE.REGISTER]: Captured registration for entry green_metal_sheet_wall of type minecraft:item
[13Jan2025 22:53:59.830] [modloading-worker-0/DEBUG] [com.tterrag.registrate.AbstractRegistrate/REGISTRATE.REGISTER]: Captured registration for entry green_metal_sheet_wall of type minecraft:block
[13Jan2025 22:53:59.830] [modloading-worker-0/DEBUG] [com.tterrag.registrate.AbstractRegistrate/REGISTRATE.REGISTER]: Captured registration for entry green_metal_sheet_stairs of type minecraft:item
[13Jan2025 22:53:59.831] [modloading-worker-0/DEBUG] [com.tterrag.registrate.AbstractRegistrate/REGISTRATE.REGISTER]: Captured registration for entry green_metal_sheet_stairs of type minecraft:block
[13Jan2025 22:53:59.831] [modloading-worker-0/DEBUG] [com.tterrag.registrate.AbstractRegistrate/REGISTRATE.REGISTER]: Captured registration for entry green_metal_sheet_slab of type minecraft:item
[13Jan2025 22:53:59.831] [modloading-worker-0/DEBUG] [com.tterrag.registrate.AbstractRegistrate/REGISTRATE.REGISTER]: Captured registration for entry green_metal_sheet_slab of type minecraft:block
[13Jan2025 22:53:59.831] [modloading-worker-0/DEBUG] [com.tterrag.registrate.AbstractRegistrate/REGISTRATE.REGISTER]: Captured registration for entry lime_metal_sheet of type minecraft:item
[13Jan2025 22:53:59.832] [modloading-worker-0/DEBUG] [com.tterrag.registrate.AbstractRegistrate/REGISTRATE.REGISTER]: Captured registration for entry lime_metal_sheet of type minecraft:block
[13Jan2025 22:53:59.832] [modloading-worker-0/DEBUG] [com.tterrag.registrate.AbstractRegistrate/REGISTRATE.REGISTER]: Captured registration for entry lime_metal_sheet_wall of type minecraft:item
[13Jan2025 22:53:59.832] [modloading-worker-0/DEBUG] [com.tterrag.registrate.AbstractRegistrate/REGISTRATE.REGISTER]: Captured registration for entry lime_metal_sheet_wall of type minecraft:block
[13Jan2025 22:53:59.832] [modloading-worker-0/DEBUG] [com.tterrag.registrate.AbstractRegistrate/REGISTRATE.REGISTER]: Captured registration for entry lime_metal_sheet_stairs of type minecraft:item
[13Jan2025 22:53:59.832] [modloading-worker-0/DEBUG] [com.tterrag.registrate.AbstractRegistrate/REGISTRATE.REGISTER]: Captured registration for entry lime_metal_sheet_stairs of type minecraft:block
[13Jan2025 22:53:59.832] [modloading-worker-0/DEBUG] [com.tterrag.registrate.AbstractRegistrate/REGISTRATE.REGISTER]: Captured registration for entry lime_metal_sheet_slab of type minecraft:item
[13Jan2025 22:53:59.832] [modloading-worker-0/DEBUG] [com.tterrag.registrate.AbstractRegistrate/REGISTRATE.REGISTER]: Captured registration for entry lime_metal_sheet_slab of type minecraft:block
[13Jan2025 22:53:59.832] [modloading-worker-0/DEBUG] [com.tterrag.registrate.AbstractRegistrate/REGISTRATE.REGISTER]: Captured registration for entry pink_metal_sheet of type minecraft:item
[13Jan2025 22:53:59.832] [modloading-worker-0/DEBUG] [com.tterrag.registrate.AbstractRegistrate/REGISTRATE.REGISTER]: Captured registration for entry pink_metal_sheet of type minecraft:block
[13Jan2025 22:53:59.833] [modloading-worker-0/DEBUG] [com.tterrag.registrate.AbstractRegistrate/REGISTRATE.REGISTER]: Captured registration for entry pink_metal_sheet_wall of type minecraft:item
[13Jan2025 22:53:59.833] [modloading-worker-0/DEBUG] [com.tterrag.registrate.AbstractRegistrate/REGISTRATE.REGISTER]: Captured registration for entry pink_metal_sheet_wall of type minecraft:block
[13Jan2025 22:53:59.833] [modloading-worker-0/DEBUG] [com.tterrag.registrate.AbstractRegistrate/REGISTRATE.REGISTER]: Captured registration for entry pink_metal_sheet_stairs of type minecraft:item
[13Jan2025 22:53:59.833] [modloading-worker-0/DEBUG] [com.tterrag.registrate.AbstractRegistrate/REGISTRATE.REGISTER]: Captured registration for entry pink_metal_sheet_stairs of type minecraft:block
[13Jan2025 22:53:59.833] [modloading-worker-0/DEBUG] [com.tterrag.registrate.AbstractRegistrate/REGISTRATE.REGISTER]: Captured registration for entry pink_metal_sheet_slab of type minecraft:item
[13Jan2025 22:53:59.833] [modloading-worker-0/DEBUG] [com.tterrag.registrate.AbstractRegistrate/REGISTRATE.REGISTER]: Captured registration for entry pink_metal_sheet_slab of type minecraft:block
[13Jan2025 22:53:59.833] [modloading-worker-0/DEBUG] [com.tterrag.registrate.AbstractRegistrate/REGISTRATE.REGISTER]: Captured registration for entry magenta_metal_sheet of type minecraft:item
[13Jan2025 22:53:59.833] [modloading-worker-0/DEBUG] [com.tterrag.registrate.AbstractRegistrate/REGISTRATE.REGISTER]: Captured registration for entry magenta_metal_sheet of type minecraft:block
[13Jan2025 22:53:59.833] [modloading-worker-0/DEBUG] [com.tterrag.registrate.AbstractRegistrate/REGISTRATE.REGISTER]: Captured registration for entry magenta_metal_sheet_wall of type minecraft:item
[13Jan2025 22:53:59.834] [modloading-worker-0/DEBUG] [com.tterrag.registrate.AbstractRegistrate/REGISTRATE.REGISTER]: Captured registration for entry magenta_metal_sheet_wall of type minecraft:block
[13Jan2025 22:53:59.834] [modloading-worker-0/DEBUG] [com.tterrag.registrate.AbstractRegistrate/REGISTRATE.REGISTER]: Captured registration for entry magenta_metal_sheet_stairs of type minecraft:item
[13Jan2025 22:53:59.834] [modloading-worker-0/DEBUG] [com.tterrag.registrate.AbstractRegistrate/REGISTRATE.REGISTER]: Captured registration for entry magenta_metal_sheet_stairs of type minecraft:block
[13Jan2025 22:53:59.834] [modloading-worker-0/DEBUG] [com.tterrag.registrate.AbstractRegistrate/REGISTRATE.REGISTER]: Captured registration for entry magenta_metal_sheet_slab of type minecraft:item
[13Jan2025 22:53:59.834] [modloading-worker-0/DEBUG] [com.tterrag.registrate.AbstractRegistrate/REGISTRATE.REGISTER]: Captured registration for entry magenta_metal_sheet_slab of type minecraft:block
[13Jan2025 22:53:59.834] [modloading-worker-0/DEBUG] [com.tterrag.registrate.AbstractRegistrate/REGISTRATE.REGISTER]: Captured registration for entry yellow_metal_sheet of type minecraft:item
[13Jan2025 22:53:59.834] [modloading-worker-0/DEBUG] [com.tterrag.registrate.AbstractRegistrate/REGISTRATE.REGISTER]: Captured registration for entry yellow_metal_sheet of type minecraft:block
[13Jan2025 22:53:59.834] [modloading-worker-0/DEBUG] [com.tterrag.registrate.AbstractRegistrate/REGISTRATE.REGISTER]: Captured registration for entry yellow_metal_sheet_wall of type minecraft:item
[13Jan2025 22:53:59.834] [modloading-worker-0/DEBUG] [com.tterrag.registrate.AbstractRegistrate/REGISTRATE.REGISTER]: Captured registration for entry yellow_metal_sheet_wall of type minecraft:block
[13Jan2025 22:53:59.835] [modloading-worker-0/DEBUG] [com.tterrag.registrate.AbstractRegistrate/REGISTRATE.REGISTER]: Captured registration for entry yellow_metal_sheet_stairs of type minecraft:item
[13Jan2025 22:53:59.835] [modloading-worker-0/DEBUG] [com.tterrag.registrate.AbstractRegistrate/REGISTRATE.REGISTER]: Captured registration for entry yellow_metal_sheet_stairs of type minecraft:block
[13Jan2025 22:53:59.835] [modloading-worker-0/DEBUG] [com.tterrag.registrate.AbstractRegistrate/REGISTRATE.REGISTER]: Captured registration for entry yellow_metal_sheet_slab of type minecraft:item
[13Jan2025 22:53:59.835] [modloading-worker-0/DEBUG] [com.tterrag.registrate.AbstractRegistrate/REGISTRATE.REGISTER]: Captured registration for entry yellow_metal_sheet_slab of type minecraft:block
[13Jan2025 22:53:59.835] [modloading-worker-0/DEBUG] [com.tterrag.registrate.AbstractRegistrate/REGISTRATE.REGISTER]: Captured registration for entry gray_metal_sheet of type minecraft:item
[13Jan2025 22:53:59.835] [modloading-worker-0/DEBUG] [com.tterrag.registrate.AbstractRegistrate/REGISTRATE.REGISTER]: Captured registration for entry gray_metal_sheet of type minecraft:block
[13Jan2025 22:53:59.835] [modloading-worker-0/DEBUG] [com.tterrag.registrate.AbstractRegistrate/REGISTRATE.REGISTER]: Captured registration for entry gray_metal_sheet_wall of type minecraft:item
[13Jan2025 22:53:59.831] [modloading-worker-0/DEBUG] [net.minecraftforge.fml.javafmlmod.AutomaticEventSubscriber/LOADING]: Attempting to inject @EventBusSubscriber classes into the eventbus for flywheel
[13Jan2025 22:53:59.837] [modloading-worker-0/DEBUG] [com.tterrag.registrate.AbstractRegistrate/REGISTRATE.REGISTER]: Captured registration for entry gray_metal_sheet_wall of type minecraft:block
[13Jan2025 22:53:59.837] [modloading-worker-0/DEBUG] [com.tterrag.registrate.AbstractRegistrate/REGISTRATE.REGISTER]: Captured registration for entry gray_metal_sheet_stairs of type minecraft:item
[13Jan2025 22:53:59.837] [modloading-worker-0/DEBUG] [com.tterrag.registrate.AbstractRegistrate/REGISTRATE.REGISTER]: Captured registration for entry gray_metal_sheet_stairs of type minecraft:block
[13Jan2025 22:53:59.837] [modloading-worker-0/DEBUG] [com.tterrag.registrate.AbstractRegistrate/REGISTRATE.REGISTER]: Captured registration for entry gray_metal_sheet_slab of type minecraft:item
[13Jan2025 22:53:59.837] [modloading-worker-0/DEBUG] [com.tterrag.registrate.AbstractRegistrate/REGISTRATE.REGISTER]: Captured registration for entry gray_metal_sheet_slab of type minecraft:block
[13Jan2025 22:53:59.837] [modloading-worker-0/DEBUG] [com.tterrag.registrate.AbstractRegistrate/REGISTRATE.REGISTER]: Captured registration for entry light_gray_metal_sheet of type minecraft:item
[13Jan2025 22:53:59.842] [modloading-worker-0/DEBUG] [com.tterrag.registrate.AbstractRegistrate/REGISTRATE.REGISTER]: Captured registration for entry light_gray_metal_sheet of type minecraft:block
[13Jan2025 22:53:59.842] [modloading-worker-0/DEBUG] [com.tterrag.registrate.AbstractRegistrate/REGISTRATE.REGISTER]: Captured registration for entry light_gray_metal_sheet_wall of type minecraft:item
[13Jan2025 22:53:59.842] [modloading-worker-0/DEBUG] [com.tterrag.registrate.AbstractRegistrate/REGISTRATE.REGISTER]: Captured registration for entry light_gray_metal_sheet_wall of type minecraft:block
[13Jan2025 22:53:59.842] [modloading-worker-0/DEBUG] [com.tterrag.registrate.AbstractRegistrate/REGISTRATE.REGISTER]: Captured registration for entry light_gray_metal_sheet_stairs of type minecraft:item
[13Jan2025 22:53:59.842] [modloading-worker-0/DEBUG] [com.tterrag.registrate.AbstractRegistrate/REGISTRATE.REGISTER]: Captured registration for entry light_gray_metal_sheet_stairs of type minecraft:block
[13Jan2025 22:53:59.843] [modloading-worker-0/DEBUG] [com.tterrag.registrate.AbstractRegistrate/REGISTRATE.REGISTER]: Captured registration for entry light_gray_metal_sheet_slab of type minecraft:item
[13Jan2025 22:53:59.850] [modloading-worker-0/DEBUG] [com.tterrag.registrate.AbstractRegistrate/REGISTRATE.REGISTER]: Captured registration for entry light_gray_metal_sheet_slab of type minecraft:block
[13Jan2025 22:53:59.850] [modloading-worker-0/DEBUG] [com.tterrag.registrate.AbstractRegistrate/REGISTRATE.REGISTER]: Captured registration for entry brown_metal_sheet of type minecraft:item
[13Jan2025 22:53:59.850] [modloading-worker-0/DEBUG] [com.tterrag.registrate.AbstractRegistrate/REGISTRATE.REGISTER]: Captured registration for entry brown_metal_sheet of type minecraft:block
[13Jan2025 22:53:59.851] [modloading-worker-0/DEBUG] [com.tterrag.registrate.AbstractRegistrate/REGISTRATE.REGISTER]: Captured registration for entry brown_metal_sheet_wall of type minecraft:item
[13Jan2025 22:53:59.854] [modloading-worker-0/DEBUG] [com.tterrag.registrate.AbstractRegistrate/REGISTRATE.REGISTER]: Captured registration for entry brown_metal_sheet_wall of type minecraft:block
[13Jan2025 22:53:59.854] [modloading-worker-0/DEBUG] [com.tterrag.registrate.AbstractRegistrate/REGISTRATE.REGISTER]: Captured registration for entry brown_metal_sheet_stairs of type minecraft:item
[13Jan2025 22:53:59.854] [modloading-worker-0/DEBUG] [com.tterrag.registrate.AbstractRegistrate/REGISTRATE.REGISTER]: Captured registration for entry brown_metal_sheet_stairs of type minecraft:block
[13Jan2025 22:53:59.854] [modloading-worker-0/DEBUG] [com.tterrag.registrate.AbstractRegistrate/REGISTRATE.REGISTER]: Captured registration for entry brown_metal_sheet_slab of type minecraft:item
[13Jan2025 22:53:59.854] [modloading-worker-0/DEBUG] [com.tterrag.registrate.AbstractRegistrate/REGISTRATE.REGISTER]: Captured registration for entry brown_metal_sheet_slab of type minecraft:block
[13Jan2025 22:53:59.854] [modloading-worker-0/DEBUG] [com.tterrag.registrate.AbstractRegistrate/REGISTRATE.REGISTER]: Captured registration for entry cyan_metal_sheet of type minecraft:item
[13Jan2025 22:53:59.855] [modloading-worker-0/DEBUG] [com.tterrag.registrate.AbstractRegistrate/REGISTRATE.REGISTER]: Captured registration for entry cyan_metal_sheet of type minecraft:block
[13Jan2025 22:53:59.855] [modloading-worker-0/DEBUG] [com.tterrag.registrate.AbstractRegistrate/REGISTRATE.REGISTER]: Captured registration for entry cyan_metal_sheet_wall of type minecraft:item
[13Jan2025 22:53:59.855] [modloading-worker-0/DEBUG] [com.tterrag.registrate.AbstractRegistrate/REGISTRATE.REGISTER]: Captured registration for entry cyan_metal_sheet_wall of type minecraft:block
[13Jan2025 22:53:59.855] [modloading-worker-0/DEBUG] [com.tterrag.registrate.AbstractRegistrate/REGISTRATE.REGISTER]: Captured registration for entry cyan_metal_sheet_stairs of type minecraft:item
[13Jan2025 22:53:59.855] [modloading-worker-0/DEBUG] [com.tterrag.registrate.AbstractRegistrate/REGISTRATE.REGISTER]: Captured registration for entry cyan_metal_sheet_stairs of type minecraft:block
[13Jan2025 22:53:59.855] [modloading-worker-0/DEBUG] [com.tterrag.registrate.AbstractRegistrate/REGISTRATE.REGISTER]: Captured registration for entry cyan_metal_sheet_slab of type minecraft:item
[13Jan2025 22:53:59.855] [modloading-worker-0/DEBUG] [com.tterrag.registrate.AbstractRegistrate/REGISTRATE.REGISTER]: Captured registration for entry cyan_metal_sheet_slab of type minecraft:block
[13Jan2025 22:53:59.855] [modloading-worker-0/DEBUG] [com.tterrag.registrate.AbstractRegistrate/REGISTRATE.REGISTER]: Captured registration for entry purple_metal_sheet of type minecraft:item
[13Jan2025 22:53:59.855] [modloading-worker-0/DEBUG] [com.tterrag.registrate.AbstractRegistrate/REGISTRATE.REGISTER]: Captured registration for entry purple_metal_sheet of type minecraft:block
[13Jan2025 22:53:59.855] [modloading-worker-0/DEBUG] [com.tterrag.registrate.AbstractRegistrate/REGISTRATE.REGISTER]: Captured registration for entry purple_metal_sheet_wall of type minecraft:item
[13Jan2025 22:53:59.856] [modloading-worker-0/DEBUG] [com.tterrag.registrate.AbstractRegistrate/REGISTRATE.REGISTER]: Captured registration for entry purple_metal_sheet_wall of type minecraft:block
[13Jan2025 22:53:59.856] [modloading-worker-0/DEBUG] [com.tterrag.registrate.AbstractRegistrate/REGISTRATE.REGISTER]: Captured registration for entry purple_metal_sheet_stairs of type minecraft:item
[13Jan2025 22:53:59.856] [modloading-worker-0/DEBUG] [com.tterrag.registrate.AbstractRegistrate/REGISTRATE.REGISTER]: Captured registration for entry purple_metal_sheet_stairs of type minecraft:block
[13Jan2025 22:53:59.856] [modloading-worker-0/DEBUG] [com.tterrag.registrate.AbstractRegistrate/REGISTRATE.REGISTER]: Captured registration for entry purple_metal_sheet_slab of type minecraft:item
[13Jan2025 22:53:59.856] [modloading-worker-0/DEBUG] [com.tterrag.registrate.AbstractRegistrate/REGISTRATE.REGISTER]: Captured registration for entry purple_metal_sheet_slab of type minecraft:block
[13Jan2025 22:53:59.856] [modloading-worker-0/DEBUG] [com.tterrag.registrate.AbstractRegistrate/REGISTRATE.REGISTER]: Captured registration for entry orange_metal_sheet of type minecraft:item
[13Jan2025 22:53:59.856] [modloading-worker-0/DEBUG] [com.tterrag.registrate.AbstractRegistrate/REGISTRATE.REGISTER]: Captured registration for entry orange_metal_sheet of type minecraft:block
[13Jan2025 22:53:59.856] [modloading-worker-0/DEBUG] [com.tterrag.registrate.AbstractRegistrate/REGISTRATE.REGISTER]: Captured registration for entry orange_metal_sheet_wall of type minecraft:item
[13Jan2025 22:53:59.856] [modloading-worker-0/DEBUG] [com.tterrag.registrate.AbstractRegistrate/REGISTRATE.REGISTER]: Captured registration for entry orange_metal_sheet_wall of type minecraft:block
[13Jan2025 22:53:59.856] [modloading-worker-0/DEBUG] [com.tterrag.registrate.AbstractRegistrate/REGISTRATE.REGISTER]: Captured registration for entry orange_metal_sheet_stairs of type minecraft:item
[13Jan2025 22:53:59.857] [modloading-worker-0/DEBUG] [com.tterrag.registrate.AbstractRegistrate/REGISTRATE.REGISTER]: Captured registration for entry orange_metal_sheet_stairs of type minecraft:block
[13Jan2025 22:53:59.857] [modloading-worker-0/DEBUG] [com.tterrag.registrate.AbstractRegistrate/REGISTRATE.REGISTER]: Captured registration for entry orange_metal_sheet_slab of type minecraft:item
[13Jan2025 22:53:59.857] [modloading-worker-0/DEBUG] [com.tterrag.registrate.AbstractRegistrate/REGISTRATE.REGISTER]: Captured registration for entry orange_metal_sheet_slab of type minecraft:block
[13Jan2025 22:53:59.857] [modloading-worker-0/DEBUG] [com.tterrag.registrate.AbstractRegistrate/REGISTRATE.REGISTER]: Captured registration for entry metal_sheet_wall of type minecraft:item
[13Jan2025 22:53:59.857] [modloading-worker-0/DEBUG] [com.tterrag.registrate.AbstractRegistrate/REGISTRATE.REGISTER]: Captured registration for entry metal_sheet_wall of type minecraft:block
[13Jan2025 22:53:59.877] [modloading-worker-0/DEBUG] [com.tterrag.registrate.AbstractRegistrate/REGISTRATE.REGISTER]: Captured registration for entry metal_sheet_stairs of type minecraft:item
[13Jan2025 22:53:59.879] [modloading-worker-0/DEBUG] [com.tterrag.registrate.AbstractRegistrate/REGISTRATE.REGISTER]: Captured registration for entry metal_sheet_stairs of type minecraft:block
[13Jan2025 22:53:59.879] [modloading-worker-0/DEBUG] [com.tterrag.registrate.AbstractRegistrate/REGISTRATE.REGISTER]: Captured registration for entry metal_sheet of type minecraft:item
[13Jan2025 22:53:59.879] [modloading-worker-0/DEBUG] [com.tterrag.registrate.AbstractRegistrate/REGISTRATE.REGISTER]: Captured registration for entry metal_sheet of type minecraft:block
[13Jan2025 22:53:59.880] [modloading-worker-0/DEBUG] [com.tterrag.registrate.AbstractRegistrate/REGISTRATE.REGISTER]: Captured registration for entry metal_plate_slab of type minecraft:item
[13Jan2025 22:53:59.880] [modloading-worker-0/DEBUG] [com.tterrag.registrate.AbstractRegistrate/REGISTRATE.REGISTER]: Captured registration for entry metal_plate_slab of type minecraft:block
[13Jan2025 22:53:59.881] [modloading-worker-0/DEBUG] [com.tterrag.registrate.AbstractRegistrate/REGISTRATE.REGISTER]: Captured registration for entry metal_sheet_slab of type minecraft:item
[13Jan2025 22:53:59.881] [modloading-worker-0/DEBUG] [com.tterrag.registrate.AbstractRegistrate/REGISTRATE.REGISTER]: Captured registration for entry metal_sheet_slab of type minecraft:block
[13Jan2025 22:53:59.889] [modloading-worker-0/DEBUG] [com.tterrag.registrate.AbstractRegistrate/REGISTRATE.REGISTER]: Captured registration for entry granite_castel_brick_stairs of type minecraft:item
[13Jan2025 22:53:59.889] [modloading-worker-0/DEBUG] [com.tterrag.registrate.AbstractRegistrate/REGISTRATE.REGISTER]: Captured registration for entry granite_castel_brick_stairs of type minecraft:block
[13Jan2025 22:53:59.891] [modloading-worker-0/DEBUG] [com.tterrag.registrate.AbstractRegistrate/REGISTRATE.REGISTER]: Captured registration for entry granite_castel_brick_slab of type minecraft:item
[13Jan2025 22:53:59.891] [modloading-worker-0/DEBUG] [com.tterrag.registrate.AbstractRegistrate/REGISTRATE.REGISTER]: Captured registration for entry granite_castel_brick_slab of type minecraft:block
[13Jan2025 22:53:59.892] [modloading-worker-0/DEBUG] [com.tterrag.registrate.AbstractRegistrate/REGISTRATE.REGISTER]: Captured registration for entry granite_castel_brick_wall of type minecraft:item
[13Jan2025 22:53:59.892] [modloading-worker-0/DEBUG] [com.tterrag.registrate.AbstractRegistrate/REGISTRATE.REGISTER]: Captured registration for entry granite_castel_brick_wall of type minecraft:block
[13Jan2025 22:53:59.898] [modloading-worker-0/DEBUG] [com.tterrag.registrate.AbstractRegistrate/REGISTRATE.REGISTER]: Captured registration for entry granite_castel_bricks of type minecraft:item
[13Jan2025 22:53:59.898] [modloading-worker-0/DEBUG] [com.tterrag.registrate.AbstractRegistrate/REGISTRATE.REGISTER]: Captured registration for entry granite_castel_bricks of type minecraft:block
[13Jan2025 22:53:59.898] [modloading-worker-0/DEBUG] [com.tterrag.registrate.AbstractRegistrate/REGISTRATE.REGISTER]: Captured registration for entry diorite_castel_brick_stairs of type minecraft:item
[13Jan2025 22:53:59.899] [modloading-worker-0/DEBUG] [com.tterrag.registrate.AbstractRegistrate/REGISTRATE.REGISTER]: Captured registration for entry diorite_castel_brick_stairs of type minecraft:block
[13Jan2025 22:53:59.899] [modloading-worker-0/DEBUG] [com.tterrag.registrate.AbstractRegistrate/REGISTRATE.REGISTER]: Captured registration for entry diorite_castel_brick_slab of type minecraft:item
[13Jan2025 22:53:59.899] [modloading-worker-0/DEBUG] [com.tterrag.registrate.AbstractRegistrate/REGISTRATE.REGISTER]: Captured registration for entry diorite_castel_brick_slab of type minecraft:block
[13Jan2025 22:53:59.899] [modloading-worker-0/DEBUG] [com.tterrag.registrate.AbstractRegistrate/REGISTRATE.REGISTER]: Captured registration for entry diorite_castel_brick_wall of type minecraft:item
[13Jan2025 22:53:59.899] [modloading-worker-0/DEBUG] [com.tterrag.registrate.AbstractRegistrate/REGISTRATE.REGISTER]: Captured registration for entry diorite_castel_brick_wall of type minecraft:block
[13Jan2025 22:53:59.899] [modloading-worker-0/DEBUG] [com.tterrag.registrate.AbstractRegistrate/REGISTRATE.REGISTER]: Captured registration for entry diorite_castel_bricks of type minecraft:item
[13Jan2025 22:53:59.899] [modloading-worker-0/DEBUG] [com.tterrag.registrate.AbstractRegistrate/REGISTRATE.REGISTER]: Captured registration for entry diorite_castel_bricks of type minecraft:block
[13Jan2025 22:53:59.900] [modloading-worker-0/DEBUG] [com.tterrag.registrate.AbstractRegistrate/REGISTRATE.REGISTER]: Captured registration for entry andesite_castel_brick_stairs of type minecraft:item
[13Jan2025 22:53:59.900] [modloading-worker-0/DEBUG] [com.tterrag.registrate.AbstractRegistrate/REGISTRATE.REGISTER]: Captured registration for entry andesite_castel_brick_stairs of type minecraft:block
[13Jan2025 22:53:59.900] [modloading-worker-0/DEBUG] [com.tterrag.registrate.AbstractRegistrate/REGISTRATE.REGISTER]: Captured registration for entry andesite_castel_brick_slab of type minecraft:item
[13Jan2025 22:53:59.900] [modloading-worker-0/DEBUG] [com.tterrag.registrate.AbstractRegistrate/REGISTRATE.REGISTER]: Captured registration for entry andesite_castel_brick_slab of type minecraft:block
[13Jan2025 22:53:59.900] [modloading-worker-0/DEBUG] [com.tterrag.registrate.AbstractRegistrate/REGISTRATE.REGISTER]: Captured registration for entry andesite_castel_brick_wall of type minecraft:item
[13Jan2025 22:53:59.900] [modloading-worker-0/DEBUG] [com.tterrag.registrate.AbstractRegistrate/REGISTRATE.REGISTER]: Captured registration for entry andesite_castel_brick_wall of type minecraft:block
[13Jan2025 22:53:59.901] [modloading-worker-0/DEBUG] [com.tterrag.registrate.AbstractRegistrate/REGISTRATE.REGISTER]: Captured registration for entry andesite_castel_bricks of type minecraft:item
[13Jan2025 22:53:59.901] [modloading-worker-0/DEBUG] [com.tterrag.registrate.AbstractRegistrate/REGISTRATE.REGISTER]: Captured registration for entry andesite_castel_bricks of type minecraft:block
[13Jan2025 22:53:59.901] [modloading-worker-0/DEBUG] [com.tterrag.registrate.AbstractRegistrate/REGISTRATE.REGISTER]: Captured registration for entry calcite_castel_brick_stairs of type minecraft:item
[13Jan2025 22:53:59.901] [modloading-worker-0/DEBUG] [com.tterrag.registrate.AbstractRegistrate/REGISTRATE.REGISTER]: Captured registration for entry calcite_castel_brick_stairs of type minecraft:block
[13Jan2025 22:53:59.901] [modloading-worker-0/DEBUG] [com.tterrag.registrate.AbstractRegistrate/REGISTRATE.REGISTER]: Captured registration for entry calcite_castel_brick_slab of type minecraft:item
[13Jan2025 22:53:59.901] [modloading-worker-0/DEBUG] [com.tterrag.registrate.AbstractRegistrate/REGISTRATE.REGISTER]: Captured registration for entry calcite_castel_brick_slab of type minecraft:block
[13Jan2025 22:53:59.901] [modloading-worker-0/DEBUG] [com.tterrag.registrate.AbstractRegistrate/REGISTRATE.REGISTER]: Captured registration for entry calcite_castel_brick_wall of type minecraft:item
[13Jan2025 22:53:59.902] [modloading-worker-0/DEBUG] [com.tterrag.registrate.AbstractRegistrate/REGISTRATE.REGISTER]: Captured registration for entry calcite_castel_brick_wall of type minecraft:block
[13Jan2025 22:53:59.902] [modloading-worker-0/DEBUG] [com.tterrag.registrate.AbstractRegistrate/REGISTRATE.REGISTER]: Captured registration for entry calcite_castel_bricks of type minecraft:item
[13Jan2025 22:53:59.902] [modloading-worker-0/DEBUG] [com.tterrag.registrate.AbstractRegistrate/REGISTRATE.REGISTER]: Captured registration for entry calcite_castel_bricks of type minecraft:block
[13Jan2025 22:53:59.902] [modloading-worker-0/DEBUG] [com.tterrag.registrate.AbstractRegistrate/REGISTRATE.REGISTER]: Captured registration for entry dripstone_castel_brick_stairs of type minecraft:item
[13Jan2025 22:53:59.902] [modloading-worker-0/DEBUG] [com.tterrag.registrate.AbstractRegistrate/REGISTRATE.REGISTER]: Captured registration for entry dripstone_castel_brick_stairs of type minecraft:block
[13Jan2025 22:53:59.902] [modloading-worker-0/DEBUG] [com.tterrag.registrate.AbstractRegistrate/REGISTRATE.REGISTER]: Captured registration for entry dripstone_castel_brick_slab of type minecraft:item
[13Jan2025 22:53:59.903] [modloading-worker-0/DEBUG] [com.tterrag.registrate.AbstractRegistrate/REGISTRATE.REGISTER]: Captured registration for entry dripstone_castel_brick_slab of type minecraft:block
[13Jan2025 22:53:59.903] [modloading-worker-0/DEBUG] [com.tterrag.registrate.AbstractRegistrate/REGISTRATE.REGISTER]: Captured registration for entry dripstone_castel_brick_wall of type minecraft:item
[13Jan2025 22:53:59.903] [modloading-worker-0/DEBUG] [com.tterrag.registrate.AbstractRegistrate/REGISTRATE.REGISTER]: Captured registration for entry dripstone_castel_brick_wall of type minecraft:block
[13Jan2025 22:53:59.903] [modloading-worker-0/DEBUG] [com.tterrag.registrate.AbstractRegistrate/REGISTRATE.REGISTER]: Captured registration for entry dripstone_castel_bricks of type minecraft:item
[13Jan2025 22:53:59.903] [modloading-worker-0/DEBUG] [com.tterrag.registrate.AbstractRegistrate/REGISTRATE.REGISTER]: Captured registration for entry dripstone_castel_bricks of type minecraft:block
[13Jan2025 22:53:59.903] [modloading-worker-0/DEBUG] [com.tterrag.registrate.AbstractRegistrate/REGISTRATE.REGISTER]: Captured registration for entry deepslate_castel_brick_stairs of type minecraft:item
[13Jan2025 22:53:59.903] [modloading-worker-0/DEBUG] [com.tterrag.registrate.AbstractRegistrate/REGISTRATE.REGISTER]: Captured registration for entry deepslate_castel_brick_stairs of type minecraft:block
[13Jan2025 22:53:59.904] [modloading-worker-0/DEBUG] [com.tterrag.registrate.AbstractRegistrate/REGISTRATE.REGISTER]: Captured registration for entry deepslate_castel_brick_slab of type minecraft:item
[13Jan2025 22:53:59.904] [modloading-worker-0/DEBUG] [com.tterrag.registrate.AbstractRegistrate/REGISTRATE.REGISTER]: Captured registration for entry deepslate_castel_brick_slab of type minecraft:block
[13Jan2025 22:53:59.904] [modloading-worker-0/DEBUG] [com.tterrag.registrate.AbstractRegistrate/REGISTRATE.REGISTER]: Captured registration for entry deepslate_castel_brick_wall of type minecraft:item
[13Jan2025 22:53:59.904] [modloading-worker-0/DEBUG] [com.tterrag.registrate.AbstractRegistrate/REGISTRATE.REGISTER]: Captured registration for entry deepslate_castel_brick_wall of type minecraft:block
[13Jan2025 22:53:59.904] [modloading-worker-0/DEBUG] [com.tterrag.registrate.AbstractRegistrate/REGISTRATE.REGISTER]: Captured registration for entry deepslate_castel_bricks of type minecraft:item
[13Jan2025 22:53:59.904] [modloading-worker-0/DEBUG] [com.tterrag.registrate.AbstractRegistrate/REGISTRATE.REGISTER]: Captured registration for entry deepslate_castel_bricks of type minecraft:block
[13Jan2025 22:53:59.905] [modloading-worker-0/DEBUG] [com.tterrag.registrate.AbstractRegistrate/REGISTRATE.REGISTER]: Captured registration for entry tuff_castel_brick_stairs of type minecraft:item
[13Jan2025 22:53:59.905] [modloading-worker-0/DEBUG] [com.tterrag.registrate.AbstractRegistrate/REGISTRATE.REGISTER]: Captured registration for entry tuff_castel_brick_stairs of type minecraft:block
[13Jan2025 22:53:59.905] [modloading-worker-0/DEBUG] [com.tterrag.registrate.AbstractRegistrate/REGISTRATE.REGISTER]: Captured registration for entry tuff_castel_brick_slab of type minecraft:item
[13Jan2025 22:53:59.905] [modloading-worker-0/DEBUG] [com.tterrag.registrate.AbstractRegistrate/REGISTRATE.REGISTER]: Captured registration for entry tuff_castel_brick_slab of type minecraft:block
[13Jan2025 22:53:59.905] [modloading-worker-0/DEBUG] [com.tterrag.registrate.AbstractRegistrate/REGISTRATE.REGISTER]: Captured registration for entry tuff_castel_brick_wall of type minecraft:item
[13Jan2025 22:53:59.905] [modloading-worker-0/DEBUG] [com.tterrag.registrate.AbstractRegistrate/REGISTRATE.REGISTER]: Captured registration for entry tuff_castel_brick_wall of type minecraft:block
[13Jan2025 22:53:59.905] [modloading-worker-0/DEBUG] [com.tterrag.registrate.AbstractRegistrate/REGISTRATE.REGISTER]: Captured registration for entry tuff_castel_bricks of type minecraft:item
[13Jan2025 22:53:59.906] [modloading-worker-0/DEBUG] [com.tterrag.registrate.AbstractRegistrate/REGISTRATE.REGISTER]: Captured registration for entry tuff_castel_bricks of type minecraft:block
[13Jan2025 22:53:59.907] [modloading-worker-0/DEBUG] [com.tterrag.registrate.AbstractRegistrate/REGISTRATE.REGISTER]: Captured registration for entry asurine_castel_brick_stairs of type minecraft:item
[13Jan2025 22:53:59.907] [modloading-worker-0/DEBUG] [com.tterrag.registrate.AbstractRegistrate/REGISTRATE.REGISTER]: Captured registration for entry asurine_castel_brick_stairs of type minecraft:block
[13Jan2025 22:53:59.908] [modloading-worker-0/DEBUG] [com.tterrag.registrate.AbstractRegistrate/REGISTRATE.REGISTER]: Captured registration for entry asurine_castel_brick_slab of type minecraft:item
[13Jan2025 22:53:59.908] [modloading-worker-0/DEBUG] [com.tterrag.registrate.AbstractRegistrate/REGISTRATE.REGISTER]: Captured registration for entry asurine_castel_brick_slab of type minecraft:block
[13Jan2025 22:53:59.910] [modloading-worker-0/DEBUG] [com.tterrag.registrate.AbstractRegistrate/REGISTRATE.REGISTER]: Captured registration for entry asurine_castel_brick_wall of type minecraft:item
[13Jan2025 22:53:59.910] [modloading-worker-0/DEBUG] [com.tterrag.registrate.AbstractRegistrate/REGISTRATE.REGISTER]: Captured registration for entry asurine_castel_brick_wall of type minecraft:block
[13Jan2025 22:53:59.911] [modloading-worker-0/DEBUG] [com.tterrag.registrate.AbstractRegistrate/REGISTRATE.REGISTER]: Captured registration for entry asurine_castel_bricks of type minecraft:item
[13Jan2025 22:53:59.911] [modloading-worker-0/DEBUG] [com.tterrag.registrate.AbstractRegistrate/REGISTRATE.REGISTER]: Captured registration for entry asurine_castel_bricks of type minecraft:block
[13Jan2025 22:53:59.911] [modloading-worker-0/DEBUG] [com.tterrag.registrate.AbstractRegistrate/REGISTRATE.REGISTER]: Captured registration for entry crimsite_castel_brick_stairs of type minecraft:item
[13Jan2025 22:53:59.912] [modloading-worker-0/DEBUG] [com.tterrag.registrate.AbstractRegistrate/REGISTRATE.REGISTER]: Captured registration for entry crimsite_castel_brick_stairs of type minecraft:block
[13Jan2025 22:53:59.912] [modloading-worker-0/DEBUG] [com.tterrag.registrate.AbstractRegistrate/REGISTRATE.REGISTER]: Captured registration for entry crimsite_castel_brick_slab of type minecraft:item
[13Jan2025 22:53:59.912] [modloading-worker-0/DEBUG] [com.tterrag.registrate.AbstractRegistrate/REGISTRATE.REGISTER]: Captured registration for entry crimsite_castel_brick_slab of type minecraft:block
[13Jan2025 22:53:59.912] [modloading-worker-0/DEBUG] [com.tterrag.registrate.AbstractRegistrate/REGISTRATE.REGISTER]: Captured registration for entry crimsite_castel_brick_wall of type minecraft:item
[13Jan2025 22:53:59.912] [modloading-worker-0/DEBUG] [com.tterrag.registrate.AbstractRegistrate/REGISTRATE.REGISTER]: Captured registration for entry crimsite_castel_brick_wall of type minecraft:block
[13Jan2025 22:53:59.913] [modloading-worker-0/DEBUG] [com.tterrag.registrate.AbstractRegistrate/REGISTRATE.REGISTER]: Captured registration for entry crimsite_castel_bricks of type minecraft:item
[13Jan2025 22:53:59.913] [modloading-worker-0/DEBUG] [com.tterrag.registrate.AbstractRegistrate/REGISTRATE.REGISTER]: Captured registration for entry crimsite_castel_bricks of type minecraft:block
[13Jan2025 22:53:59.914] [modloading-worker-0/DEBUG] [com.tterrag.registrate.AbstractRegistrate/REGISTRATE.REGISTER]: Captured registration for entry limestone_castel_brick_stairs of type minecraft:item
[13Jan2025 22:53:59.914] [modloading-worker-0/DEBUG] [com.tterrag.registrate.AbstractRegistrate/REGISTRATE.REGISTER]: Captured registration for entry limestone_castel_brick_stairs of type minecraft:block
[13Jan2025 22:53:59.914] [modloading-worker-0/DEBUG] [com.tterrag.registrate.AbstractRegistrate/REGISTRATE.REGISTER]: Captured registration for entry limestone_castel_brick_slab of type minecraft:item
[13Jan2025 22:53:59.914] [modloading-worker-0/DEBUG] [com.tterrag.registrate.AbstractRegistrate/REGISTRATE.REGISTER]: Captured registration for entry limestone_castel_brick_slab of type minecraft:block
[13Jan2025 22:53:59.914] [modloading-worker-0/DEBUG] [com.tterrag.registrate.AbstractRegistrate/REGISTRATE.REGISTER]: Captured registration for entry limestone_castel_brick_wall of type minecraft:item
[13Jan2025 22:53:59.914] [modloading-worker-0/DEBUG] [com.tterrag.registrate.AbstractRegistrate/REGISTRATE.REGISTER]: Captured registration for entry limestone_castel_brick_wall of type minecraft:block
[13Jan2025 22:53:59.915] [modloading-worker-0/DEBUG] [com.tterrag.registrate.AbstractRegistrate/REGISTRATE.REGISTER]: Captured registration for entry limestone_castel_bricks of type minecraft:item
[13Jan2025 22:53:59.915] [modloading-worker-0/DEBUG] [com.tterrag.registrate.AbstractRegistrate/REGISTRATE.REGISTER]: Captured registration for entry limestone_castel_bricks of type minecraft:block
[13Jan2025 22:53:59.916] [modloading-worker-0/DEBUG] [com.tterrag.registrate.AbstractRegistrate/REGISTRATE.REGISTER]: Captured registration for entry ochrum_castel_brick_stairs of type minecraft:item
[13Jan2025 22:53:59.916] [modloading-worker-0/DEBUG] [com.tterrag.registrate.AbstractRegistrate/REGISTRATE.REGISTER]: Captured registration for entry ochrum_castel_brick_stairs of type minecraft:block
[13Jan2025 22:53:59.916] [modloading-worker-0/DEBUG] [com.tterrag.registrate.AbstractRegistrate/REGISTRATE.REGISTER]: Captured registration for entry ochrum_castel_brick_slab of type minecraft:item
[13Jan2025 22:53:59.916] [modloading-worker-0/DEBUG] [com.tterrag.registrate.AbstractRegistrate/REGISTRATE.REGISTER]: Captured registration for entry ochrum_castel_brick_slab of type minecraft:block
[13Jan2025 22:53:59.916] [modloading-worker-0/DEBUG] [com.tterrag.registrate.AbstractRegistrate/REGISTRATE.REGISTER]: Captured registration for entry ochrum_castel_brick_wall of type minecraft:item
[13Jan2025 22:53:59.916] [modloading-worker-0/DEBUG] [com.tterrag.registrate.AbstractRegistrate/REGISTRATE.REGISTER]: Captured registration for entry ochrum_castel_brick_wall of type minecraft:block
[13Jan2025 22:53:59.916] [modloading-worker-0/DEBUG] [com.tterrag.registrate.AbstractRegistrate/REGISTRATE.REGISTER]: Captured registration for entry ochrum_castel_bricks of type minecraft:item
[13Jan2025 22:53:59.917] [modloading-worker-0/DEBUG] [com.tterrag.registrate.AbstractRegistrate/REGISTRATE.REGISTER]: Captured registration for entry ochrum_castel_bricks of type minecraft:block
[13Jan2025 22:53:59.917] [modloading-worker-0/DEBUG] [com.tterrag.registrate.AbstractRegistrate/REGISTRATE.REGISTER]: Captured registration for entry scoria_castel_brick_stairs of type minecraft:item
[13Jan2025 22:53:59.917] [modloading-worker-0/DEBUG] [com.tterrag.registrate.AbstractRegistrate/REGISTRATE.REGISTER]: Captured registration for entry scoria_castel_brick_stairs of type minecraft:block
[13Jan2025 22:53:59.917] [modloading-worker-0/DEBUG] [com.tterrag.registrate.AbstractRegistrate/REGISTRATE.REGISTER]: Captured registration for entry scoria_castel_brick_slab of type minecraft:item
[13Jan2025 22:53:59.917] [modloading-worker-0/DEBUG] [com.tterrag.registrate.AbstractRegistrate/REGISTRATE.REGISTER]: Captured registration for entry scoria_castel_brick_slab of type minecraft:block
[13Jan2025 22:53:59.917] [modloading-worker-0/DEBUG] [com.tterrag.registrate.AbstractRegistrate/REGISTRATE.REGISTER]: Captured registration for entry scoria_castel_brick_wall of type minecraft:item
[13Jan2025 22:53:59.917] [modloading-worker-0/DEBUG] [com.tterrag.registrate.AbstractRegistrate/REGISTRATE.REGISTER]: Captured registration for entry scoria_castel_brick_wall of type minecraft:block
[13Jan2025 22:53:59.918] [modloading-worker-0/DEBUG] [com.tterrag.registrate.AbstractRegistrate/REGISTRATE.REGISTER]: Captured registration for entry scoria_castel_bricks of type minecraft:item
[13Jan2025 22:53:59.918] [modloading-worker-0/DEBUG] [com.tterrag.registrate.AbstractRegistrate/REGISTRATE.REGISTER]: Captured registration for entry scoria_castel_bricks of type minecraft:block
[13Jan2025 22:53:59.918] [modloading-worker-0/DEBUG] [com.tterrag.registrate.AbstractRegistrate/REGISTRATE.REGISTER]: Captured registration for entry scorchia_castel_brick_stairs of type minecraft:item
[13Jan2025 22:53:59.918] [modloading-worker-0/DEBUG] [com.tterrag.registrate.AbstractRegistrate/REGISTRATE.REGISTER]: Captured registration for entry scorchia_castel_brick_stairs of type minecraft:block
[13Jan2025 22:53:59.919] [modloading-worker-0/DEBUG] [com.tterrag.registrate.AbstractRegistrate/REGISTRATE.REGISTER]: Captured registration for entry scorchia_castel_brick_slab of type minecraft:item
[13Jan2025 22:53:59.920] [modloading-worker-0/DEBUG] [com.tterrag.registrate.AbstractRegistrate/REGISTRATE.REGISTER]: Captured registration for entry scorchia_castel_brick_slab of type minecraft:block
[13Jan2025 22:53:59.920] [modloading-worker-0/DEBUG] [com.tterrag.registrate.AbstractRegistrate/REGISTRATE.REGISTER]: Captured registration for entry scorchia_castel_brick_wall of type minecraft:item
[13Jan2025 22:53:59.923] [modloading-worker-0/DEBUG] [com.tterrag.registrate.AbstractRegistrate/REGISTRATE.REGISTER]: Captured registration for entry scorchia_castel_brick_wall of type minecraft:block
[13Jan2025 22:53:59.923] [modloading-worker-0/DEBUG] [com.tterrag.registrate.AbstractRegistrate/REGISTRATE.REGISTER]: Captured registration for entry scorchia_castel_bricks of type minecraft:item
[13Jan2025 22:53:59.923] [modloading-worker-0/DEBUG] [com.tterrag.registrate.AbstractRegistrate/REGISTRATE.REGISTER]: Captured registration for entry scorchia_castel_bricks of type minecraft:block
[13Jan2025 22:53:59.923] [modloading-worker-0/DEBUG] [com.tterrag.registrate.AbstractRegistrate/REGISTRATE.REGISTER]: Captured registration for entry veridium_castel_brick_stairs of type minecraft:item
[13Jan2025 22:53:59.924] [modloading-worker-0/DEBUG] [com.tterrag.registrate.AbstractRegistrate/REGISTRATE.REGISTER]: Captured registration for entry veridium_castel_brick_stairs of type minecraft:block
[13Jan2025 22:53:59.924] [modloading-worker-0/DEBUG] [com.tterrag.registrate.AbstractRegistrate/REGISTRATE.REGISTER]: Captured registration for entry veridium_castel_brick_slab of type minecraft:item
[13Jan2025 22:53:59.928] [modloading-worker-0/DEBUG] [com.tterrag.registrate.AbstractRegistrate/REGISTRATE.REGISTER]: Captured registration for entry veridium_castel_brick_slab of type minecraft:block
[13Jan2025 22:53:59.928] [modloading-worker-0/DEBUG] [com.tterrag.registrate.AbstractRegistrate/REGISTRATE.REGISTER]: Captured registration for entry veridium_castel_brick_wall of type minecraft:item
[13Jan2025 22:53:59.928] [modloading-worker-0/DEBUG] [com.tterrag.registrate.AbstractRegistrate/REGISTRATE.REGISTER]: Captured registration for entry veridium_castel_brick_wall of type minecraft:block
[13Jan2025 22:53:59.928] [modloading-worker-0/DEBUG] [com.tterrag.registrate.AbstractRegistrate/REGISTRATE.REGISTER]: Captured registration for entry veridium_castel_bricks of type minecraft:item
[13Jan2025 22:53:59.928] [modloading-worker-0/DEBUG] [com.tterrag.registrate.AbstractRegistrate/REGISTRATE.REGISTER]: Captured registration for entry veridium_castel_bricks of type minecraft:block
[13Jan2025 22:53:59.930] [modloading-worker-0/DEBUG] [com.tterrag.registrate.AbstractRegistrate/REGISTRATE.REGISTER]: Captured registration for entry granite_castel_tile_stairs of type minecraft:item
[13Jan2025 22:53:59.930] [modloading-worker-0/DEBUG] [com.tterrag.registrate.AbstractRegistrate/REGISTRATE.REGISTER]: Captured registration for entry granite_castel_tile_stairs of type minecraft:block
[13Jan2025 22:53:59.935] [modloading-worker-0/DEBUG] [com.tterrag.registrate.AbstractRegistrate/REGISTRATE.REGISTER]: Captured registration for entry granite_castel_tile_slab of type minecraft:item
[13Jan2025 22:53:59.935] [modloading-worker-0/DEBUG] [com.tterrag.registrate.AbstractRegistrate/REGISTRATE.REGISTER]: Captured registration for entry granite_castel_tile_slab of type minecraft:block
[13Jan2025 22:53:59.936] [modloading-worker-0/DEBUG] [com.tterrag.registrate.AbstractRegistrate/REGISTRATE.REGISTER]: Captured registration for entry granite_castel_tile_wall of type minecraft:item
[13Jan2025 22:53:59.936] [modloading-worker-0/DEBUG] [com.tterrag.registrate.AbstractRegistrate/REGISTRATE.REGISTER]: Captured registration for entry granite_castel_tile_wall of type minecraft:block
[13Jan2025 22:53:59.937] [modloading-worker-0/DEBUG] [com.tterrag.registrate.AbstractRegistrate/REGISTRATE.REGISTER]: Captured registration for entry granite_castel_tiles of type minecraft:item
[13Jan2025 22:53:59.937] [modloading-worker-0/DEBUG] [com.tterrag.registrate.AbstractRegistrate/REGISTRATE.REGISTER]: Captured registration for entry granite_castel_tiles of type minecraft:block
[13Jan2025 22:53:59.937] [modloading-worker-0/DEBUG] [com.tterrag.registrate.AbstractRegistrate/REGISTRATE.REGISTER]: Captured registration for entry diorite_castel_tile_stairs of type minecraft:item
[13Jan2025 22:53:59.937] [modloading-worker-0/DEBUG] [com.tterrag.registrate.AbstractRegistrate/REGISTRATE.REGISTER]: Captured registration for entry diorite_castel_tile_stairs of type minecraft:block
[13Jan2025 22:53:59.937] [modloading-worker-0/DEBUG] [com.tterrag.registrate.AbstractRegistrate/REGISTRATE.REGISTER]: Captured registration for entry diorite_castel_tile_slab of type minecraft:item
[13Jan2025 22:53:59.937] [modloading-worker-0/DEBUG] [com.tterrag.registrate.AbstractRegistrate/REGISTRATE.REGISTER]: Captured registration for entry diorite_castel_tile_slab of type minecraft:block
[13Jan2025 22:53:59.937] [modloading-worker-0/DEBUG] [com.tterrag.registrate.AbstractRegistrate/REGISTRATE.REGISTER]: Captured registration for entry diorite_castel_tile_wall of type minecraft:item
[13Jan2025 22:53:59.937] [modloading-worker-0/DEBUG] [com.tterrag.registrate.AbstractRegistrate/REGISTRATE.REGISTER]: Captured registration for entry diorite_castel_tile_wall of type minecraft:block
[13Jan2025 22:53:59.937] [modloading-worker-0/DEBUG] [com.tterrag.registrate.AbstractRegistrate/REGISTRATE.REGISTER]: Captured registration for entry diorite_castel_tiles of type minecraft:item
[13Jan2025 22:53:59.937] [modloading-worker-0/DEBUG] [com.tterrag.registrate.AbstractRegistrate/REGISTRATE.REGISTER]: Captured registration for entry diorite_castel_tiles of type minecraft:block
[13Jan2025 22:53:59.938] [modloading-worker-0/DEBUG] [com.tterrag.registrate.AbstractRegistrate/REGISTRATE.REGISTER]: Captured registration for entry andesite_castel_tile_stairs of type minecraft:item
[13Jan2025 22:53:59.945] [modloading-worker-0/DEBUG] [com.tterrag.registrate.AbstractRegistrate/REGISTRATE.REGISTER]: Captured registration for entry andesite_castel_tile_stairs of type minecraft:block
[13Jan2025 22:53:59.946] [modloading-worker-0/DEBUG] [com.tterrag.registrate.AbstractRegistrate/REGISTRATE.REGISTER]: Captured registration for entry andesite_castel_tile_slab of type minecraft:item
[13Jan2025 22:53:59.946] [modloading-worker-0/DEBUG] [com.tterrag.registrate.AbstractRegistrate/REGISTRATE.REGISTER]: Captured registration for entry andesite_castel_tile_slab of type minecraft:block
[13Jan2025 22:53:59.946] [modloading-worker-0/DEBUG] [com.tterrag.registrate.AbstractRegistrate/REGISTRATE.REGISTER]: Captured registration for entry andesite_castel_tile_wall of type minecraft:item
[13Jan2025 22:53:59.946] [modloading-worker-0/DEBUG] [com.tterrag.registrate.AbstractRegistrate/REGISTRATE.REGISTER]: Captured registration for entry andesite_castel_tile_wall of type minecraft:block
[13Jan2025 22:53:59.946] [modloading-worker-0/DEBUG] [com.tterrag.registrate.AbstractRegistrate/REGISTRATE.REGISTER]: Captured registration for entry andesite_castel_tiles of type minecraft:item
[13Jan2025 22:53:59.946] [modloading-worker-0/DEBUG] [com.tterrag.registrate.AbstractRegistrate/REGISTRATE.REGISTER]: Captured registration for entry andesite_castel_tiles of type minecraft:block
[13Jan2025 22:53:59.946] [modloading-worker-0/DEBUG] [com.tterrag.registrate.AbstractRegistrate/REGISTRATE.REGISTER]: Captured registration for entry calcite_castel_tile_stairs of type minecraft:item
[13Jan2025 22:53:59.947] [modloading-worker-0/DEBUG] [com.tterrag.registrate.AbstractRegistrate/REGISTRATE.REGISTER]: Captured registration for entry calcite_castel_tile_stairs of type minecraft:block
[13Jan2025 22:53:59.947] [modloading-worker-0/DEBUG] [com.tterrag.registrate.AbstractRegistrate/REGISTRATE.REGISTER]: Captured registration for entry calcite_castel_tile_slab of type minecraft:item
[13Jan2025 22:53:59.947] [modloading-worker-0/DEBUG] [com.tterrag.registrate.AbstractRegistrate/REGISTRATE.REGISTER]: Captured registration for entry calcite_castel_tile_slab of type minecraft:block
[13Jan2025 22:53:59.947] [modloading-worker-0/DEBUG] [com.tterrag.registrate.AbstractRegistrate/REGISTRATE.REGISTER]: Captured registration for entry calcite_castel_tile_wall of type minecraft:item
[13Jan2025 22:53:59.947] [modloading-worker-0/DEBUG] [com.tterrag.registrate.AbstractRegistrate/REGISTRATE.REGISTER]: Captured registration for entry calcite_castel_tile_wall of type minecraft:block
[13Jan2025 22:53:59.947] [modloading-worker-0/DEBUG] [com.tterrag.registrate.AbstractRegistrate/REGISTRATE.REGISTER]: Captured registration for entry calcite_castel_tiles of type minecraft:item
[13Jan2025 22:53:59.947] [modloading-worker-0/DEBUG] [com.tterrag.registrate.AbstractRegistrate/REGISTRATE.REGISTER]: Captured registration for entry calcite_castel_tiles of type minecraft:block
[13Jan2025 22:53:59.951] [modloading-worker-0/DEBUG] [com.tterrag.registrate.AbstractRegistrate/REGISTRATE.REGISTER]: Captured registration for entry dripstone_castel_tile_stairs of type minecraft:item
[13Jan2025 22:53:59.951] [modloading-worker-0/DEBUG] [com.tterrag.registrate.AbstractRegistrate/REGISTRATE.REGISTER]: Captured registration for entry dripstone_castel_tile_stairs of type minecraft:block
[13Jan2025 22:53:59.951] [modloading-worker-0/DEBUG] [com.tterrag.registrate.AbstractRegistrate/REGISTRATE.REGISTER]: Captured registration for entry dripstone_castel_tile_slab of type minecraft:item
[13Jan2025 22:53:59.951] [modloading-worker-0/DEBUG] [com.tterrag.registrate.AbstractRegistrate/REGISTRATE.REGISTER]: Captured registration for entry dripstone_castel_tile_slab of type minecraft:block
[13Jan2025 22:53:59.952] [modloading-worker-0/DEBUG] [com.tterrag.registrate.AbstractRegistrate/REGISTRATE.REGISTER]: Captured registration for entry dripstone_castel_tile_wall of type minecraft:item
[13Jan2025 22:53:59.952] [modloading-worker-0/DEBUG] [com.tterrag.registrate.AbstractRegistrate/REGISTRATE.REGISTER]: Captured registration for entry dripstone_castel_tile_wall of type minecraft:block
[13Jan2025 22:53:59.952] [modloading-worker-0/DEBUG] [com.tterrag.registrate.AbstractRegistrate/REGISTRATE.REGISTER]: Captured registration for entry dripstone_castel_tiles of type minecraft:item
[13Jan2025 22:53:59.952] [modloading-worker-0/DEBUG] [com.tterrag.registrate.AbstractRegistrate/REGISTRATE.REGISTER]: Captured registration for entry dripstone_castel_tiles of type minecraft:block
[13Jan2025 22:53:59.952] [modloading-worker-0/DEBUG] [com.tterrag.registrate.AbstractRegistrate/REGISTRATE.REGISTER]: Captured registration for entry deepslate_castel_tile_stairs of type minecraft:item
[13Jan2025 22:53:59.952] [modloading-worker-0/DEBUG] [com.tterrag.registrate.AbstractRegistrate/REGISTRATE.REGISTER]: Captured registration for entry deepslate_castel_tile_stairs of type minecraft:block
[13Jan2025 22:53:59.952] [modloading-worker-0/DEBUG] [com.tterrag.registrate.AbstractRegistrate/REGISTRATE.REGISTER]: Captured registration for entry deepslate_castel_tile_slab of type minecraft:item
[13Jan2025 22:53:59.953] [modloading-worker-0/DEBUG] [com.tterrag.registrate.AbstractRegistrate/REGISTRATE.REGISTER]: Captured registration for entry deepslate_castel_tile_slab of type minecraft:block
[13Jan2025 22:53:59.953] [modloading-worker-0/DEBUG] [com.tterrag.registrate.AbstractRegistrate/REGISTRATE.REGISTER]: Captured registration for entry deepslate_castel_tile_wall of type minecraft:item
[13Jan2025 22:53:59.953] [modloading-worker-0/DEBUG] [com.tterrag.registrate.AbstractRegistrate/REGISTRATE.REGISTER]: Captured registration for entry deepslate_castel_tile_wall of type minecraft:block
[13Jan2025 22:53:59.953] [modloading-worker-0/DEBUG] [com.tterrag.registrate.AbstractRegistrate/REGISTRATE.REGISTER]: Captured registration for entry deepslate_castel_tiles of type minecraft:item
[13Jan2025 22:53:59.953] [modloading-worker-0/DEBUG] [com.tterrag.registrate.AbstractRegistrate/REGISTRATE.REGISTER]: Captured registration for entry deepslate_castel_tiles of type minecraft:block
[13Jan2025 22:53:59.953] [modloading-worker-0/DEBUG] [com.tterrag.registrate.AbstractRegistrate/REGISTRATE.REGISTER]: Captured registration for entry tuff_castel_tile_stairs of type minecraft:item
[13Jan2025 22:53:59.953] [modloading-worker-0/DEBUG] [com.tterrag.registrate.AbstractRegistrate/REGISTRATE.REGISTER]: Captured registration for entry tuff_castel_tile_stairs of type minecraft:block
[13Jan2025 22:53:59.954] [modloading-worker-0/DEBUG] [com.tterrag.registrate.AbstractRegistrate/REGISTRATE.REGISTER]: Captured registration for entry tuff_castel_tile_slab of type minecraft:item
[13Jan2025 22:53:59.954] [modloading-worker-0/DEBUG] [com.tterrag.registrate.AbstractRegistrate/REGISTRATE.REGISTER]: Captured registration for entry tuff_castel_tile_slab of type minecraft:block
[13Jan2025 22:53:59.954] [modloading-worker-0/DEBUG] [com.tterrag.registrate.AbstractRegistrate/REGISTRATE.REGISTER]: Captured registration for entry tuff_castel_tile_wall of type minecraft:item
[13Jan2025 22:53:59.954] [modloading-worker-0/DEBUG] [com.tterrag.registrate.AbstractRegistrate/REGISTRATE.REGISTER]: Captured registration for entry tuff_castel_tile_wall of type minecraft:block
[13Jan2025 22:53:59.954] [modloading-worker-0/DEBUG] [com.tterrag.registrate.AbstractRegistrate/REGISTRATE.REGISTER]: Captured registration for entry tuff_castel_tiles of type minecraft:item
[13Jan2025 22:53:59.954] [modloading-worker-0/DEBUG] [com.tterrag.registrate.AbstractRegistrate/REGISTRATE.REGISTER]: Captured registration for entry tuff_castel_tiles of type minecraft:block
[13Jan2025 22:53:59.956] [modloading-worker-0/DEBUG] [com.tterrag.registrate.AbstractRegistrate/REGISTRATE.REGISTER]: Captured registration for entry asurine_castel_tile_stairs of type minecraft:item
[13Jan2025 22:53:59.956] [modloading-worker-0/DEBUG] [com.tterrag.registrate.AbstractRegistrate/REGISTRATE.REGISTER]: Captured registration for entry asurine_castel_tile_stairs of type minecraft:block
[13Jan2025 22:53:59.957] [modloading-worker-0/DEBUG] [com.tterrag.registrate.AbstractRegistrate/REGISTRATE.REGISTER]: Captured registration for entry asurine_castel_tile_slab of type minecraft:item
[13Jan2025 22:53:59.958] [modloading-worker-0/DEBUG] [com.tterrag.registrate.AbstractRegistrate/REGISTRATE.REGISTER]: Captured registration for entry asurine_castel_tile_slab of type minecraft:block
[13Jan2025 22:53:59.959] [modloading-worker-0/DEBUG] [com.tterrag.registrate.AbstractRegistrate/REGISTRATE.REGISTER]: Captured registration for entry asurine_castel_tile_wall of type minecraft:item
[13Jan2025 22:53:59.959] [modloading-worker-0/DEBUG] [com.tterrag.registrate.AbstractRegistrate/REGISTRATE.REGISTER]: Captured registration for entry asurine_castel_tile_wall of type minecraft:block
[13Jan2025 22:53:59.960] [modloading-worker-0/DEBUG] [com.tterrag.registrate.AbstractRegistrate/REGISTRATE.REGISTER]: Captured registration for entry asurine_castel_tiles of type minecraft:item
[13Jan2025 22:53:59.960] [modloading-worker-0/DEBUG] [com.tterrag.registrate.AbstractRegistrate/REGISTRATE.REGISTER]: Captured registration for entry asurine_castel_tiles of type minecraft:block
[13Jan2025 22:53:59.960] [modloading-worker-0/DEBUG] [com.tterrag.registrate.AbstractRegistrate/REGISTRATE.REGISTER]: Captured registration for entry crimsite_castel_tile_stairs of type minecraft:item
[13Jan2025 22:53:59.960] [modloading-worker-0/DEBUG] [com.tterrag.registrate.AbstractRegistrate/REGISTRATE.REGISTER]: Captured registration for entry crimsite_castel_tile_stairs of type minecraft:block
[13Jan2025 22:53:59.960] [modloading-worker-0/DEBUG] [com.tterrag.registrate.AbstractRegistrate/REGISTRATE.REGISTER]: Captured registration for entry crimsite_castel_tile_slab of type minecraft:item
[13Jan2025 22:53:59.960] [modloading-worker-0/DEBUG] [com.tterrag.registrate.AbstractRegistrate/REGISTRATE.REGISTER]: Captured registration for entry crimsite_castel_tile_slab of type minecraft:block
[13Jan2025 22:53:59.960] [modloading-worker-0/DEBUG] [com.tterrag.registrate.AbstractRegistrate/REGISTRATE.REGISTER]: Captured registration for entry crimsite_castel_tile_wall of type minecraft:item
[13Jan2025 22:53:59.961] [modloading-worker-0/DEBUG] [com.tterrag.registrate.AbstractRegistrate/REGISTRATE.REGISTER]: Captured registration for entry crimsite_castel_tile_wall of type minecraft:block
[13Jan2025 22:53:59.961] [modloading-worker-0/DEBUG] [com.tterrag.registrate.AbstractRegistrate/REGISTRATE.REGISTER]: Captured registration for entry crimsite_castel_tiles of type minecraft:item
[13Jan2025 22:53:59.961] [modloading-worker-0/DEBUG] [com.tterrag.registrate.AbstractRegistrate/REGISTRATE.REGISTER]: Captured registration for entry crimsite_castel_tiles of type minecraft:block
[13Jan2025 22:53:59.961] [modloading-worker-0/DEBUG] [com.tterrag.registrate.AbstractRegistrate/REGISTRATE.REGISTER]: Captured registration for entry limestone_castel_tile_stairs of type minecraft:item
[13Jan2025 22:53:59.961] [modloading-worker-0/DEBUG] [com.tterrag.registrate.AbstractRegistrate/REGISTRATE.REGISTER]: Captured registration for entry limestone_castel_tile_stairs of type minecraft:block
[13Jan2025 22:53:59.962] [modloading-worker-0/DEBUG] [com.tterrag.registrate.AbstractRegistrate/REGISTRATE.REGISTER]: Captured registration for entry limestone_castel_tile_slab of type minecraft:item
[13Jan2025 22:53:59.965] [modloading-worker-0/DEBUG] [com.tterrag.registrate.AbstractRegistrate/REGISTRATE.REGISTER]: Captured registration for entry limestone_castel_tile_slab of type minecraft:block
[13Jan2025 22:53:59.965] [modloading-worker-0/DEBUG] [com.tterrag.registrate.AbstractRegistrate/REGISTRATE.REGISTER]: Captured registration for entry limestone_castel_tile_wall of type minecraft:item
[13Jan2025 22:53:59.965] [modloading-worker-0/DEBUG] [com.tterrag.registrate.AbstractRegistrate/REGISTRATE.REGISTER]: Captured registration for entry limestone_castel_tile_wall of type minecraft:block
[13Jan2025 22:53:59.965] [modloading-worker-0/DEBUG] [com.tterrag.registrate.AbstractRegistrate/REGISTRATE.REGISTER]: Captured registration for entry limestone_castel_tiles of type minecraft:item
[13Jan2025 22:53:59.966] [modloading-worker-0/DEBUG] [com.tterrag.registrate.AbstractRegistrate/REGISTRATE.REGISTER]: Captured registration for entry limestone_castel_tiles of type minecraft:block
[13Jan2025 22:53:59.966] [modloading-worker-0/DEBUG] [com.tterrag.registrate.AbstractRegistrate/REGISTRATE.REGISTER]: Captured registration for entry ochrum_castel_tile_stairs of type minecraft:item
[13Jan2025 22:53:59.966] [modloading-worker-0/DEBUG] [com.tterrag.registrate.AbstractRegistrate/REGISTRATE.REGISTER]: Captured registration for entry ochrum_castel_tile_stairs of type minecraft:block
[13Jan2025 22:53:59.966] [modloading-worker-0/DEBUG] [com.tterrag.registrate.AbstractRegistrate/REGISTRATE.REGISTER]: Captured registration for entry ochrum_castel_tile_slab of type minecraft:item
[13Jan2025 22:53:59.966] [modloading-worker-0/DEBUG] [com.tterrag.registrate.AbstractRegistrate/REGISTRATE.REGISTER]: Captured registration for entry ochrum_castel_tile_slab of type minecraft:block
[13Jan2025 22:53:59.966] [modloading-worker-0/DEBUG] [com.tterrag.registrate.AbstractRegistrate/REGISTRATE.REGISTER]: Captured registration for entry ochrum_castel_tile_wall of type minecraft:item
[13Jan2025 22:53:59.966] [modloading-worker-0/DEBUG] [com.tterrag.registrate.AbstractRegistrate/REGISTRATE.REGISTER]: Captured registration for entry ochrum_castel_tile_wall of type minecraft:block
[13Jan2025 22:53:59.966] [modloading-worker-0/DEBUG] [com.tterrag.registrate.AbstractRegistrate/REGISTRATE.REGISTER]: Captured registration for entry ochrum_castel_tiles of type minecraft:item
[13Jan2025 22:53:59.966] [modloading-worker-0/DEBUG] [com.tterrag.registrate.AbstractRegistrate/REGISTRATE.REGISTER]: Captured registration for entry ochrum_castel_tiles of type minecraft:block
[13Jan2025 22:53:59.966] [modloading-worker-0/DEBUG] [com.tterrag.registrate.AbstractRegistrate/REGISTRATE.REGISTER]: Captured registration for entry scoria_castel_tile_stairs of type minecraft:item
[13Jan2025 22:53:59.967] [modloading-worker-0/DEBUG] [com.tterrag.registrate.AbstractRegistrate/REGISTRATE.REGISTER]: Captured registration for entry scoria_castel_tile_stairs of type minecraft:block
[13Jan2025 22:53:59.967] [modloading-worker-0/DEBUG] [com.tterrag.registrate.AbstractRegistrate/REGISTRATE.REGISTER]: Captured registration for entry scoria_castel_tile_slab of type minecraft:item
[13Jan2025 22:53:59.967] [modloading-worker-0/DEBUG] [com.tterrag.registrate.AbstractRegistrate/REGISTRATE.REGISTER]: Captured registration for entry scoria_castel_tile_slab of type minecraft:block
[13Jan2025 22:53:59.967] [modloading-worker-0/DEBUG] [com.tterrag.registrate.AbstractRegistrate/REGISTRATE.REGISTER]: Captured registration for entry scoria_castel_tile_wall of type minecraft:item
[13Jan2025 22:53:59.967] [modloading-worker-0/DEBUG] [com.tterrag.registrate.AbstractRegistrate/REGISTRATE.REGISTER]: Captured registration for entry scoria_castel_tile_wall of type minecraft:block
[13Jan2025 22:53:59.967] [modloading-worker-0/DEBUG] [com.tterrag.registrate.AbstractRegistrate/REGISTRATE.REGISTER]: Captured registration for entry scoria_castel_tiles of type minecraft:item
[13Jan2025 22:53:59.967] [modloading-worker-0/DEBUG] [com.tterrag.registrate.AbstractRegistrate/REGISTRATE.REGISTER]: Captured registration for entry scoria_castel_tiles of type minecraft:block
[13Jan2025 22:53:59.967] [modloading-worker-0/DEBUG] [com.tterrag.registrate.AbstractRegistrate/REGISTRATE.REGISTER]: Captured registration for entry scorchia_castel_tile_stairs of type minecraft:item
[13Jan2025 22:53:59.967] [modloading-worker-0/DEBUG] [com.tterrag.registrate.AbstractRegistrate/REGISTRATE.REGISTER]: Captured registration for entry scorchia_castel_tile_stairs of type minecraft:block
[13Jan2025 22:53:59.967] [modloading-worker-0/DEBUG] [com.tterrag.registrate.AbstractRegistrate/REGISTRATE.REGISTER]: Captured registration for entry scorchia_castel_tile_slab of type minecraft:item
[13Jan2025 22:53:59.968] [modloading-worker-0/DEBUG] [com.tterrag.registrate.AbstractRegistrate/REGISTRATE.REGISTER]: Captured registration for entry scorchia_castel_tile_slab of type minecraft:block
[13Jan2025 22:53:59.968] [modloading-worker-0/DEBUG] [com.tterrag.registrate.AbstractRegistrate/REGISTRATE.REGISTER]: Captured registration for entry scorchia_castel_tile_wall of type minecraft:item
[13Jan2025 22:53:59.968] [modloading-worker-0/DEBUG] [com.tterrag.registrate.AbstractRegistrate/REGISTRATE.REGISTER]: Captured registration for entry scorchia_castel_tile_wall of type minecraft:block
[13Jan2025 22:53:59.968] [modloading-worker-0/DEBUG] [com.tterrag.registrate.AbstractRegistrate/REGISTRATE.REGISTER]: Captured registration for entry scorchia_castel_tiles of type minecraft:item
[13Jan2025 22:53:59.968] [modloading-worker-0/DEBUG] [com.tterrag.registrate.AbstractRegistrate/REGISTRATE.REGISTER]: Captured registration for entry scorchia_castel_tiles of type minecraft:block
[13Jan2025 22:53:59.968] [modloading-worker-0/DEBUG] [com.tterrag.registrate.AbstractRegistrate/REGISTRATE.REGISTER]: Captured registration for entry veridium_castel_tile_stairs of type minecraft:item
[13Jan2025 22:53:59.968] [modloading-worker-0/DEBUG] [com.tterrag.registrate.AbstractRegistrate/REGISTRATE.REGISTER]: Captured registration for entry veridium_castel_tile_stairs of type minecraft:block
[13Jan2025 22:53:59.968] [modloading-worker-0/DEBUG] [com.tterrag.registrate.AbstractRegistrate/REGISTRATE.REGISTER]: Captured registration for entry veridium_castel_tile_slab of type minecraft:item
[13Jan2025 22:53:59.968] [modloading-worker-0/DEBUG] [com.tterrag.registrate.AbstractRegistrate/REGISTRATE.REGISTER]: Captured registration for entry veridium_castel_tile_slab of type minecraft:block
[13Jan2025 22:53:59.969] [modloading-worker-0/DEBUG] [com.tterrag.registrate.AbstractRegistrate/REGISTRATE.REGISTER]: Captured registration for entry veridium_castel_tile_wall of type minecraft:item
[13Jan2025 22:53:59.969] [modloading-worker-0/DEBUG] [com.tterrag.registrate.AbstractRegistrate/REGISTRATE.REGISTER]: Captured registration for entry veridium_castel_tile_wall of type minecraft:block
[13Jan2025 22:53:59.969] [modloading-worker-0/DEBUG] [com.tterrag.registrate.AbstractRegistrate/REGISTRATE.REGISTER]: Captured registration for entry veridium_castel_tiles of type minecraft:item
[13Jan2025 22:53:59.969] [modloading-worker-0/DEBUG] [com.tterrag.registrate.AbstractRegistrate/REGISTRATE.REGISTER]: Captured registration for entry veridium_castel_tiles of type minecraft:block
[13Jan2025 22:53:59.970] [modloading-worker-0/DEBUG] [com.tterrag.registrate.AbstractRegistrate/REGISTRATE.REGISTER]: Captured registration for entry cardboard_sheet of type minecraft:item
[13Jan2025 22:53:59.974] [modloading-worker-0/DEBUG] [com.tterrag.registrate.AbstractRegistrate/REGISTRATE.REGISTER]: Captured registration for entry schematicannon of type minecraft:item
[13Jan2025 22:53:59.976] [modloading-worker-0/DEBUG] [com.tterrag.registrate.AbstractRegistrate/REGISTRATE.REGISTER]: Captured registration for entry schematicannon of type minecraft:block
[13Jan2025 22:53:59.976] [modloading-worker-0/DEBUG] [net.minecraftforge.fml.javafmlmod.AutomaticEventSubscriber/LOADING]: Attempting to inject @EventBusSubscriber classes into the eventbus for zombie_island
[13Jan2025 22:53:59.976] [modloading-worker-0/DEBUG] [net.minecraftforge.fml.javafmlmod.AutomaticEventSubscriber/LOADING]: Auto-subscribing zombie_island.init.ZombieIslandModEntities to MOD
[13Jan2025 22:53:59.977] [modloading-worker-0/DEBUG] [com.tterrag.registrate.AbstractRegistrate/REGISTRATE.REGISTER]: Captured registration for entry schematic_table of type minecraft:item
[13Jan2025 22:53:59.977] [modloading-worker-0/DEBUG] [com.tterrag.registrate.AbstractRegistrate/REGISTRATE.REGISTER]: Captured registration for entry schematic_table of type minecraft:block
[13Jan2025 22:53:59.978] [modloading-worker-0/DEBUG] [net.minecraftforge.fml.javafmlmod.AutomaticEventSubscriber/LOADING]: Auto-subscribing zombie_island.init.EntityAnimationFactory to FORGE
[13Jan2025 22:53:59.979] [modloading-worker-0/DEBUG] [com.tterrag.registrate.AbstractRegistrate/REGISTRATE.REGISTER]: Captured registration for entry shaft of type minecraft:item
[13Jan2025 22:53:59.979] [modloading-worker-0/DEBUG] [com.tterrag.registrate.AbstractRegistrate/REGISTRATE.REGISTER]: Captured registration for entry shaft of type minecraft:block
[13Jan2025 22:53:59.980] [modloading-worker-0/ERROR] [net.minecraftforge.fml.loading.RuntimeDistCleaner/DISTXFORM]: Attempted to load class net/minecraft/client/gui/screens/Screen for invalid dist DEDICATED_SERVER
[13Jan2025 22:53:59.982] [modloading-worker-0/DEBUG] [com.tterrag.registrate.AbstractRegistrate/REGISTRATE.REGISTER]: Captured registration for entry cogwheel of type minecraft:item
[13Jan2025 22:53:59.982] [modloading-worker-0/DEBUG] [com.tterrag.registrate.AbstractRegistrate/REGISTRATE.REGISTER]: Captured registration for entry cogwheel of type minecraft:block
[13Jan2025 22:53:59.981] [modloading-worker-0/ERROR] [net.minecraftforge.fml.javafmlmod.FMLModContainer/LOADING]: Failed to create mod instance. ModID: oculus, class net.irisshaders.iris.Iris
java.lang.RuntimeException: Attempted to load class net/minecraft/client/gui/screens/Screen for invalid dist DEDICATED_SERVER
	at net.minecraftforge.fml.loading.RuntimeDistCleaner.processClassWithFlags(RuntimeDistCleaner.java:57) ~[fmlloader-1.20.1-47.3.7.jar%2369!/:1.0]
	at cpw.mods.modlauncher.LaunchPluginHandler.offerClassNodeToPlugins(LaunchPluginHandler.java:88) ~[modlauncher-10.0.9.jar%2355!/:?]
	at cpw.mods.modlauncher.ClassTransformer.transform(ClassTransformer.java:120) ~[modlauncher-10.0.9.jar%2355!/:?]
	at cpw.mods.modlauncher.TransformingClassLoader.maybeTransformClassBytes(TransformingClassLoader.java:50) ~[modlauncher-10.0.9.jar%2355!/:?]
	at cpw.mods.cl.ModuleClassLoader.readerToClass(ModuleClassLoader.java:113) ~[securejarhandler-2.1.10.jar:?]
	at cpw.mods.cl.ModuleClassLoader.lambda$findClass$15(ModuleClassLoader.java:219) ~[securejarhandler-2.1.10.jar:?]
	at cpw.mods.cl.ModuleClassLoader.loadFromModule(ModuleClassLoader.java:229) ~[securejarhandler-2.1.10.jar:?]
	at cpw.mods.cl.ModuleClassLoader.findClass(ModuleClassLoader.java:219) ~[securejarhandler-2.1.10.jar:?]
	at cpw.mods.cl.ModuleClassLoader.loadClass(ModuleClassLoader.java:135) ~[securejarhandler-2.1.10.jar:?]
	at java.lang.ClassLoader.loadClass(ClassLoader.java:525) ~[?:?]
	at java.lang.Class.getDeclaredConstructors0(Native Method) ~[?:?]
	at java.lang.Class.privateGetDeclaredConstructors(Class.java:3373) ~[?:?]
	at java.lang.Class.getConstructor0(Class.java:3578) ~[?:?]
	at java.lang.Class.getDeclaredConstructor(Class.java:2754) ~[?:?]
	at net.minecraftforge.fml.javafmlmod.FMLModContainer.constructMod(FMLModContainer.java:70) ~[javafmllanguage-1.20.1-47.3.7.jar%23209!/:?]
	at net.minecraftforge.fml.ModContainer.lambda$buildTransitionHandler$4(ModContainer.java:124) ~[fmlcore-1.20.1-47.3.7.jar%23208!/:?]
	at java.util.concurrent.CompletableFuture$AsyncRun.run(CompletableFuture.java:1804) ~[?:?]
	at java.util.concurrent.CompletableFuture$AsyncRun.exec(CompletableFuture.java:1796) ~[?:?]
	at java.util.concurrent.ForkJoinTask.doExec(ForkJoinTask.java:373) ~[?:?]
	at java.util.concurrent.ForkJoinPool$WorkQueue.topLevelExec(ForkJoinPool.java:1182) ~[?:?]
	at java.util.concurrent.ForkJoinPool.scan(ForkJoinPool.java:1655) ~[?:?]
	at java.util.concurrent.ForkJoinPool.runWorker(ForkJoinPool.java:1622) ~[?:?]
	at java.util.concurrent.ForkJoinWorkerThread.run(ForkJoinWorkerThread.java:165) ~[?:?]
[13Jan2025 22:53:59.987] [modloading-worker-0/DEBUG] [mixin/]: Mixing create.MixinIHaveGoggleInformation from thirst.mixin.json into com.simibubi.create.content.equipment.goggles.IHaveGoggleInformation
[13Jan2025 22:53:59.991] [modloading-worker-0/DEBUG] [com.tterrag.registrate.AbstractRegistrate/REGISTRATE.REGISTER]: Captured registration for entry large_cogwheel of type minecraft:item
[13Jan2025 22:53:59.992] [modloading-worker-0/DEBUG] [com.tterrag.registrate.AbstractRegistrate/REGISTRATE.REGISTER]: Captured registration for entry large_cogwheel of type minecraft:block
[13Jan2025 22:54:00.002] [modloading-worker-0/DEBUG] [com.tterrag.registrate.AbstractRegistrate/REGISTRATE.REGISTER]: Captured registration for entry simple_kinetic_2 of type minecraft:block_entity_type
[13Jan2025 22:54:00.010] [modloading-worker-0/DEBUG] [com.tterrag.registrate.AbstractRegistrate/REGISTRATE.REGISTER]: Captured registration for entry gas_tank of type minecraft:block_entity_type
[13Jan2025 22:54:00.024] [modloading-worker-0/DEBUG] [mixin/]: Mixing ItemStackHandlerMixin from sona.mixins.json into net.minecraftforge.items.ItemStackHandler
[13Jan2025 22:54:00.046] [modloading-worker-0/DEBUG] [net.minecraftforge.fml.config.ConfigTracker/CONFIG]: Config file securitycraft-client.toml for securitycraft tracking
[13Jan2025 22:54:00.049] [modloading-worker-0/DEBUG] [net.minecraftforge.fml.config.ConfigTracker/CONFIG]: Config file securitycraft-server.toml for securitycraft tracking
[13Jan2025 22:54:00.048] [modloading-worker-0/DEBUG] [com.tterrag.registrate.AbstractRegistrate/REGISTRATE.REGISTER]: Captured registration for entry red_container of type minecraft:block_entity_type
[13Jan2025 22:54:00.065] [modloading-worker-0/DEBUG] [com.tterrag.registrate.AbstractRegistrate/REGISTRATE.REGISTER]: Captured registration for entry green_container of type minecraft:block_entity_type
[13Jan2025 22:54:00.065] [modloading-worker-0/DEBUG] [com.tterrag.registrate.AbstractRegistrate/REGISTRATE.REGISTER]: Captured registration for entry andesite_encased_shaft of type minecraft:item
[13Jan2025 22:54:00.066] [modloading-worker-0/DEBUG] [com.tterrag.registrate.AbstractRegistrate/REGISTRATE.REGISTER]: Captured registration for entry blue_container of type minecraft:block_entity_type
[13Jan2025 22:54:00.067] [modloading-worker-0/DEBUG] [com.tterrag.registrate.AbstractRegistrate/REGISTRATE.REGISTER]: Captured registration for entry andesite_encased_shaft of type minecraft:block
[13Jan2025 22:54:00.067] [modloading-worker-0/DEBUG] [com.tterrag.registrate.AbstractRegistrate/REGISTRATE.REGISTER]: Captured registration for entry brass_encased_shaft of type minecraft:item
[13Jan2025 22:54:00.067] [modloading-worker-0/DEBUG] [com.tterrag.registrate.AbstractRegistrate/REGISTRATE.REGISTER]: Captured registration for entry brass_encased_shaft of type minecraft:block
[13Jan2025 22:54:00.069] [modloading-worker-0/DEBUG] [com.tterrag.registrate.AbstractRegistrate/REGISTRATE.REGISTER]: Captured registration for entry andesite_encased_cogwheel of type minecraft:item
[13Jan2025 22:54:00.070] [modloading-worker-0/DEBUG] [com.tterrag.registrate.AbstractRegistrate/REGISTRATE.REGISTER]: Captured registration for entry andesite_encased_cogwheel of type minecraft:block
[13Jan2025 22:54:00.070] [modloading-worker-0/DEBUG] [com.tterrag.registrate.AbstractRegistrate/REGISTRATE.REGISTER]: Captured registration for entry brass_encased_cogwheel of type minecraft:item
[13Jan2025 22:54:00.071] [modloading-worker-0/DEBUG] [com.tterrag.registrate.AbstractRegistrate/REGISTRATE.REGISTER]: Captured registration for entry brass_encased_cogwheel of type minecraft:block
[13Jan2025 22:54:00.071] [modloading-worker-0/DEBUG] [com.tterrag.registrate.AbstractRegistrate/REGISTRATE.REGISTER]: Captured registration for entry andesite_encased_large_cogwheel of type minecraft:item
[13Jan2025 22:54:00.072] [modloading-worker-0/DEBUG] [com.tterrag.registrate.AbstractRegistrate/REGISTRATE.REGISTER]: Captured registration for entry andesite_encased_large_cogwheel of type minecraft:block
[13Jan2025 22:54:00.072] [modloading-worker-0/DEBUG] [com.tterrag.registrate.AbstractRegistrate/REGISTRATE.REGISTER]: Captured registration for entry brass_encased_large_cogwheel of type minecraft:item
[13Jan2025 22:54:00.072] [modloading-worker-0/DEBUG] [com.tterrag.registrate.AbstractRegistrate/REGISTRATE.REGISTER]: Captured registration for entry brass_encased_large_cogwheel of type minecraft:block
[13Jan2025 22:54:00.074] [modloading-worker-0/DEBUG] [com.tterrag.registrate.AbstractRegistrate/REGISTRATE.REGISTER]: Captured registration for entry gearbox of type minecraft:item
[13Jan2025 22:54:00.074] [modloading-worker-0/DEBUG] [com.tterrag.registrate.AbstractRegistrate/REGISTRATE.REGISTER]: Captured registration for entry gearbox of type minecraft:block
[13Jan2025 22:54:00.085] [modloading-worker-0/DEBUG] [com.tterrag.registrate.AbstractRegistrate/REGISTRATE.REGISTER]: Captured registration for entry clutch of type minecraft:item
[13Jan2025 22:54:00.085] [modloading-worker-0/DEBUG] [com.tterrag.registrate.AbstractRegistrate/REGISTRATE.REGISTER]: Captured registration for entry clutch of type minecraft:block
[13Jan2025 22:54:00.086] [modloading-worker-0/DEBUG] [com.tterrag.registrate.AbstractRegistrate/REGISTRATE.REGISTER]: Captured registration for entry gearshift of type minecraft:item
[13Jan2025 22:54:00.086] [modloading-worker-0/DEBUG] [com.tterrag.registrate.AbstractRegistrate/REGISTRATE.REGISTER]: Captured registration for entry gearshift of type minecraft:block
[13Jan2025 22:54:00.089] [modloading-worker-0/DEBUG] [com.tterrag.registrate.AbstractRegistrate/REGISTRATE.REGISTER]: Captured registration for entry encased_chain_drive of type minecraft:item
[13Jan2025 22:54:00.089] [modloading-worker-0/DEBUG] [com.tterrag.registrate.AbstractRegistrate/REGISTRATE.REGISTER]: Captured registration for entry encased_chain_drive of type minecraft:block
[13Jan2025 22:54:00.091] [modloading-worker-0/DEBUG] [com.tterrag.registrate.AbstractRegistrate/REGISTRATE.REGISTER]: Captured registration for entry adjustable_chain_gearshift of type minecraft:item
[13Jan2025 22:54:00.091] [modloading-worker-0/DEBUG] [com.tterrag.registrate.AbstractRegistrate/REGISTRATE.REGISTER]: Captured registration for entry adjustable_chain_gearshift of type minecraft:block
[13Jan2025 22:54:00.113] [modloading-worker-0/DEBUG] [com.tterrag.registrate.AbstractRegistrate/REGISTRATE.REGISTER]: Captured registration for entry belt of type minecraft:block
[13Jan2025 22:54:00.128] [modloading-worker-0/DEBUG] [com.tterrag.registrate.AbstractRegistrate/REGISTRATE.REGISTER]: Captured registration for entry creative_motor of type minecraft:item
[13Jan2025 22:54:00.128] [modloading-worker-0/DEBUG] [com.tterrag.registrate.AbstractRegistrate/REGISTRATE.REGISTER]: Captured registration for entry creative_motor of type minecraft:block
[13Jan2025 22:54:00.133] [modloading-worker-0/DEBUG] [com.tterrag.registrate.AbstractRegistrate/REGISTRATE.REGISTER]: Captured registration for entry water_wheel of type minecraft:item
[13Jan2025 22:54:00.133] [modloading-worker-0/DEBUG] [com.tterrag.registrate.AbstractRegistrate/REGISTRATE.REGISTER]: Captured registration for entry water_wheel of type minecraft:block
[13Jan2025 22:54:00.136] [modloading-worker-0/DEBUG] [com.tterrag.registrate.AbstractRegistrate/REGISTRATE.REGISTER]: Captured registration for entry large_water_wheel of type minecraft:item
[13Jan2025 22:54:00.136] [modloading-worker-0/DEBUG] [com.tterrag.registrate.AbstractRegistrate/REGISTRATE.REGISTER]: Captured registration for entry large_water_wheel of type minecraft:block
[13Jan2025 22:54:00.138] [modloading-worker-0/DEBUG] [com.tterrag.registrate.AbstractRegistrate/REGISTRATE.REGISTER]: Captured registration for entry water_wheel_structure of type minecraft:block
[13Jan2025 22:54:00.140] [modloading-worker-0/DEBUG] [com.tterrag.registrate.AbstractRegistrate/REGISTRATE.REGISTER]: Captured registration for entry encased_fan of type minecraft:item
[13Jan2025 22:54:00.140] [modloading-worker-0/DEBUG] [com.tterrag.registrate.AbstractRegistrate/REGISTRATE.REGISTER]: Captured registration for entry encased_fan of type minecraft:block
[13Jan2025 22:54:00.141] [modloading-worker-0/DEBUG] [com.tterrag.registrate.AbstractRegistrate/REGISTRATE.REGISTER]: Captured registration for entry nozzle of type minecraft:item
[13Jan2025 22:54:00.141] [modloading-worker-0/DEBUG] [com.tterrag.registrate.AbstractRegistrate/REGISTRATE.REGISTER]: Captured registration for entry nozzle of type minecraft:block
[13Jan2025 22:54:00.153] [modloading-worker-0/DEBUG] [com.tterrag.registrate.AbstractRegistrate/REGISTRATE.REGISTER]: Captured registration for entry turntable of type minecraft:item
[13Jan2025 22:54:00.154] [modloading-worker-0/DEBUG] [com.tterrag.registrate.AbstractRegistrate/REGISTRATE.REGISTER]: Captured registration for entry turntable of type minecraft:block
[13Jan2025 22:54:00.158] [ForkJoinPool.commonPool-worker-1/INFO] [com.unlikepaladin.pfm.PaladinFurnitureMod/]: [Paladin's Furniture Update Check] New update detected, showing update message!
[13Jan2025 22:54:00.159] [modloading-worker-0/DEBUG] [com.tterrag.registrate.AbstractRegistrate/REGISTRATE.REGISTER]: Captured registration for entry hand_crank of type minecraft:item
[13Jan2025 22:54:00.159] [modloading-worker-0/DEBUG] [com.tterrag.registrate.AbstractRegistrate/REGISTRATE.REGISTER]: Captured registration for entry hand_crank of type minecraft:block
[13Jan2025 22:54:00.161] [modloading-worker-0/DEBUG] [com.tterrag.registrate.AbstractRegistrate/REGISTRATE.REGISTER]: Captured registration for entry cuckoo_clock of type minecraft:item
[13Jan2025 22:54:00.161] [modloading-worker-0/DEBUG] [com.tterrag.registrate.AbstractRegistrate/REGISTRATE.REGISTER]: Captured registration for entry cuckoo_clock of type minecraft:block
[13Jan2025 22:54:00.161] [modloading-worker-0/DEBUG] [com.tterrag.registrate.AbstractRegistrate/REGISTRATE.REGISTER]: Captured registration for entry mysterious_cuckoo_clock of type minecraft:item
[13Jan2025 22:54:00.162] [modloading-worker-0/DEBUG] [com.tterrag.registrate.AbstractRegistrate/REGISTRATE.REGISTER]: Captured registration for entry mysterious_cuckoo_clock of type minecraft:block
[13Jan2025 22:54:00.162] [modloading-worker-0/DEBUG] [com.tterrag.registrate.AbstractRegistrate/REGISTRATE.REGISTER]: Captured registration for entry millstone of type minecraft:item
[13Jan2025 22:54:00.163] [modloading-worker-0/DEBUG] [com.tterrag.registrate.AbstractRegistrate/REGISTRATE.REGISTER]: Captured registration for entry millstone of type minecraft:block
[13Jan2025 22:54:00.163] [modloading-worker-0/DEBUG] [com.tterrag.registrate.AbstractRegistrate/REGISTRATE.REGISTER]: Captured registration for entry crushing_wheel of type minecraft:item
[13Jan2025 22:54:00.164] [modloading-worker-0/DEBUG] [com.tterrag.registrate.AbstractRegistrate/REGISTRATE.REGISTER]: Captured registration for entry crushing_wheel of type minecraft:block
[13Jan2025 22:54:00.164] [modloading-worker-0/DEBUG] [com.tterrag.registrate.AbstractRegistrate/REGISTRATE.REGISTER]: Captured registration for entry crushing_wheel_controller of type minecraft:block
[13Jan2025 22:54:00.180] [modloading-worker-0/DEBUG] [com.tterrag.registrate.AbstractRegistrate/REGISTRATE.REGISTER]: Captured registration for entry mechanical_press of type minecraft:item
[13Jan2025 22:54:00.180] [modloading-worker-0/DEBUG] [com.tterrag.registrate.AbstractRegistrate/REGISTRATE.REGISTER]: Captured registration for entry mechanical_press of type minecraft:block
[13Jan2025 22:54:00.182] [modloading-worker-0/DEBUG] [com.tterrag.registrate.AbstractRegistrate/REGISTRATE.REGISTER]: Captured registration for entry mechanical_mixer of type minecraft:item
[13Jan2025 22:54:00.182] [modloading-worker-0/DEBUG] [com.tterrag.registrate.AbstractRegistrate/REGISTRATE.REGISTER]: Captured registration for entry mechanical_mixer of type minecraft:block
[13Jan2025 22:54:00.189] [modloading-worker-0/DEBUG] [com.tterrag.registrate.AbstractRegistrate/REGISTRATE.REGISTER]: Captured registration for entry basin of type minecraft:item
[13Jan2025 22:54:00.189] [modloading-worker-0/DEBUG] [com.tterrag.registrate.AbstractRegistrate/REGISTRATE.REGISTER]: Captured registration for entry basin of type minecraft:block
[13Jan2025 22:54:00.195] [modloading-worker-0/DEBUG] [com.tterrag.registrate.AbstractRegistrate/REGISTRATE.REGISTER]: Captured registration for entry blaze_burner of type minecraft:item
[13Jan2025 22:54:00.195] [modloading-worker-0/DEBUG] [com.tterrag.registrate.AbstractRegistrate/REGISTRATE.REGISTER]: Captured registration for entry blaze_burner of type minecraft:block
[13Jan2025 22:54:00.196] [modloading-worker-0/DEBUG] [com.tterrag.registrate.AbstractRegistrate/REGISTRATE.REGISTER]: Captured registration for entry lit_blaze_burner of type minecraft:block
[13Jan2025 22:54:00.197] [modloading-worker-0/DEBUG] [com.tterrag.registrate.AbstractRegistrate/REGISTRATE.REGISTER]: Captured registration for entry depot of type minecraft:item
[13Jan2025 22:54:00.198] [modloading-worker-0/DEBUG] [com.tterrag.registrate.AbstractRegistrate/REGISTRATE.REGISTER]: Captured registration for entry depot of type minecraft:block
[13Jan2025 22:54:00.200] [modloading-worker-0/DEBUG] [com.tterrag.registrate.AbstractRegistrate/REGISTRATE.REGISTER]: Captured registration for entry weighted_ejector of type minecraft:item
[13Jan2025 22:54:00.200] [modloading-worker-0/DEBUG] [com.tterrag.registrate.AbstractRegistrate/REGISTRATE.REGISTER]: Captured registration for entry weighted_ejector of type minecraft:block
[13Jan2025 22:54:00.205] [modloading-worker-0/DEBUG] [com.tterrag.registrate.AbstractRegistrate/REGISTRATE.REGISTER]: Captured registration for entry chute of type minecraft:item
[13Jan2025 22:54:00.205] [modloading-worker-0/DEBUG] [com.tterrag.registrate.AbstractRegistrate/REGISTRATE.REGISTER]: Captured registration for entry chute of type minecraft:block
[13Jan2025 22:54:00.207] [modloading-worker-0/DEBUG] [com.tterrag.registrate.AbstractRegistrate/REGISTRATE.REGISTER]: Captured registration for entry smart_chute of type minecraft:item
[13Jan2025 22:54:00.207] [modloading-worker-0/DEBUG] [com.tterrag.registrate.AbstractRegistrate/REGISTRATE.REGISTER]: Captured registration for entry smart_chute of type minecraft:block
[13Jan2025 22:54:00.221] [modloading-worker-0/DEBUG] [com.tterrag.registrate.AbstractRegistrate/REGISTRATE.REGISTER]: Captured registration for entry speedometer of type minecraft:item
[13Jan2025 22:54:00.221] [modloading-worker-0/DEBUG] [com.tterrag.registrate.AbstractRegistrate/REGISTRATE.REGISTER]: Captured registration for entry speedometer of type minecraft:block
[13Jan2025 22:54:00.222] [modloading-worker-0/DEBUG] [com.tterrag.registrate.AbstractRegistrate/REGISTRATE.REGISTER]: Captured registration for entry stressometer of type minecraft:item
[13Jan2025 22:54:00.222] [modloading-worker-0/DEBUG] [com.tterrag.registrate.AbstractRegistrate/REGISTRATE.REGISTER]: Captured registration for entry stressometer of type minecraft:block
[13Jan2025 22:54:00.225] [modloading-worker-0/DEBUG] [com.tterrag.registrate.AbstractRegistrate/REGISTRATE.REGISTER]: Captured registration for entry wooden_bracket of type minecraft:item
[13Jan2025 22:54:00.225] [modloading-worker-0/DEBUG] [com.tterrag.registrate.AbstractRegistrate/REGISTRATE.REGISTER]: Captured registration for entry wooden_bracket of type minecraft:block
[13Jan2025 22:54:00.226] [modloading-worker-0/DEBUG] [com.tterrag.registrate.AbstractRegistrate/REGISTRATE.REGISTER]: Captured registration for entry metal_bracket of type minecraft:item
[13Jan2025 22:54:00.226] [modloading-worker-0/DEBUG] [com.tterrag.registrate.AbstractRegistrate/REGISTRATE.REGISTER]: Captured registration for entry metal_bracket of type minecraft:block
[13Jan2025 22:54:00.233] [modloading-worker-0/DEBUG] [com.tterrag.registrate.AbstractRegistrate/REGISTRATE.REGISTER]: Captured registration for entry fluid_pipe of type minecraft:item
[13Jan2025 22:54:00.233] [modloading-worker-0/DEBUG] [com.tterrag.registrate.AbstractRegistrate/REGISTRATE.REGISTER]: Captured registration for entry fluid_pipe of type minecraft:block
[13Jan2025 22:54:00.242] [modloading-worker-0/DEBUG] [com.tterrag.registrate.AbstractRegistrate/REGISTRATE.REGISTER]: Captured registration for entry encased_fluid_pipe of type minecraft:block
[13Jan2025 22:54:00.244] [modloading-worker-0/DEBUG] [com.tterrag.registrate.AbstractRegistrate/REGISTRATE.REGISTER]: Captured registration for entry glass_fluid_pipe of type minecraft:block
[13Jan2025 22:54:00.245] [modloading-worker-0/DEBUG] [com.tterrag.registrate.AbstractRegistrate/REGISTRATE.REGISTER]: Captured registration for entry mechanical_pump of type minecraft:item
[13Jan2025 22:54:00.246] [modloading-worker-0/DEBUG] [com.tterrag.registrate.AbstractRegistrate/REGISTRATE.REGISTER]: Captured registration for entry mechanical_pump of type minecraft:block
[13Jan2025 22:54:00.248] [modloading-worker-0/DEBUG] [com.tterrag.registrate.AbstractRegistrate/REGISTRATE.REGISTER]: Captured registration for entry smart_fluid_pipe of type minecraft:item
[13Jan2025 22:54:00.248] [modloading-worker-0/DEBUG] [com.tterrag.registrate.AbstractRegistrate/REGISTRATE.REGISTER]: Captured registration for entry smart_fluid_pipe of type minecraft:block
[13Jan2025 22:54:00.249] [modloading-worker-0/DEBUG] [com.tterrag.registrate.AbstractRegistrate/REGISTRATE.REGISTER]: Captured registration for entry fluid_valve of type minecraft:item
[13Jan2025 22:54:00.249] [modloading-worker-0/DEBUG] [com.tterrag.registrate.AbstractRegistrate/REGISTRATE.REGISTER]: Captured registration for entry fluid_valve of type minecraft:block
[13Jan2025 22:54:00.252] [modloading-worker-0/DEBUG] [com.tterrag.registrate.AbstractRegistrate/REGISTRATE.REGISTER]: Captured registration for entry copper_valve_handle of type minecraft:item
[13Jan2025 22:54:00.252] [modloading-worker-0/DEBUG] [com.tterrag.registrate.AbstractRegistrate/REGISTRATE.REGISTER]: Captured registration for entry copper_valve_handle of type minecraft:block
[13Jan2025 22:54:00.253] [modloading-worker-0/DEBUG] [com.tterrag.registrate.AbstractRegistrate/REGISTRATE.REGISTER]: Captured registration for entry white_valve_handle of type minecraft:item
[13Jan2025 22:54:00.254] [modloading-worker-0/DEBUG] [com.tterrag.registrate.AbstractRegistrate/REGISTRATE.REGISTER]: Captured registration for entry white_valve_handle of type minecraft:block
[13Jan2025 22:54:00.254] [modloading-worker-0/DEBUG] [com.tterrag.registrate.AbstractRegistrate/REGISTRATE.REGISTER]: Captured registration for entry orange_valve_handle of type minecraft:item
[13Jan2025 22:54:00.254] [modloading-worker-0/DEBUG] [com.tterrag.registrate.AbstractRegistrate/REGISTRATE.REGISTER]: Captured registration for entry orange_valve_handle of type minecraft:block
[13Jan2025 22:54:00.254] [modloading-worker-0/DEBUG] [com.tterrag.registrate.AbstractRegistrate/REGISTRATE.REGISTER]: Captured registration for entry magenta_valve_handle of type minecraft:item
[13Jan2025 22:54:00.259] [modloading-worker-0/DEBUG] [com.tterrag.registrate.AbstractRegistrate/REGISTRATE.REGISTER]: Captured registration for entry magenta_valve_handle of type minecraft:block
[13Jan2025 22:54:00.259] [modloading-worker-0/DEBUG] [com.tterrag.registrate.AbstractRegistrate/REGISTRATE.REGISTER]: Captured registration for entry light_blue_valve_handle of type minecraft:item
[13Jan2025 22:54:00.259] [modloading-worker-0/DEBUG] [com.tterrag.registrate.AbstractRegistrate/REGISTRATE.REGISTER]: Captured registration for entry light_blue_valve_handle of type minecraft:block
[13Jan2025 22:54:00.259] [modloading-worker-0/DEBUG] [com.tterrag.registrate.AbstractRegistrate/REGISTRATE.REGISTER]: Captured registration for entry yellow_valve_handle of type minecraft:item
[13Jan2025 22:54:00.259] [modloading-worker-0/DEBUG] [com.tterrag.registrate.AbstractRegistrate/REGISTRATE.REGISTER]: Captured registration for entry yellow_valve_handle of type minecraft:block
[13Jan2025 22:54:00.259] [modloading-worker-0/DEBUG] [com.tterrag.registrate.AbstractRegistrate/REGISTRATE.REGISTER]: Captured registration for entry lime_valve_handle of type minecraft:item
[13Jan2025 22:54:00.259] [modloading-worker-0/DEBUG] [com.tterrag.registrate.AbstractRegistrate/REGISTRATE.REGISTER]: Captured registration for entry lime_valve_handle of type minecraft:block
[13Jan2025 22:54:00.260] [modloading-worker-0/DEBUG] [com.tterrag.registrate.AbstractRegistrate/REGISTRATE.REGISTER]: Captured registration for entry pink_valve_handle of type minecraft:item
[13Jan2025 22:54:00.260] [modloading-worker-0/DEBUG] [com.tterrag.registrate.AbstractRegistrate/REGISTRATE.REGISTER]: Captured registration for entry pink_valve_handle of type minecraft:block
[13Jan2025 22:54:00.260] [modloading-worker-0/DEBUG] [com.tterrag.registrate.AbstractRegistrate/REGISTRATE.REGISTER]: Captured registration for entry gray_valve_handle of type minecraft:item
[13Jan2025 22:54:00.260] [modloading-worker-0/DEBUG] [com.tterrag.registrate.AbstractRegistrate/REGISTRATE.REGISTER]: Captured registration for entry gray_valve_handle of type minecraft:block
[13Jan2025 22:54:00.260] [modloading-worker-0/DEBUG] [com.tterrag.registrate.AbstractRegistrate/REGISTRATE.REGISTER]: Captured registration for entry light_gray_valve_handle of type minecraft:item
[13Jan2025 22:54:00.260] [modloading-worker-0/DEBUG] [com.tterrag.registrate.AbstractRegistrate/REGISTRATE.REGISTER]: Captured registration for entry light_gray_valve_handle of type minecraft:block
[13Jan2025 22:54:00.260] [modloading-worker-0/DEBUG] [com.tterrag.registrate.AbstractRegistrate/REGISTRATE.REGISTER]: Captured registration for entry cyan_valve_handle of type minecraft:item
[13Jan2025 22:54:00.260] [modloading-worker-0/DEBUG] [com.tterrag.registrate.AbstractRegistrate/REGISTRATE.REGISTER]: Captured registration for entry cyan_valve_handle of type minecraft:block
[13Jan2025 22:54:00.260] [modloading-worker-0/DEBUG] [com.tterrag.registrate.AbstractRegistrate/REGISTRATE.REGISTER]: Captured registration for entry purple_valve_handle of type minecraft:item
[13Jan2025 22:54:00.260] [modloading-worker-0/DEBUG] [com.tterrag.registrate.AbstractRegistrate/REGISTRATE.REGISTER]: Captured registration for entry purple_valve_handle of type minecraft:block
[13Jan2025 22:54:00.260] [modloading-worker-0/DEBUG] [com.tterrag.registrate.AbstractRegistrate/REGISTRATE.REGISTER]: Captured registration for entry blue_valve_handle of type minecraft:item
[13Jan2025 22:54:00.260] [modloading-worker-0/DEBUG] [com.tterrag.registrate.AbstractRegistrate/REGISTRATE.REGISTER]: Captured registration for entry blue_valve_handle of type minecraft:block
[13Jan2025 22:54:00.260] [modloading-worker-0/DEBUG] [com.tterrag.registrate.AbstractRegistrate/REGISTRATE.REGISTER]: Captured registration for entry brown_valve_handle of type minecraft:item
[13Jan2025 22:54:00.261] [modloading-worker-0/DEBUG] [com.tterrag.registrate.AbstractRegistrate/REGISTRATE.REGISTER]: Captured registration for entry brown_valve_handle of type minecraft:block
[13Jan2025 22:54:00.261] [modloading-worker-0/DEBUG] [com.tterrag.registrate.AbstractRegistrate/REGISTRATE.REGISTER]: Captured registration for entry green_valve_handle of type minecraft:item
[13Jan2025 22:54:00.261] [modloading-worker-0/DEBUG] [com.tterrag.registrate.AbstractRegistrate/REGISTRATE.REGISTER]: Captured registration for entry green_valve_handle of type minecraft:block
[13Jan2025 22:54:00.261] [modloading-worker-0/DEBUG] [com.tterrag.registrate.AbstractRegistrate/REGISTRATE.REGISTER]: Captured registration for entry red_valve_handle of type minecraft:item
[13Jan2025 22:54:00.261] [modloading-worker-0/DEBUG] [com.tterrag.registrate.AbstractRegistrate/REGISTRATE.REGISTER]: Captured registration for entry red_valve_handle of type minecraft:block
[13Jan2025 22:54:00.261] [modloading-worker-0/DEBUG] [com.tterrag.registrate.AbstractRegistrate/REGISTRATE.REGISTER]: Captured registration for entry black_valve_handle of type minecraft:item
[13Jan2025 22:54:00.261] [modloading-worker-0/DEBUG] [com.tterrag.registrate.AbstractRegistrate/REGISTRATE.REGISTER]: Captured registration for entry black_valve_handle of type minecraft:block
[13Jan2025 22:54:00.267] [modloading-worker-0/DEBUG] [com.tterrag.registrate.AbstractRegistrate/REGISTRATE.REGISTER]: Captured registration for entry fluid_tank of type minecraft:item
[13Jan2025 22:54:00.268] [modloading-worker-0/DEBUG] [com.tterrag.registrate.AbstractRegistrate/REGISTRATE.REGISTER]: Captured registration for entry fluid_tank of type minecraft:block
[13Jan2025 22:54:00.276] [modloading-worker-0/DEBUG] [com.tterrag.registrate.AbstractRegistrate/REGISTRATE.REGISTER]: Captured registration for entry creative_fluid_tank of type minecraft:item
[13Jan2025 22:54:00.276] [modloading-worker-0/DEBUG] [com.tterrag.registrate.AbstractRegistrate/REGISTRATE.REGISTER]: Captured registration for entry creative_fluid_tank of type minecraft:block
[13Jan2025 22:54:00.284] [modloading-worker-0/DEBUG] [com.tterrag.registrate.AbstractRegistrate/REGISTRATE.REGISTER]: Captured registration for entry hose_pulley of type minecraft:item
[13Jan2025 22:54:00.285] [modloading-worker-0/DEBUG] [com.tterrag.registrate.AbstractRegistrate/REGISTRATE.REGISTER]: Captured registration for entry hose_pulley of type minecraft:block
[13Jan2025 22:54:00.297] [modloading-worker-0/DEBUG] [com.tterrag.registrate.AbstractRegistrate/REGISTRATE.REGISTER]: Captured registration for entry item_drain of type minecraft:item
[13Jan2025 22:54:00.297] [modloading-worker-0/DEBUG] [com.tterrag.registrate.AbstractRegistrate/REGISTRATE.REGISTER]: Captured registration for entry item_drain of type minecraft:block
[13Jan2025 22:54:00.299] [modloading-worker-0/DEBUG] [com.tterrag.registrate.AbstractRegistrate/REGISTRATE.REGISTER]: Captured registration for entry spout of type minecraft:item
[13Jan2025 22:54:00.299] [modloading-worker-0/DEBUG] [com.tterrag.registrate.AbstractRegistrate/REGISTRATE.REGISTER]: Captured registration for entry spout of type minecraft:block
[13Jan2025 22:54:00.303] [modloading-worker-0/DEBUG] [com.tterrag.registrate.AbstractRegistrate/REGISTRATE.REGISTER]: Captured registration for entry portable_fluid_interface of type minecraft:item
[13Jan2025 22:54:00.303] [modloading-worker-0/DEBUG] [com.tterrag.registrate.AbstractRegistrate/REGISTRATE.REGISTER]: Captured registration for entry portable_fluid_interface of type minecraft:block
[13Jan2025 22:54:00.305] [modloading-worker-0/DEBUG] [com.tterrag.registrate.AbstractRegistrate/REGISTRATE.REGISTER]: Captured registration for entry steam_engine of type minecraft:item
[13Jan2025 22:54:00.305] [modloading-worker-0/DEBUG] [com.tterrag.registrate.AbstractRegistrate/REGISTRATE.REGISTER]: Captured registration for entry steam_engine of type minecraft:block
[13Jan2025 22:54:00.308] [modloading-worker-0/DEBUG] [com.tterrag.registrate.AbstractRegistrate/REGISTRATE.REGISTER]: Captured registration for entry steam_whistle of type minecraft:item
[13Jan2025 22:54:00.308] [modloading-worker-0/DEBUG] [com.tterrag.registrate.AbstractRegistrate/REGISTRATE.REGISTER]: Captured registration for entry steam_whistle of type minecraft:block
[13Jan2025 22:54:00.314] [modloading-worker-0/DEBUG] [net.minecraftforge.fml.javafmlmod.AutomaticEventSubscriber/LOADING]: Attempting to inject @EventBusSubscriber classes into the eventbus for extinction
[13Jan2025 22:54:00.314] [modloading-worker-0/DEBUG] [net.minecraftforge.fml.javafmlmod.AutomaticEventSubscriber/LOADING]: Auto-subscribing net.mcreator.extinction.procedures.RadProcedure to FORGE
[13Jan2025 22:54:00.315] [modloading-worker-0/DEBUG] [net.minecraftforge.fml.javafmlmod.AutomaticEventSubscriber/LOADING]: Auto-subscribing net.mcreator.extinction.init.ExtinctionModVillagerProfessions to MOD
[13Jan2025 22:54:00.316] [modloading-worker-0/DEBUG] [net.minecraftforge.fml.javafmlmod.AutomaticEventSubscriber/LOADING]: Auto-subscribing net.mcreator.extinction.init.ExtinctionModTrades to FORGE
[13Jan2025 22:54:00.318] [modloading-worker-0/DEBUG] [net.minecraftforge.fml.javafmlmod.AutomaticEventSubscriber/LOADING]: Auto-subscribing net.mcreator.extinction.init.ExtinctionModEntities to MOD
[13Jan2025 22:54:00.319] [modloading-worker-0/DEBUG] [net.minecraftforge.fml.javafmlmod.AutomaticEventSubscriber/LOADING]: Auto-subscribing net.mcreator.extinction.init.ExtinctionModCuriosSlots to MOD
[13Jan2025 22:54:00.320] [modloading-worker-0/DEBUG] [net.minecraftforge.fml.javafmlmod.AutomaticEventSubscriber/LOADING]: Auto-subscribing net.mcreator.extinction.init.ExtinctionModCuriosRenderers to MOD
[13Jan2025 22:54:00.323] [modloading-worker-0/DEBUG] [net.minecraftforge.fml.javafmlmod.AutomaticEventSubscriber/LOADING]: Auto-subscribing net.mcreator.extinction.init.ExtinctionModBiomes to FORGE
[13Jan2025 22:54:00.323] [modloading-worker-0/DEBUG] [com.tterrag.registrate.AbstractRegistrate/REGISTRATE.REGISTER]: Captured registration for entry steam_whistle_extension of type minecraft:block
[13Jan2025 22:54:00.325] [modloading-worker-0/DEBUG] [com.tterrag.registrate.AbstractRegistrate/REGISTRATE.REGISTER]: Captured registration for entry powered_shaft of type minecraft:block
[13Jan2025 22:54:00.325] [modloading-worker-0/DEBUG] [net.minecraftforge.fml.javafmlmod.AutomaticEventSubscriber/LOADING]: Auto-subscribing net.mcreator.extinction.init.EntityAnimationFactory to FORGE
[13Jan2025 22:54:00.329] [modloading-worker-0/DEBUG] [net.minecraftforge.fml.javafmlmod.AutomaticEventSubscriber/LOADING]: Auto-subscribing net.mcreator.extinction.block.listener.ClientListener to MOD
[13Jan2025 22:54:00.332] [modloading-worker-0/DEBUG] [com.tterrag.registrate.AbstractRegistrate/REGISTRATE.REGISTER]: Captured registration for entry mechanical_piston of type minecraft:item
[13Jan2025 22:54:00.332] [modloading-worker-0/DEBUG] [com.tterrag.registrate.AbstractRegistrate/REGISTRATE.REGISTER]: Captured registration for entry mechanical_piston of type minecraft:block
[13Jan2025 22:54:00.333] [modloading-worker-0/DEBUG] [com.tterrag.registrate.AbstractRegistrate/REGISTRATE.REGISTER]: Captured registration for entry sticky_mechanical_piston of type minecraft:item
[13Jan2025 22:54:00.333] [modloading-worker-0/DEBUG] [com.tterrag.registrate.AbstractRegistrate/REGISTRATE.REGISTER]: Captured registration for entry sticky_mechanical_piston of type minecraft:block
[13Jan2025 22:54:00.335] [modloading-worker-0/DEBUG] [com.tterrag.registrate.AbstractRegistrate/REGISTRATE.REGISTER]: Captured registration for entry piston_extension_pole of type minecraft:item
[13Jan2025 22:54:00.335] [modloading-worker-0/DEBUG] [com.tterrag.registrate.AbstractRegistrate/REGISTRATE.REGISTER]: Captured registration for entry piston_extension_pole of type minecraft:block
[13Jan2025 22:54:00.336] [modloading-worker-0/DEBUG] [com.tterrag.registrate.AbstractRegistrate/REGISTRATE.REGISTER]: Captured registration for entry mechanical_piston_head of type minecraft:block
[13Jan2025 22:54:00.337] [modloading-worker-0/DEBUG] [com.tterrag.registrate.AbstractRegistrate/REGISTRATE.REGISTER]: Captured registration for entry gantry_carriage of type minecraft:item
[13Jan2025 22:54:00.337] [modloading-worker-0/DEBUG] [com.tterrag.registrate.AbstractRegistrate/REGISTRATE.REGISTER]: Captured registration for entry gantry_carriage of type minecraft:block
[13Jan2025 22:54:00.340] [modloading-worker-0/DEBUG] [com.tterrag.registrate.AbstractRegistrate/REGISTRATE.REGISTER]: Captured registration for entry gantry_shaft of type minecraft:item
[13Jan2025 22:54:00.340] [modloading-worker-0/DEBUG] [com.tterrag.registrate.AbstractRegistrate/REGISTRATE.REGISTER]: Captured registration for entry gantry_shaft of type minecraft:block
[13Jan2025 22:54:00.341] [modloading-worker-0/DEBUG] [com.tterrag.registrate.AbstractRegistrate/REGISTRATE.REGISTER]: Captured registration for entry sand_filter of type minecraft:item
[13Jan2025 22:54:00.341] [modloading-worker-0/DEBUG] [com.tterrag.registrate.AbstractRegistrate/REGISTRATE.REGISTER]: Captured registration for entry sand_filter of type minecraft:block
[13Jan2025 22:54:00.342] [modloading-worker-0/DEBUG] [com.tterrag.registrate.AbstractRegistrate/REGISTRATE.REGISTER]: Captured registration for entry windmill_bearing of type minecraft:item
[13Jan2025 22:54:00.342] [modloading-worker-0/DEBUG] [com.tterrag.registrate.AbstractRegistrate/REGISTRATE.REGISTER]: Captured registration for entry sand_filter of type minecraft:block_entity_type
[13Jan2025 22:54:00.343] [modloading-worker-0/DEBUG] [com.tterrag.registrate.AbstractRegistrate/REGISTRATE.REGISTER]: Captured registration for entry windmill_bearing of type minecraft:block
[13Jan2025 22:54:00.344] [modloading-worker-0/DEBUG] [com.tterrag.registrate.AbstractRegistrate/REGISTRATE.REGISTER]: Captured registration for entry mechanical_bearing of type minecraft:item
[13Jan2025 22:54:00.345] [modloading-worker-0/DEBUG] [com.tterrag.registrate.AbstractRegistrate/REGISTRATE.REGISTER]: Captured registration for entry mechanical_bearing of type minecraft:block
[13Jan2025 22:54:00.346] [modloading-worker-0/DEBUG] [net.minecraftforge.fml.config.ConfigTracker/CONFIG]: Config file thirst/item_settings.toml for thirst tracking
[13Jan2025 22:54:00.346] [modloading-worker-0/DEBUG] [com.tterrag.registrate.AbstractRegistrate/REGISTRATE.REGISTER]: Captured registration for entry clockwork_bearing of type minecraft:item
[13Jan2025 22:54:00.346] [modloading-worker-0/DEBUG] [com.tterrag.registrate.AbstractRegistrate/REGISTRATE.REGISTER]: Captured registration for entry clockwork_bearing of type minecraft:block
[13Jan2025 22:54:00.348] [modloading-worker-0/DEBUG] [net.minecraftforge.fml.config.ConfigTracker/CONFIG]: Config file thirst/common.toml for thirst tracking
[13Jan2025 22:54:00.348] [modloading-worker-0/DEBUG] [com.tterrag.registrate.AbstractRegistrate/REGISTRATE.REGISTER]: Captured registration for entry rope_pulley of type minecraft:item
[13Jan2025 22:54:00.348] [modloading-worker-0/DEBUG] [com.tterrag.registrate.AbstractRegistrate/REGISTRATE.REGISTER]: Captured registration for entry rope_pulley of type minecraft:block
[13Jan2025 22:54:00.348] [modloading-worker-0/DEBUG] [net.minecraftforge.fml.config.ConfigTracker/CONFIG]: Config file thirst/client.toml for thirst tracking
[13Jan2025 22:54:00.349] [modloading-worker-0/DEBUG] [net.minecraftforge.fml.config.ConfigTracker/CONFIG]: Config file thirst/keyword.toml for thirst tracking
[13Jan2025 22:54:00.350] [modloading-worker-0/DEBUG] [net.minecraftforge.fml.javafmlmod.AutomaticEventSubscriber/LOADING]: Attempting to inject @EventBusSubscriber classes into the eventbus for thirst
[13Jan2025 22:54:00.350] [modloading-worker-0/DEBUG] [net.minecraftforge.fml.javafmlmod.AutomaticEventSubscriber/LOADING]: Auto-subscribing dev.ghen.thirst.foundation.util.TickHelper to FORGE
[13Jan2025 22:54:00.350] [modloading-worker-0/DEBUG] [com.tterrag.registrate.AbstractRegistrate/REGISTRATE.REGISTER]: Captured registration for entry rope of type minecraft:block
[13Jan2025 22:54:00.351] [modloading-worker-0/DEBUG] [com.tterrag.registrate.AbstractRegistrate/REGISTRATE.REGISTER]: Captured registration for entry pulley_magnet of type minecraft:block
[13Jan2025 22:54:00.351] [modloading-worker-0/DEBUG] [net.minecraftforge.fml.javafmlmod.AutomaticEventSubscriber/LOADING]: Auto-subscribing dev.ghen.thirst.content.thirst.PlayerThirstManager to FORGE
[13Jan2025 22:54:00.352] [modloading-worker-0/DEBUG] [com.tterrag.registrate.AbstractRegistrate/REGISTRATE.REGISTER]: Captured registration for entry elevator_pulley of type minecraft:item
[13Jan2025 22:54:00.352] [modloading-worker-0/DEBUG] [com.tterrag.registrate.AbstractRegistrate/REGISTRATE.REGISTER]: Captured registration for entry elevator_pulley of type minecraft:block
[13Jan2025 22:54:00.355] [modloading-worker-0/DEBUG] [net.minecraftforge.fml.javafmlmod.AutomaticEventSubscriber/LOADING]: Auto-subscribing dev.ghen.thirst.content.registry.CommandInit to FORGE
[13Jan2025 22:54:00.356] [modloading-worker-0/DEBUG] [net.minecraftforge.fml.javafmlmod.AutomaticEventSubscriber/LOADING]: Auto-subscribing dev.ghen.thirst.content.purity.WaterPurity to FORGE
[13Jan2025 22:54:00.362] [modloading-worker-0/DEBUG] [com.tterrag.registrate.AbstractRegistrate/REGISTRATE.REGISTER]: Captured registration for entry cart_assembler of type minecraft:item
[13Jan2025 22:54:00.362] [modloading-worker-0/DEBUG] [com.tterrag.registrate.AbstractRegistrate/REGISTRATE.REGISTER]: Captured registration for entry cart_assembler of type minecraft:block
[13Jan2025 22:54:00.364] [modloading-worker-0/INFO] [pointblank/]: Loading mod pointblank
[13Jan2025 22:54:00.365] [modloading-worker-0/DEBUG] [com.tterrag.registrate.AbstractRegistrate/REGISTRATE.REGISTER]: Captured registration for entry controller_rail of type minecraft:item
[13Jan2025 22:54:00.365] [modloading-worker-0/DEBUG] [com.tterrag.registrate.AbstractRegistrate/REGISTRATE.REGISTER]: Captured registration for entry controller_rail of type minecraft:block
[13Jan2025 22:54:00.366] [modloading-worker-0/DEBUG] [com.tterrag.registrate.AbstractRegistrate/REGISTRATE.REGISTER]: Captured registration for entry minecart_anchor of type minecraft:block
[13Jan2025 22:54:00.366] [modloading-worker-0/DEBUG] [net.minecraftforge.fml.config.ConfigTracker/CONFIG]: Config file pointblank-common.toml for pointblank tracking
[13Jan2025 22:54:00.369] [modloading-worker-0/DEBUG] [com.tterrag.registrate.AbstractRegistrate/REGISTRATE.REGISTER]: Captured registration for entry linear_chassis of type minecraft:item
[13Jan2025 22:54:00.369] [modloading-worker-0/DEBUG] [com.tterrag.registrate.AbstractRegistrate/REGISTRATE.REGISTER]: Captured registration for entry linear_chassis of type minecraft:block
[13Jan2025 22:54:00.369] [modloading-worker-0/DEBUG] [com.tterrag.registrate.AbstractRegistrate/REGISTRATE.REGISTER]: Captured registration for entry secondary_linear_chassis of type minecraft:item
[13Jan2025 22:54:00.369] [modloading-worker-0/DEBUG] [com.tterrag.registrate.AbstractRegistrate/REGISTRATE.REGISTER]: Captured registration for entry secondary_linear_chassis of type minecraft:block
[13Jan2025 22:54:00.371] [modloading-worker-0/DEBUG] [com.tterrag.registrate.AbstractRegistrate/REGISTRATE.REGISTER]: Captured registration for entry radial_chassis of type minecraft:item
[13Jan2025 22:54:00.371] [modloading-worker-0/DEBUG] [com.tterrag.registrate.AbstractRegistrate/REGISTRATE.REGISTER]: Captured registration for entry radial_chassis of type minecraft:block
[13Jan2025 22:54:00.373] [modloading-worker-0/DEBUG] [com.tterrag.registrate.AbstractRegistrate/REGISTRATE.REGISTER]: Captured registration for entry sticker of type minecraft:item
[13Jan2025 22:54:00.373] [modloading-worker-0/DEBUG] [com.tterrag.registrate.AbstractRegistrate/REGISTRATE.REGISTER]: Captured registration for entry sticker of type minecraft:block
[13Jan2025 22:54:00.392] [modloading-worker-0/DEBUG] [mixin/]: Mixing DelegatingPackResourcesAccessor from creativecore.forge.mixins.json into net.minecraftforge.resource.DelegatingPackResources
[13Jan2025 22:54:00.394] [modloading-worker-0/DEBUG] [com.tterrag.registrate.AbstractRegistrate/REGISTRATE.REGISTER]: Captured registration for entry contraption_controls of type minecraft:item
[13Jan2025 22:54:00.394] [modloading-worker-0/DEBUG] [com.tterrag.registrate.AbstractRegistrate/REGISTRATE.REGISTER]: Captured registration for entry contraption_controls of type minecraft:block
[13Jan2025 22:54:00.402] [modloading-worker-0/DEBUG] [com.tterrag.registrate.AbstractRegistrate/REGISTRATE.REGISTER]: Captured registration for entry mechanical_drill of type minecraft:item
[13Jan2025 22:54:00.402] [modloading-worker-0/DEBUG] [com.tterrag.registrate.AbstractRegistrate/REGISTRATE.REGISTER]: Captured registration for entry mechanical_drill of type minecraft:block
[13Jan2025 22:54:00.411] [modloading-worker-0/DEBUG] [com.tterrag.registrate.AbstractRegistrate/REGISTRATE.REGISTER]: Captured registration for entry mechanical_saw of type minecraft:item
[13Jan2025 22:54:00.411] [modloading-worker-0/DEBUG] [com.tterrag.registrate.AbstractRegistrate/REGISTRATE.REGISTER]: Captured registration for entry mechanical_saw of type minecraft:block
[13Jan2025 22:54:00.417] [modloading-worker-0/DEBUG] [com.tterrag.registrate.AbstractRegistrate/REGISTRATE.REGISTER]: Captured registration for entry deployer of type minecraft:item
[13Jan2025 22:54:00.418] [modloading-worker-0/DEBUG] [com.tterrag.registrate.AbstractRegistrate/REGISTRATE.REGISTER]: Captured registration for entry deployer of type minecraft:block
[13Jan2025 22:54:00.422] [modloading-worker-0/DEBUG] [com.tterrag.registrate.AbstractRegistrate/REGISTRATE.REGISTER]: Captured registration for entry portable_storage_interface of type minecraft:item
[13Jan2025 22:54:00.422] [modloading-worker-0/DEBUG] [com.tterrag.registrate.AbstractRegistrate/REGISTRATE.REGISTER]: Captured registration for entry portable_storage_interface of type minecraft:block
[13Jan2025 22:54:00.425] [modloading-worker-0/DEBUG] [com.tterrag.registrate.AbstractRegistrate/REGISTRATE.REGISTER]: Captured registration for entry redstone_contact of type minecraft:item
[13Jan2025 22:54:00.428] [modloading-worker-0/DEBUG] [com.tterrag.registrate.AbstractRegistrate/REGISTRATE.REGISTER]: Captured registration for entry redstone_contact of type minecraft:block
[13Jan2025 22:54:00.429] [modloading-worker-0/DEBUG] [com.tterrag.registrate.AbstractRegistrate/REGISTRATE.REGISTER]: Captured registration for entry elevator_contact of type minecraft:item
[13Jan2025 22:54:00.429] [modloading-worker-0/DEBUG] [com.tterrag.registrate.AbstractRegistrate/REGISTRATE.REGISTER]: Captured registration for entry elevator_contact of type minecraft:block
[13Jan2025 22:54:00.433] [modloading-worker-0/DEBUG] [com.tterrag.registrate.AbstractRegistrate/REGISTRATE.REGISTER]: Captured registration for entry mechanical_harvester of type minecraft:item
[13Jan2025 22:54:00.435] [modloading-worker-0/DEBUG] [com.tterrag.registrate.AbstractRegistrate/REGISTRATE.REGISTER]: Captured registration for entry mechanical_harvester of type minecraft:block
[13Jan2025 22:54:00.437] [modloading-worker-0/DEBUG] [com.tterrag.registrate.AbstractRegistrate/REGISTRATE.REGISTER]: Captured registration for entry mechanical_plough of type minecraft:item
[13Jan2025 22:54:00.438] [modloading-worker-0/DEBUG] [com.tterrag.registrate.AbstractRegistrate/REGISTRATE.REGISTER]: Captured registration for entry mechanical_plough of type minecraft:block
[13Jan2025 22:54:00.444] [modloading-worker-0/DEBUG] [com.tterrag.registrate.AbstractRegistrate/REGISTRATE.REGISTER]: Captured registration for entry mechanical_roller of type minecraft:item
[13Jan2025 22:54:00.444] [modloading-worker-0/DEBUG] [com.tterrag.registrate.AbstractRegistrate/REGISTRATE.REGISTER]: Captured registration for entry mechanical_roller of type minecraft:block
[13Jan2025 22:54:00.445] [modloading-worker-0/DEBUG] [com.tterrag.registrate.AbstractRegistrate/REGISTRATE.REGISTER]: Captured registration for entry sail_frame of type minecraft:item
[13Jan2025 22:54:00.445] [modloading-worker-0/DEBUG] [com.tterrag.registrate.AbstractRegistrate/REGISTRATE.REGISTER]: Captured registration for entry sail_frame of type minecraft:block
[13Jan2025 22:54:00.448] [modloading-worker-0/DEBUG] [com.tterrag.registrate.AbstractRegistrate/REGISTRATE.REGISTER]: Captured registration for entry white_sail of type minecraft:item
[13Jan2025 22:54:00.449] [modloading-worker-0/DEBUG] [com.tterrag.registrate.AbstractRegistrate/REGISTRATE.REGISTER]: Captured registration for entry white_sail of type minecraft:block
[13Jan2025 22:54:00.449] [modloading-worker-0/DEBUG] [net.minecraftforge.fml.javafmlmod.AutomaticEventSubscriber/LOADING]: Attempting to inject @EventBusSubscriber classes into the eventbus for securitycraft
[13Jan2025 22:54:00.449] [modloading-worker-0/DEBUG] [net.minecraftforge.fml.javafmlmod.AutomaticEventSubscriber/LOADING]: Auto-subscribing net.geforcemods.securitycraft.api.SecurityCraftAPI to MOD
[13Jan2025 22:54:00.450] [modloading-worker-0/DEBUG] [net.minecraftforge.fml.javafmlmod.AutomaticEventSubscriber/LOADING]: Auto-subscribing net.geforcemods.securitycraft.SecurityCraft to MOD
[13Jan2025 22:54:00.451] [modloading-worker-0/DEBUG] [net.minecraftforge.fml.javafmlmod.AutomaticEventSubscriber/LOADING]: Auto-subscribing net.geforcemods.securitycraft.SCEventHandler to FORGE
[13Jan2025 22:54:00.454] [modloading-worker-0/DEBUG] [com.tterrag.registrate.AbstractRegistrate/REGISTRATE.REGISTER]: Captured registration for entry orange_sail of type minecraft:block
[13Jan2025 22:54:00.454] [modloading-worker-0/DEBUG] [com.tterrag.registrate.AbstractRegistrate/REGISTRATE.REGISTER]: Captured registration for entry magenta_sail of type minecraft:block
[13Jan2025 22:54:00.454] [modloading-worker-0/DEBUG] [com.tterrag.registrate.AbstractRegistrate/REGISTRATE.REGISTER]: Captured registration for entry light_blue_sail of type minecraft:block
[13Jan2025 22:54:00.454] [modloading-worker-0/DEBUG] [com.tterrag.registrate.AbstractRegistrate/REGISTRATE.REGISTER]: Captured registration for entry yellow_sail of type minecraft:block
[13Jan2025 22:54:00.455] [modloading-worker-0/DEBUG] [com.tterrag.registrate.AbstractRegistrate/REGISTRATE.REGISTER]: Captured registration for entry lime_sail of type minecraft:block
[13Jan2025 22:54:00.455] [modloading-worker-0/DEBUG] [com.tterrag.registrate.AbstractRegistrate/REGISTRATE.REGISTER]: Captured registration for entry pink_sail of type minecraft:block
[13Jan2025 22:54:00.455] [modloading-worker-0/DEBUG] [com.tterrag.registrate.AbstractRegistrate/REGISTRATE.REGISTER]: Captured registration for entry gray_sail of type minecraft:block
[13Jan2025 22:54:00.455] [modloading-worker-0/DEBUG] [com.tterrag.registrate.AbstractRegistrate/REGISTRATE.REGISTER]: Captured registration for entry light_gray_sail of type minecraft:block
[13Jan2025 22:54:00.455] [modloading-worker-0/DEBUG] [com.tterrag.registrate.AbstractRegistrate/REGISTRATE.REGISTER]: Captured registration for entry cyan_sail of type minecraft:block
[13Jan2025 22:54:00.455] [modloading-worker-0/DEBUG] [com.tterrag.registrate.AbstractRegistrate/REGISTRATE.REGISTER]: Captured registration for entry purple_sail of type minecraft:block
[13Jan2025 22:54:00.455] [modloading-worker-0/DEBUG] [com.tterrag.registrate.AbstractRegistrate/REGISTRATE.REGISTER]: Captured registration for entry blue_sail of type minecraft:block
[13Jan2025 22:54:00.455] [modloading-worker-0/DEBUG] [com.tterrag.registrate.AbstractRegistrate/REGISTRATE.REGISTER]: Captured registration for entry brown_sail of type minecraft:block
[13Jan2025 22:54:00.455] [modloading-worker-0/DEBUG] [com.tterrag.registrate.AbstractRegistrate/REGISTRATE.REGISTER]: Captured registration for entry green_sail of type minecraft:block
[13Jan2025 22:54:00.455] [modloading-worker-0/DEBUG] [com.tterrag.registrate.AbstractRegistrate/REGISTRATE.REGISTER]: Captured registration for entry red_sail of type minecraft:block
[13Jan2025 22:54:00.455] [modloading-worker-0/DEBUG] [com.tterrag.registrate.AbstractRegistrate/REGISTRATE.REGISTER]: Captured registration for entry black_sail of type minecraft:block
[13Jan2025 22:54:00.457] [modloading-worker-0/DEBUG] [com.tterrag.registrate.AbstractRegistrate/REGISTRATE.REGISTER]: Captured registration for entry andesite_casing of type minecraft:item
[13Jan2025 22:54:00.457] [modloading-worker-0/DEBUG] [com.tterrag.registrate.AbstractRegistrate/REGISTRATE.REGISTER]: Captured registration for entry andesite_casing of type minecraft:block
[13Jan2025 22:54:00.457] [modloading-worker-0/DEBUG] [com.tterrag.registrate.AbstractRegistrate/REGISTRATE.REGISTER]: Captured registration for entry brass_casing of type minecraft:item
[13Jan2025 22:54:00.457] [modloading-worker-0/DEBUG] [com.tterrag.registrate.AbstractRegistrate/REGISTRATE.REGISTER]: Captured registration for entry brass_casing of type minecraft:block
[13Jan2025 22:54:00.458] [modloading-worker-0/DEBUG] [com.tterrag.registrate.AbstractRegistrate/REGISTRATE.REGISTER]: Captured registration for entry copper_casing of type minecraft:item
[13Jan2025 22:54:00.458] [modloading-worker-0/DEBUG] [com.tterrag.registrate.AbstractRegistrate/REGISTRATE.REGISTER]: Captured registration for entry copper_casing of type minecraft:block
[13Jan2025 22:54:00.458] [modloading-worker-0/DEBUG] [com.tterrag.registrate.AbstractRegistrate/REGISTRATE.REGISTER]: Captured registration for entry shadow_steel_casing of type minecraft:item
[13Jan2025 22:54:00.459] [modloading-worker-0/DEBUG] [com.tterrag.registrate.AbstractRegistrate/REGISTRATE.REGISTER]: Captured registration for entry shadow_steel_casing of type minecraft:block
[13Jan2025 22:54:00.459] [modloading-worker-0/DEBUG] [com.tterrag.registrate.AbstractRegistrate/REGISTRATE.REGISTER]: Captured registration for entry refined_radiance_casing of type minecraft:item
[13Jan2025 22:54:00.459] [modloading-worker-0/DEBUG] [com.tterrag.registrate.AbstractRegistrate/REGISTRATE.REGISTER]: Captured registration for entry refined_radiance_casing of type minecraft:block
[13Jan2025 22:54:00.462] [modloading-worker-0/DEBUG] [com.tterrag.registrate.AbstractRegistrate/REGISTRATE.REGISTER]: Captured registration for entry mechanical_crafter of type minecraft:item
[13Jan2025 22:54:00.462] [modloading-worker-0/DEBUG] [com.tterrag.registrate.AbstractRegistrate/REGISTRATE.REGISTER]: Captured registration for entry mechanical_crafter of type minecraft:block
[13Jan2025 22:54:00.465] [modloading-worker-0/DEBUG] [com.tterrag.registrate.AbstractRegistrate/REGISTRATE.REGISTER]: Captured registration for entry sequenced_gearshift of type minecraft:item
[13Jan2025 22:54:00.465] [modloading-worker-0/DEBUG] [com.tterrag.registrate.AbstractRegistrate/REGISTRATE.REGISTER]: Captured registration for entry sequenced_gearshift of type minecraft:block
[13Jan2025 22:54:00.466] [modloading-worker-0/DEBUG] [com.tterrag.registrate.AbstractRegistrate/REGISTRATE.REGISTER]: Captured registration for entry flywheel of type minecraft:item
[13Jan2025 22:54:00.466] [modloading-worker-0/DEBUG] [com.tterrag.registrate.AbstractRegistrate/REGISTRATE.REGISTER]: Captured registration for entry flywheel of type minecraft:block
[13Jan2025 22:54:00.474] [modloading-worker-0/DEBUG] [com.tterrag.registrate.AbstractRegistrate/REGISTRATE.REGISTER]: Captured registration for entry rotation_speed_controller of type minecraft:item
[13Jan2025 22:54:00.475] [modloading-worker-0/DEBUG] [com.tterrag.registrate.AbstractRegistrate/REGISTRATE.REGISTER]: Captured registration for entry rotation_speed_controller of type minecraft:block
[13Jan2025 22:54:00.478] [modloading-worker-0/DEBUG] [com.tterrag.registrate.AbstractRegistrate/REGISTRATE.REGISTER]: Captured registration for entry mechanical_arm of type minecraft:item
[13Jan2025 22:54:00.478] [modloading-worker-0/DEBUG] [com.tterrag.registrate.AbstractRegistrate/REGISTRATE.REGISTER]: Captured registration for entry mechanical_arm of type minecraft:block
[13Jan2025 22:54:00.479] [modloading-worker-0/DEBUG] [net.minecraftforge.fml.javafmlmod.AutomaticEventSubscriber/LOADING]: Auto-subscribing net.geforcemods.securitycraft.RegistrationHandler to MOD
[13Jan2025 22:54:00.483] [modloading-worker-0/DEBUG] [net.minecraftforge.fml.javafmlmod.AutomaticEventSubscriber/LOADING]: Auto-subscribing net.geforcemods.securitycraft.ConfigHandler to MOD
[13Jan2025 22:54:00.485] [modloading-worker-0/DEBUG] [net.minecraftforge.fml.config.ConfigTracker/CONFIG]: Config file damageindicator-client.toml for damageindicator tracking
[13Jan2025 22:54:00.493] [modloading-worker-0/DEBUG] [net.minecraftforge.fml.javafmlmod.AutomaticEventSubscriber/LOADING]: Attempting to inject @EventBusSubscriber classes into the eventbus for damageindicator
[13Jan2025 22:54:00.493] [modloading-worker-0/DEBUG] [net.minecraftforge.fml.javafmlmod.AutomaticEventSubscriber/LOADING]: Auto-subscribing com.jeremyseq.damageindicator.init.RegisterGUIOverlays to FORGE
[13Jan2025 22:54:00.496] [modloading-worker-0/DEBUG] [net.minecraftforge.fml.config.ConfigTracker/CONFIG]: Config file CoroUtil/General.toml for coroutil tracking
[13Jan2025 22:54:00.498] [modloading-worker-0/DEBUG] [com.tterrag.registrate.AbstractRegistrate/REGISTRATE.REGISTER]: Captured registration for entry track of type minecraft:item
[13Jan2025 22:54:00.498] [modloading-worker-0/DEBUG] [com.tterrag.registrate.AbstractRegistrate/REGISTRATE.REGISTER]: Captured registration for entry track of type minecraft:block
[13Jan2025 22:54:00.499] [modloading-worker-0/DEBUG] [com.tterrag.registrate.AbstractRegistrate/REGISTRATE.REGISTER]: Captured registration for entry fake_track of type minecraft:block
[13Jan2025 22:54:00.499] [modloading-worker-0/DEBUG] [net.minecraftforge.fml.javafmlmod.AutomaticEventSubscriber/LOADING]: Attempting to inject @EventBusSubscriber classes into the eventbus for coroutil
[13Jan2025 22:54:00.509] [modloading-worker-0/DEBUG] [com.tterrag.registrate.AbstractRegistrate/REGISTRATE.REGISTER]: Captured registration for entry railway_casing of type minecraft:item
[13Jan2025 22:54:00.509] [modloading-worker-0/DEBUG] [com.tterrag.registrate.AbstractRegistrate/REGISTRATE.REGISTER]: Captured registration for entry railway_casing of type minecraft:block
[13Jan2025 22:54:00.519] [modloading-worker-0/DEBUG] [com.tterrag.registrate.AbstractRegistrate/REGISTRATE.REGISTER]: Captured registration for entry track_station of type minecraft:item
[13Jan2025 22:54:00.520] [modloading-worker-0/DEBUG] [com.tterrag.registrate.AbstractRegistrate/REGISTRATE.REGISTER]: Captured registration for entry track_station of type minecraft:block
[13Jan2025 22:54:00.522] [modloading-worker-0/DEBUG] [com.tterrag.registrate.AbstractRegistrate/REGISTRATE.REGISTER]: Captured registration for entry track_signal of type minecraft:item
[13Jan2025 22:54:00.522] [modloading-worker-0/DEBUG] [com.tterrag.registrate.AbstractRegistrate/REGISTRATE.REGISTER]: Captured registration for entry track_signal of type minecraft:block
[13Jan2025 22:54:00.523] [modloading-worker-0/DEBUG] [com.tterrag.registrate.AbstractRegistrate/REGISTRATE.REGISTER]: Captured registration for entry track_observer of type minecraft:item
[13Jan2025 22:54:00.523] [modloading-worker-0/DEBUG] [com.tterrag.registrate.AbstractRegistrate/REGISTRATE.REGISTER]: Captured registration for entry track_observer of type minecraft:block
[13Jan2025 22:54:00.525] [modloading-worker-0/DEBUG] [com.tterrag.registrate.AbstractRegistrate/REGISTRATE.REGISTER]: Captured registration for entry small_bogey of type minecraft:block
[13Jan2025 22:54:00.525] [modloading-worker-0/DEBUG] [com.tterrag.registrate.AbstractRegistrate/REGISTRATE.REGISTER]: Captured registration for entry large_bogey of type minecraft:block
[13Jan2025 22:54:00.527] [modloading-worker-0/DEBUG] [com.tterrag.registrate.AbstractRegistrate/REGISTRATE.REGISTER]: Captured registration for entry controls of type minecraft:item
[13Jan2025 22:54:00.527] [modloading-worker-0/DEBUG] [com.tterrag.registrate.AbstractRegistrate/REGISTRATE.REGISTER]: Captured registration for entry controls of type minecraft:block
[13Jan2025 22:54:00.530] [modloading-worker-0/DEBUG] [com.tterrag.registrate.AbstractRegistrate/REGISTRATE.REGISTER]: Captured registration for entry item_vault of type minecraft:item
[13Jan2025 22:54:00.531] [modloading-worker-0/DEBUG] [com.tterrag.registrate.AbstractRegistrate/REGISTRATE.REGISTER]: Captured registration for entry item_vault of type minecraft:block
[13Jan2025 22:54:00.542] [modloading-worker-0/DEBUG] [com.tterrag.registrate.AbstractRegistrate/REGISTRATE.REGISTER]: Captured registration for entry andesite_funnel of type minecraft:item
[13Jan2025 22:54:00.543] [modloading-worker-0/DEBUG] [com.tterrag.registrate.AbstractRegistrate/REGISTRATE.REGISTER]: Captured registration for entry andesite_funnel of type minecraft:block
[13Jan2025 22:54:00.544] [modloading-worker-0/DEBUG] [com.tterrag.registrate.AbstractRegistrate/REGISTRATE.REGISTER]: Captured registration for entry andesite_belt_funnel of type minecraft:block
[13Jan2025 22:54:00.545] [modloading-worker-0/DEBUG] [com.tterrag.registrate.AbstractRegistrate/REGISTRATE.REGISTER]: Captured registration for entry brass_funnel of type minecraft:item
[13Jan2025 22:54:00.546] [modloading-worker-0/DEBUG] [com.tterrag.registrate.AbstractRegistrate/REGISTRATE.REGISTER]: Captured registration for entry brass_funnel of type minecraft:block
[13Jan2025 22:54:00.546] [modloading-worker-0/DEBUG] [com.tterrag.registrate.AbstractRegistrate/REGISTRATE.REGISTER]: Captured registration for entry brass_belt_funnel of type minecraft:block
[13Jan2025 22:54:00.550] [modloading-worker-0/DEBUG] [com.tterrag.registrate.AbstractRegistrate/REGISTRATE.REGISTER]: Captured registration for entry andesite_tunnel of type minecraft:item
[13Jan2025 22:54:00.550] [modloading-worker-0/DEBUG] [com.tterrag.registrate.AbstractRegistrate/REGISTRATE.REGISTER]: Captured registration for entry andesite_tunnel of type minecraft:block
[13Jan2025 22:54:00.553] [modloading-worker-0/DEBUG] [com.tterrag.registrate.AbstractRegistrate/REGISTRATE.REGISTER]: Captured registration for entry brass_tunnel of type minecraft:item
[13Jan2025 22:54:00.553] [modloading-worker-0/DEBUG] [com.tterrag.registrate.AbstractRegistrate/REGISTRATE.REGISTER]: Captured registration for entry brass_tunnel of type minecraft:block
[13Jan2025 22:54:00.557] [modloading-worker-0/DEBUG] [com.tterrag.registrate.AbstractRegistrate/REGISTRATE.REGISTER]: Captured registration for entry content_observer of type minecraft:item
[13Jan2025 22:54:00.557] [modloading-worker-0/DEBUG] [com.tterrag.registrate.AbstractRegistrate/REGISTRATE.REGISTER]: Captured registration for entry content_observer of type minecraft:block
[13Jan2025 22:54:00.560] [modloading-worker-0/DEBUG] [com.tterrag.registrate.AbstractRegistrate/REGISTRATE.REGISTER]: Captured registration for entry stockpile_switch of type minecraft:item
[13Jan2025 22:54:00.560] [modloading-worker-0/DEBUG] [com.tterrag.registrate.AbstractRegistrate/REGISTRATE.REGISTER]: Captured registration for entry stockpile_switch of type minecraft:block
[13Jan2025 22:54:00.562] [modloading-worker-0/DEBUG] [com.tterrag.registrate.AbstractRegistrate/REGISTRATE.REGISTER]: Captured registration for entry creative_crate of type minecraft:item
[13Jan2025 22:54:00.562] [modloading-worker-0/DEBUG] [com.tterrag.registrate.AbstractRegistrate/REGISTRATE.REGISTER]: Captured registration for entry creative_crate of type minecraft:block
[13Jan2025 22:54:00.565] [modloading-worker-0/DEBUG] [com.tterrag.registrate.AbstractRegistrate/REGISTRATE.REGISTER]: Captured registration for entry display_link of type minecraft:item
[13Jan2025 22:54:00.565] [modloading-worker-0/DEBUG] [com.tterrag.registrate.AbstractRegistrate/REGISTRATE.REGISTER]: Captured registration for entry display_link of type minecraft:block
[13Jan2025 22:54:00.569] [modloading-worker-0/DEBUG] [com.tterrag.registrate.AbstractRegistrate/REGISTRATE.REGISTER]: Captured registration for entry display_board of type minecraft:item
[13Jan2025 22:54:00.569] [modloading-worker-0/DEBUG] [com.tterrag.registrate.AbstractRegistrate/REGISTRATE.REGISTER]: Captured registration for entry display_board of type minecraft:block
[13Jan2025 22:54:00.570] [modloading-worker-0/DEBUG] [com.tterrag.registrate.AbstractRegistrate/REGISTRATE.REGISTER]: Captured registration for entry nixie_tube of type minecraft:item
[13Jan2025 22:54:00.570] [modloading-worker-0/DEBUG] [com.tterrag.registrate.AbstractRegistrate/REGISTRATE.REGISTER]: Captured registration for entry nixie_tube of type minecraft:block
[13Jan2025 22:54:00.572] [modloading-worker-0/DEBUG] [com.tterrag.registrate.AbstractRegistrate/REGISTRATE.REGISTER]: Captured registration for entry white_nixie_tube of type minecraft:block
[13Jan2025 22:54:00.572] [modloading-worker-0/DEBUG] [com.tterrag.registrate.AbstractRegistrate/REGISTRATE.REGISTER]: Captured registration for entry magenta_nixie_tube of type minecraft:block
[13Jan2025 22:54:00.572] [modloading-worker-0/DEBUG] [com.tterrag.registrate.AbstractRegistrate/REGISTRATE.REGISTER]: Captured registration for entry light_blue_nixie_tube of type minecraft:block
[13Jan2025 22:54:00.572] [modloading-worker-0/DEBUG] [com.tterrag.registrate.AbstractRegistrate/REGISTRATE.REGISTER]: Captured registration for entry yellow_nixie_tube of type minecraft:block
[13Jan2025 22:54:00.572] [modloading-worker-0/DEBUG] [com.tterrag.registrate.AbstractRegistrate/REGISTRATE.REGISTER]: Captured registration for entry lime_nixie_tube of type minecraft:block
[13Jan2025 22:54:00.572] [modloading-worker-0/DEBUG] [com.tterrag.registrate.AbstractRegistrate/REGISTRATE.REGISTER]: Captured registration for entry pink_nixie_tube of type minecraft:block
[13Jan2025 22:54:00.572] [modloading-worker-0/DEBUG] [com.tterrag.registrate.AbstractRegistrate/REGISTRATE.REGISTER]: Captured registration for entry gray_nixie_tube of type minecraft:block
[13Jan2025 22:54:00.572] [modloading-worker-0/DEBUG] [com.tterrag.registrate.AbstractRegistrate/REGISTRATE.REGISTER]: Captured registration for entry light_gray_nixie_tube of type minecraft:block
[13Jan2025 22:54:00.572] [modloading-worker-0/DEBUG] [com.tterrag.registrate.AbstractRegistrate/REGISTRATE.REGISTER]: Captured registration for entry cyan_nixie_tube of type minecraft:block
[13Jan2025 22:54:00.572] [modloading-worker-0/DEBUG] [com.tterrag.registrate.AbstractRegistrate/REGISTRATE.REGISTER]: Captured registration for entry purple_nixie_tube of type minecraft:block
[13Jan2025 22:54:00.572] [modloading-worker-0/DEBUG] [com.tterrag.registrate.AbstractRegistrate/REGISTRATE.REGISTER]: Captured registration for entry blue_nixie_tube of type minecraft:block
[13Jan2025 22:54:00.573] [modloading-worker-0/DEBUG] [com.tterrag.registrate.AbstractRegistrate/REGISTRATE.REGISTER]: Captured registration for entry brown_nixie_tube of type minecraft:block
[13Jan2025 22:54:00.573] [modloading-worker-0/DEBUG] [com.tterrag.registrate.AbstractRegistrate/REGISTRATE.REGISTER]: Captured registration for entry green_nixie_tube of type minecraft:block
[13Jan2025 22:54:00.573] [modloading-worker-0/DEBUG] [com.tterrag.registrate.AbstractRegistrate/REGISTRATE.REGISTER]: Captured registration for entry red_nixie_tube of type minecraft:block
[13Jan2025 22:54:00.573] [modloading-worker-0/DEBUG] [com.tterrag.registrate.AbstractRegistrate/REGISTRATE.REGISTER]: Captured registration for entry black_nixie_tube of type minecraft:block
[13Jan2025 22:54:00.575] [modloading-worker-0/DEBUG] [com.tterrag.registrate.AbstractRegistrate/REGISTRATE.REGISTER]: Captured registration for entry rose_quartz_lamp of type minecraft:item
[13Jan2025 22:54:00.575] [modloading-worker-0/DEBUG] [com.tterrag.registrate.AbstractRegistrate/REGISTRATE.REGISTER]: Captured registration for entry rose_quartz_lamp of type minecraft:block
[13Jan2025 22:54:00.580] [modloading-worker-0/DEBUG] [com.tterrag.registrate.AbstractRegistrate/REGISTRATE.REGISTER]: Captured registration for entry redstone_link of type minecraft:item
[13Jan2025 22:54:00.581] [modloading-worker-0/DEBUG] [com.tterrag.registrate.AbstractRegistrate/REGISTRATE.REGISTER]: Captured registration for entry redstone_link of type minecraft:block
[13Jan2025 22:54:00.585] [modloading-worker-0/DEBUG] [net.minecraftforge.fml.javafmlmod.AutomaticEventSubscriber/LOADING]: Attempting to inject @EventBusSubscriber classes into the eventbus for automobility
[13Jan2025 22:54:00.586] [modloading-worker-0/DEBUG] [net.minecraftforge.fml.javafmlmod.AutomaticEventSubscriber/LOADING]: Auto-subscribing io.github.foundationgames.automobility.forge.AutomobilityForge to MOD
[13Jan2025 22:54:00.590] [modloading-worker-0/DEBUG] [com.tterrag.registrate.AbstractRegistrate/REGISTRATE.REGISTER]: Captured registration for entry analog_lever of type minecraft:item
[13Jan2025 22:54:00.591] [modloading-worker-0/DEBUG] [com.tterrag.registrate.AbstractRegistrate/REGISTRATE.REGISTER]: Captured registration for entry analog_lever of type minecraft:block
[13Jan2025 22:54:00.593] [modloading-worker-0/DEBUG] [com.tterrag.registrate.AbstractRegistrate/REGISTRATE.REGISTER]: Captured registration for entry placard of type minecraft:item
[13Jan2025 22:54:00.593] [modloading-worker-0/DEBUG] [com.tterrag.registrate.AbstractRegistrate/REGISTRATE.REGISTER]: Captured registration for entry placard of type minecraft:block
[13Jan2025 22:54:00.597] [modloading-worker-0/DEBUG] [com.tterrag.registrate.AbstractRegistrate/REGISTRATE.REGISTER]: Captured registration for entry pulse_repeater of type minecraft:item
[13Jan2025 22:54:00.599] [modloading-worker-0/DEBUG] [com.tterrag.registrate.AbstractRegistrate/REGISTRATE.REGISTER]: Captured registration for entry pulse_repeater of type minecraft:block
[13Jan2025 22:54:00.600] [modloading-worker-0/DEBUG] [com.tterrag.registrate.AbstractRegistrate/REGISTRATE.REGISTER]: Captured registration for entry pulse_extender of type minecraft:item
[13Jan2025 22:54:00.600] [modloading-worker-0/DEBUG] [com.tterrag.registrate.AbstractRegistrate/REGISTRATE.REGISTER]: Captured registration for entry pulse_extender of type minecraft:block
[13Jan2025 22:54:00.599] [modloading-worker-0/DEBUG] [net.minecraftforge.fml.config.ConfigTracker/CONFIG]: Config file powered_flashlight-server.toml for powered_flashlight tracking
[13Jan2025 22:54:00.601] [modloading-worker-0/DEBUG] [net.minecraftforge.fml.javafmlmod.AutomaticEventSubscriber/LOADING]: Attempting to inject @EventBusSubscriber classes into the eventbus for powered_flashlight
[13Jan2025 22:54:00.601] [modloading-worker-0/DEBUG] [net.minecraftforge.fml.javafmlmod.AutomaticEventSubscriber/LOADING]: Auto-subscribing com.gitlab.srcmc.powered_flashlight.forge.network.Network to MOD
[13Jan2025 22:54:00.605] [modloading-worker-0/DEBUG] [com.tterrag.registrate.AbstractRegistrate/REGISTRATE.REGISTER]: Captured registration for entry powered_latch of type minecraft:item
[13Jan2025 22:54:00.605] [modloading-worker-0/DEBUG] [com.tterrag.registrate.AbstractRegistrate/REGISTRATE.REGISTER]: Captured registration for entry powered_latch of type minecraft:block
[13Jan2025 22:54:00.607] [modloading-worker-0/DEBUG] [com.tterrag.registrate.AbstractRegistrate/REGISTRATE.REGISTER]: Captured registration for entry powered_toggle_latch of type minecraft:item
[13Jan2025 22:54:00.607] [modloading-worker-0/DEBUG] [com.tterrag.registrate.AbstractRegistrate/REGISTRATE.REGISTER]: Captured registration for entry powered_toggle_latch of type minecraft:block
[13Jan2025 22:54:00.607] [modloading-worker-0/DEBUG] [net.minecraftforge.fml.javafmlmod.AutomaticEventSubscriber/LOADING]: Auto-subscribing com.gitlab.srcmc.powered_flashlight.forge.items.FlashlightItem to FORGE
[13Jan2025 22:54:00.608] [modloading-worker-0/DEBUG] [com.tterrag.registrate.AbstractRegistrate/REGISTRATE.REGISTER]: Captured registration for entry lectern_controller of type minecraft:block
[13Jan2025 22:54:00.618] [modloading-worker-0/DEBUG] [net.minecraftforge.fml.javafmlmod.AutomaticEventSubscriber/LOADING]: Auto-subscribing com.gitlab.srcmc.powered_flashlight.forge.ModRegistries to MOD
[13Jan2025 22:54:00.620] [modloading-worker-0/DEBUG] [com.tterrag.registrate.AbstractRegistrate/REGISTRATE.REGISTER]: Captured registration for entry wheat_flour of type minecraft:item
[13Jan2025 22:54:00.620] [modloading-worker-0/DEBUG] [com.tterrag.registrate.AbstractRegistrate/REGISTRATE.REGISTER]: Captured registration for entry dough of type minecraft:item
[13Jan2025 22:54:00.620] [modloading-worker-0/DEBUG] [com.tterrag.registrate.AbstractRegistrate/REGISTRATE.REGISTER]: Captured registration for entry cinder_flour of type minecraft:item
[13Jan2025 22:54:00.620] [modloading-worker-0/DEBUG] [com.tterrag.registrate.AbstractRegistrate/REGISTRATE.REGISTER]: Captured registration for entry rose_quartz of type minecraft:item
[13Jan2025 22:54:00.620] [modloading-worker-0/DEBUG] [com.tterrag.registrate.AbstractRegistrate/REGISTRATE.REGISTER]: Captured registration for entry polished_rose_quartz of type minecraft:item
[13Jan2025 22:54:00.621] [modloading-worker-0/DEBUG] [com.tterrag.registrate.AbstractRegistrate/REGISTRATE.REGISTER]: Captured registration for entry powdered_obsidian of type minecraft:item
[13Jan2025 22:54:00.621] [modloading-worker-0/DEBUG] [com.tterrag.registrate.AbstractRegistrate/REGISTRATE.REGISTER]: Captured registration for entry sturdy_sheet of type minecraft:item
[13Jan2025 22:54:00.621] [modloading-worker-0/DEBUG] [com.tterrag.registrate.AbstractRegistrate/REGISTRATE.REGISTER]: Captured registration for entry propeller of type minecraft:item
[13Jan2025 22:54:00.621] [modloading-worker-0/DEBUG] [com.tterrag.registrate.AbstractRegistrate/REGISTRATE.REGISTER]: Captured registration for entry whisk of type minecraft:item
[13Jan2025 22:54:00.621] [modloading-worker-0/DEBUG] [com.tterrag.registrate.AbstractRegistrate/REGISTRATE.REGISTER]: Captured registration for entry brass_hand of type minecraft:item
[13Jan2025 22:54:00.621] [modloading-worker-0/DEBUG] [com.tterrag.registrate.AbstractRegistrate/REGISTRATE.REGISTER]: Captured registration for entry crafter_slot_cover of type minecraft:item
[13Jan2025 22:54:00.621] [modloading-worker-0/DEBUG] [com.tterrag.registrate.AbstractRegistrate/REGISTRATE.REGISTER]: Captured registration for entry electron_tube of type minecraft:item
[13Jan2025 22:54:00.622] [modloading-worker-0/DEBUG] [com.tterrag.registrate.AbstractRegistrate/REGISTRATE.REGISTER]: Captured registration for entry incomplete_precision_mechanism of type minecraft:item
[13Jan2025 22:54:00.622] [modloading-worker-0/DEBUG] [com.tterrag.registrate.AbstractRegistrate/REGISTRATE.REGISTER]: Captured registration for entry unprocessed_obsidian_sheet of type minecraft:item
[13Jan2025 22:54:00.622] [modloading-worker-0/DEBUG] [com.tterrag.registrate.AbstractRegistrate/REGISTRATE.REGISTER]: Captured registration for entry incomplete_track of type minecraft:item
[13Jan2025 22:54:00.622] [modloading-worker-0/DEBUG] [com.tterrag.registrate.AbstractRegistrate/REGISTRATE.REGISTER]: Captured registration for entry precision_mechanism of type minecraft:item
[13Jan2025 22:54:00.622] [modloading-worker-0/DEBUG] [com.tterrag.registrate.AbstractRegistrate/REGISTRATE.REGISTER]: Captured registration for entry blaze_cake_base of type minecraft:item
[13Jan2025 22:54:00.623] [modloading-worker-0/DEBUG] [com.tterrag.registrate.AbstractRegistrate/REGISTRATE.REGISTER]: Captured registration for entry blaze_cake of type minecraft:item
[13Jan2025 22:54:00.633] [modloading-worker-0/DEBUG] [com.tterrag.registrate.AbstractRegistrate/REGISTRATE.REGISTER]: Captured registration for entry creative_blaze_cake of type minecraft:item
[13Jan2025 22:54:00.634] [modloading-worker-0/DEBUG] [com.tterrag.registrate.AbstractRegistrate/REGISTRATE.REGISTER]: Captured registration for entry bar_of_chocolate of type minecraft:item
[13Jan2025 22:54:00.634] [modloading-worker-0/DEBUG] [com.tterrag.registrate.AbstractRegistrate/REGISTRATE.REGISTER]: Captured registration for entry sweet_roll of type minecraft:item
[13Jan2025 22:54:00.635] [modloading-worker-0/DEBUG] [com.tterrag.registrate.AbstractRegistrate/REGISTRATE.REGISTER]: Captured registration for entry chocolate_glazed_berries of type minecraft:item
[13Jan2025 22:54:00.635] [modloading-worker-0/DEBUG] [com.tterrag.registrate.AbstractRegistrate/REGISTRATE.REGISTER]: Captured registration for entry honeyed_apple of type minecraft:item
[13Jan2025 22:54:00.636] [modloading-worker-0/DEBUG] [com.tterrag.registrate.AbstractRegistrate/REGISTRATE.REGISTER]: Captured registration for entry builders_tea of type minecraft:item
[13Jan2025 22:54:00.636] [modloading-worker-0/DEBUG] [com.tterrag.registrate.AbstractRegistrate/REGISTRATE.REGISTER]: Captured registration for entry raw_zinc of type minecraft:item
[13Jan2025 22:54:00.636] [modloading-worker-0/DEBUG] [com.tterrag.registrate.AbstractRegistrate/REGISTRATE.REGISTER]: Captured registration for entry andesite_alloy of type minecraft:item
[13Jan2025 22:54:00.636] [modloading-worker-0/DEBUG] [com.tterrag.registrate.AbstractRegistrate/REGISTRATE.REGISTER]: Captured registration for entry zinc_ingot of type minecraft:item
[13Jan2025 22:54:00.636] [modloading-worker-0/DEBUG] [com.tterrag.registrate.AbstractRegistrate/REGISTRATE.REGISTER]: Captured registration for entry brass_ingot of type minecraft:item
[13Jan2025 22:54:00.640] [modloading-worker-0/DEBUG] [net.minecraftforge.fml.config.ConfigTracker/CONFIG]: Config file aiimprovements-common.toml for aiimprovements tracking
[13Jan2025 22:54:00.640] [modloading-worker-0/DEBUG] [net.minecraftforge.fml.javafmlmod.AutomaticEventSubscriber/LOADING]: Attempting to inject @EventBusSubscriber classes into the eventbus for aiimprovements
[13Jan2025 22:54:00.640] [modloading-worker-0/DEBUG] [net.minecraftforge.fml.javafmlmod.AutomaticEventSubscriber/LOADING]: Auto-subscribing com.builtbroken.ai.improvements.modifier.ModifierSystem to FORGE
[13Jan2025 22:54:00.641] [modloading-worker-0/DEBUG] [com.tterrag.registrate.AbstractRegistrate/REGISTRATE.REGISTER]: Captured registration for entry chromatic_compound of type minecraft:item
[13Jan2025 22:54:00.644] [modloading-worker-0/DEBUG] [com.tterrag.registrate.AbstractRegistrate/REGISTRATE.REGISTER]: Captured registration for entry shadow_steel of type minecraft:item
[13Jan2025 22:54:00.647] [modloading-worker-0/DEBUG] [com.tterrag.registrate.AbstractRegistrate/REGISTRATE.REGISTER]: Captured registration for entry refined_radiance of type minecraft:item
[13Jan2025 22:54:00.648] [modloading-worker-0/DEBUG] [com.tterrag.registrate.AbstractRegistrate/REGISTRATE.REGISTER]: Captured registration for entry copper_nugget of type minecraft:item
[13Jan2025 22:54:00.648] [modloading-worker-0/DEBUG] [com.tterrag.registrate.AbstractRegistrate/REGISTRATE.REGISTER]: Captured registration for entry zinc_nugget of type minecraft:item
[13Jan2025 22:54:00.648] [modloading-worker-0/DEBUG] [com.tterrag.registrate.AbstractRegistrate/REGISTRATE.REGISTER]: Captured registration for entry brass_nugget of type minecraft:item
[13Jan2025 22:54:00.649] [modloading-worker-0/DEBUG] [com.tterrag.registrate.AbstractRegistrate/REGISTRATE.REGISTER]: Captured registration for entry experience_nugget of type minecraft:item
[13Jan2025 22:54:00.649] [modloading-worker-0/DEBUG] [com.tterrag.registrate.AbstractRegistrate/REGISTRATE.REGISTER]: Captured registration for entry copper_sheet of type minecraft:item
[13Jan2025 22:54:00.649] [modloading-worker-0/DEBUG] [com.tterrag.registrate.AbstractRegistrate/REGISTRATE.REGISTER]: Captured registration for entry brass_sheet of type minecraft:item
[13Jan2025 22:54:00.649] [modloading-worker-0/DEBUG] [com.tterrag.registrate.AbstractRegistrate/REGISTRATE.REGISTER]: Captured registration for entry iron_sheet of type minecraft:item
[13Jan2025 22:54:00.649] [modloading-worker-0/DEBUG] [com.tterrag.registrate.AbstractRegistrate/REGISTRATE.REGISTER]: Captured registration for entry golden_sheet of type minecraft:item
[13Jan2025 22:54:00.649] [modloading-worker-0/DEBUG] [com.tterrag.registrate.AbstractRegistrate/REGISTRATE.REGISTER]: Captured registration for entry crushed_raw_iron of type minecraft:item
[13Jan2025 22:54:00.650] [modloading-worker-0/DEBUG] [com.tterrag.registrate.AbstractRegistrate/REGISTRATE.REGISTER]: Captured registration for entry crushed_raw_gold of type minecraft:item
[13Jan2025 22:54:00.650] [modloading-worker-0/DEBUG] [com.tterrag.registrate.AbstractRegistrate/REGISTRATE.REGISTER]: Captured registration for entry crushed_raw_copper of type minecraft:item
[13Jan2025 22:54:00.650] [modloading-worker-0/DEBUG] [com.tterrag.registrate.AbstractRegistrate/REGISTRATE.REGISTER]: Captured registration for entry crushed_raw_zinc of type minecraft:item
[13Jan2025 22:54:00.651] [modloading-worker-0/DEBUG] [net.minecraftforge.fml.javafmlmod.AutomaticEventSubscriber/LOADING]: Attempting to inject @EventBusSubscriber classes into the eventbus for pointblank
[13Jan2025 22:54:00.651] [modloading-worker-0/DEBUG] [net.minecraftforge.fml.javafmlmod.AutomaticEventSubscriber/LOADING]: Auto-subscribing com.vicmatskiv.pointblank.Config to MOD
[13Jan2025 22:54:00.648] [modloading-worker-0/DEBUG] [net.minecraftforge.fml.javafmlmod.AutomaticEventSubscriber/LOADING]: Auto-subscribing com.builtbroken.ai.improvements.AIImprovements to MOD
[13Jan2025 22:54:00.652] [modloading-worker-0/DEBUG] [net.minecraftforge.fml.javafmlmod.AutomaticEventSubscriber/LOADING]: Attempting to inject @EventBusSubscriber classes into the eventbus for puzzleslib
[13Jan2025 22:54:00.652] [modloading-worker-0/DEBUG] [net.minecraftforge.fml.javafmlmod.AutomaticEventSubscriber/LOADING]: Auto-subscribing fuzs.puzzleslib.impl.PuzzlesLibForge to MOD
[13Jan2025 22:54:00.655] [modloading-worker-0/DEBUG] [com.tterrag.registrate.AbstractRegistrate/REGISTRATE.REGISTER]: Captured registration for entry crushed_raw_osmium of type minecraft:item
[13Jan2025 22:54:00.657] [modloading-worker-0/DEBUG] [com.tterrag.registrate.AbstractRegistrate/REGISTRATE.REGISTER]: Captured registration for entry crushed_raw_platinum of type minecraft:item
[13Jan2025 22:54:00.658] [modloading-worker-0/DEBUG] [com.tterrag.registrate.AbstractRegistrate/REGISTRATE.REGISTER]: Captured registration for entry crushed_raw_silver of type minecraft:item
[13Jan2025 22:54:00.658] [modloading-worker-0/DEBUG] [com.tterrag.registrate.AbstractRegistrate/REGISTRATE.REGISTER]: Captured registration for entry crushed_raw_tin of type minecraft:item
[13Jan2025 22:54:00.658] [modloading-worker-0/DEBUG] [com.tterrag.registrate.AbstractRegistrate/REGISTRATE.REGISTER]: Captured registration for entry crushed_raw_lead of type minecraft:item
[13Jan2025 22:54:00.658] [modloading-worker-0/DEBUG] [com.tterrag.registrate.AbstractRegistrate/REGISTRATE.REGISTER]: Captured registration for entry crushed_raw_quicksilver of type minecraft:item
[13Jan2025 22:54:00.659] [modloading-worker-0/DEBUG] [com.tterrag.registrate.AbstractRegistrate/REGISTRATE.REGISTER]: Captured registration for entry crushed_raw_aluminum of type minecraft:item
[13Jan2025 22:54:00.659] [modloading-worker-0/DEBUG] [com.tterrag.registrate.AbstractRegistrate/REGISTRATE.REGISTER]: Captured registration for entry crushed_raw_uranium of type minecraft:item
[13Jan2025 22:54:00.659] [modloading-worker-0/DEBUG] [com.tterrag.registrate.AbstractRegistrate/REGISTRATE.REGISTER]: Captured registration for entry crushed_raw_nickel of type minecraft:item
[13Jan2025 22:54:00.661] [modloading-worker-0/DEBUG] [com.tterrag.registrate.AbstractRegistrate/REGISTRATE.REGISTER]: Captured registration for entry belt_connector of type minecraft:item
[13Jan2025 22:54:00.658] [modloading-worker-0/DEBUG] [net.minecraftforge.fml.javafmlmod.AutomaticEventSubscriber/LOADING]: Attempting to inject @EventBusSubscriber classes into the eventbus for refurbished_furniture
[13Jan2025 22:54:00.661] [modloading-worker-0/DEBUG] [net.minecraftforge.fml.javafmlmod.AutomaticEventSubscriber/LOADING]: Auto-subscribing com.mrcrayfish.furniture.refurbished.ForgeEvents to FORGE
[13Jan2025 22:54:00.669] [modloading-worker-0/DEBUG] [corgitaco.enhancedcelestials.EnhancedCelestials/]: Loaded corgitaco.enhancedcelestials.forge.platform.ForgeRegistrationService@5f7c2001 for service interface corgitaco.enhancedcelestials.platform.services.RegistrationService
[13Jan2025 22:54:00.670] [modloading-worker-0/DEBUG] [com.tterrag.registrate.AbstractRegistrate/REGISTRATE.REGISTER]: Captured registration for entry vertical_gearbox of type minecraft:item
[13Jan2025 22:54:00.676] [modloading-worker-0/DEBUG] [com.tterrag.registrate.AbstractRegistrate/REGISTRATE.REGISTER]: Captured registration for entry empty_blaze_burner of type minecraft:item
[13Jan2025 22:54:00.676] [modloading-worker-0/INFO] [Puzzles Lib/]: Constructing common components for puzzleslib:main
[13Jan2025 22:54:00.677] [modloading-worker-0/DEBUG] [com.tterrag.registrate.AbstractRegistrate/REGISTRATE.REGISTER]: Captured registration for entry goggles of type minecraft:item
[13Jan2025 22:54:00.678] [modloading-worker-0/DEBUG] [com.tterrag.registrate.AbstractRegistrate/REGISTRATE.REGISTER]: Captured registration for entry super_glue of type minecraft:item
[13Jan2025 22:54:00.680] [modloading-worker-0/DEBUG] [com.tterrag.registrate.AbstractRegistrate/REGISTRATE.REGISTER]: Captured registration for entry minecart_coupling of type minecraft:item
[13Jan2025 22:54:00.692] [modloading-worker-0/DEBUG] [com.tterrag.registrate.AbstractRegistrate/REGISTRATE.REGISTER]: Captured registration for entry crafting_blueprint of type minecraft:item
[13Jan2025 22:54:00.693] [modloading-worker-0/DEBUG] [com.tterrag.registrate.AbstractRegistrate/REGISTRATE.REGISTER]: Captured registration for entry copper_backtank_placeable of type minecraft:item
[13Jan2025 22:54:00.694] [modloading-worker-0/DEBUG] [net.minecraftforge.fml.javafmlmod.AutomaticEventSubscriber/LOADING]: Attempting to inject @EventBusSubscriber classes into the eventbus for enhancedcelestials
[13Jan2025 22:54:00.695] [modloading-worker-0/DEBUG] [net.minecraftforge.fml.javafmlmod.AutomaticEventSubscriber/LOADING]: Auto-subscribing corgitaco.enhancedcelestials.forge.datagen.ECDataGen to MOD
[13Jan2025 22:54:00.696] [modloading-worker-0/DEBUG] [net.minecraftforge.fml.javafmlmod.AutomaticEventSubscriber/LOADING]: Auto-subscribing corgitaco.enhancedcelestials.forge.ECModBusEventsHandler to MOD
[13Jan2025 22:54:00.694] [modloading-worker-0/DEBUG] [com.tterrag.registrate.AbstractRegistrate/REGISTRATE.REGISTER]: Captured registration for entry netherite_backtank_placeable of type minecraft:item
[13Jan2025 22:54:00.699] [modloading-worker-0/DEBUG] [com.tterrag.registrate.AbstractRegistrate/REGISTRATE.REGISTER]: Captured registration for entry copper_backtank of type minecraft:item
[13Jan2025 22:54:00.701] [modloading-worker-0/DEBUG] [com.tterrag.registrate.AbstractRegistrate/REGISTRATE.REGISTER]: Captured registration for entry netherite_backtank of type minecraft:item
[13Jan2025 22:54:00.707] [modloading-worker-0/DEBUG] [com.tterrag.registrate.AbstractRegistrate/REGISTRATE.REGISTER]: Captured registration for entry copper_diving_helmet of type minecraft:item
[13Jan2025 22:54:00.707] [modloading-worker-0/DEBUG] [com.tterrag.registrate.AbstractRegistrate/REGISTRATE.REGISTER]: Captured registration for entry netherite_diving_helmet of type minecraft:item
[13Jan2025 22:54:00.708] [modloading-worker-0/DEBUG] [CorgiLib/]: Loaded corgitaco.corgilib.forge.platform.ForgePlatform@1c0c0c5d for service interface corgitaco.corgilib.platform.ModPlatform
[13Jan2025 22:54:00.708] [modloading-worker-0/DEBUG] [com.tterrag.registrate.AbstractRegistrate/REGISTRATE.REGISTER]: Captured registration for entry copper_diving_boots of type minecraft:item
[13Jan2025 22:54:00.709] [modloading-worker-0/DEBUG] [com.tterrag.registrate.AbstractRegistrate/REGISTRATE.REGISTER]: Captured registration for entry netherite_diving_boots of type minecraft:item
[13Jan2025 22:54:00.705] [modloading-worker-0/INFO] [insane96mcp.insanelib.InsaneLib/]: Found (COMMON) InsaneLib Feature class insane96mcp.enhancedai.modules.witch.WitchFleeTarget
[13Jan2025 22:54:00.713] [modloading-worker-0/INFO] [insane96mcp.insanelib.InsaneLib/]: Found (COMMON) InsaneLib Feature class insane96mcp.enhancedai.modules.witch.throwing.WitchPotionThrowing
[13Jan2025 22:54:00.717] [modloading-worker-0/DEBUG] [com.tterrag.registrate.AbstractRegistrate/REGISTRATE.REGISTER]: Captured registration for entry sand_paper of type minecraft:item
[13Jan2025 22:54:00.717] [modloading-worker-0/DEBUG] [com.tterrag.registrate.AbstractRegistrate/REGISTRATE.REGISTER]: Captured registration for entry red_sand_paper of type minecraft:item
[13Jan2025 22:54:00.719] [modloading-worker-0/DEBUG] [com.tterrag.registrate.AbstractRegistrate/REGISTRATE.REGISTER]: Captured registration for entry wrench of type minecraft:item
[13Jan2025 22:54:00.716] [modloading-worker-0/INFO] [insane96mcp.insanelib.InsaneLib/]: Found (COMMON) InsaneLib Feature class insane96mcp.enhancedai.modules.witch.ThirstyWitches
[13Jan2025 22:54:00.724] [modloading-worker-0/INFO] [insane96mcp.insanelib.InsaneLib/]: Found (COMMON) InsaneLib Feature class insane96mcp.enhancedai.modules.witch.darkart.DarkArtWitch
[13Jan2025 22:54:00.723] [modloading-worker-0/DEBUG] [com.tterrag.registrate.AbstractRegistrate/REGISTRATE.REGISTER]: Captured registration for entry minecart_contraption of type minecraft:item
[13Jan2025 22:54:00.729] [modloading-worker-0/DEBUG] [com.tterrag.registrate.AbstractRegistrate/REGISTRATE.REGISTER]: Captured registration for entry furnace_minecart_contraption of type minecraft:item
[13Jan2025 22:54:00.729] [modloading-worker-0/DEBUG] [com.tterrag.registrate.AbstractRegistrate/REGISTRATE.REGISTER]: Captured registration for entry chest_minecart_contraption of type minecraft:item
[13Jan2025 22:54:00.733] [modloading-worker-0/DEBUG] [com.tterrag.registrate.AbstractRegistrate/REGISTRATE.REGISTER]: Captured registration for entry linked_controller of type minecraft:item
[13Jan2025 22:54:00.728] [modloading-worker-0/INFO] [insane96mcp.insanelib.InsaneLib/]: Found (COMMON) InsaneLib Feature class insane96mcp.enhancedai.modules.warden.Warden
[13Jan2025 22:54:00.739] [modloading-worker-0/INFO] [insane96mcp.insanelib.InsaneLib/]: Found (COMMON) InsaneLib Feature class insane96mcp.enhancedai.modules.villager.VillagerAttacking
[13Jan2025 22:54:00.742] [modloading-worker-0/INFO] [insane96mcp.insanelib.InsaneLib/]: Found (COMMON) InsaneLib Feature class insane96mcp.enhancedai.modules.spider.webber.ThrowingWeb
[13Jan2025 22:54:00.744] [modloading-worker-0/DEBUG] [com.tterrag.registrate.AbstractRegistrate/REGISTRATE.REGISTER]: Captured registration for entry potato_cannon of type minecraft:item
[13Jan2025 22:54:00.745] [modloading-worker-0/INFO] [insane96mcp.insanelib.InsaneLib/]: Found (COMMON) InsaneLib Feature class insane96mcp.enhancedai.modules.spider.Misc
[13Jan2025 22:54:00.748] [modloading-worker-0/INFO] [insane96mcp.insanelib.InsaneLib/]: Found (COMMON) InsaneLib Feature class insane96mcp.enhancedai.modules.slime.Slimes
[13Jan2025 22:54:00.749] [modloading-worker-0/INFO] [insane96mcp.insanelib.InsaneLib/]: Found (COMMON) InsaneLib Feature class insane96mcp.enhancedai.modules.skeleton.WitherSkeletons
[13Jan2025 22:54:00.751] [modloading-worker-0/INFO] [insane96mcp.insanelib.InsaneLib/]: Found (COMMON) InsaneLib Feature class insane96mcp.enhancedai.modules.skeleton.SkeletonFleeTarget
[13Jan2025 22:54:00.753] [modloading-worker-0/DEBUG] [com.tterrag.registrate.AbstractRegistrate/REGISTRATE.REGISTER]: Captured registration for entry extendo_grip of type minecraft:item
[13Jan2025 22:54:00.753] [modloading-worker-0/INFO] [insane96mcp.insanelib.InsaneLib/]: Found (COMMON) InsaneLib Feature class insane96mcp.enhancedai.modules.skeleton.shoot.SkeletonShoot
[13Jan2025 22:54:00.756] [modloading-worker-0/DEBUG] [com.tterrag.registrate.AbstractRegistrate/REGISTRATE.REGISTER]: Captured registration for entry wand_of_symmetry of type minecraft:item
[13Jan2025 22:54:00.755] [modloading-worker-0/INFO] [insane96mcp.insanelib.InsaneLib/]: Found (COMMON) InsaneLib Feature class insane96mcp.enhancedai.modules.shulker.ShulkerBullets
[13Jan2025 22:54:00.758] [modloading-worker-0/INFO] [insane96mcp.insanelib.InsaneLib/]: Found (COMMON) InsaneLib Feature class insane96mcp.enhancedai.modules.shulker.shulkerattack.ShulkerAttack
[13Jan2025 22:54:00.763] [modloading-worker-0/DEBUG] [com.tterrag.registrate.AbstractRegistrate/REGISTRATE.REGISTER]: Captured registration for entry handheld_worldshaper of type minecraft:item
[13Jan2025 22:54:00.768] [modloading-worker-0/DEBUG] [com.tterrag.registrate.AbstractRegistrate/REGISTRATE.REGISTER]: Captured registration for entry tree_fertilizer of type minecraft:item
[13Jan2025 22:54:00.765] [modloading-worker-0/INFO] [insane96mcp.insanelib.InsaneLib/]: Found (COMMON) InsaneLib Feature class insane96mcp.enhancedai.modules.shulker.ShulkerArmor
[13Jan2025 22:54:00.771] [modloading-worker-0/DEBUG] [com.tterrag.registrate.AbstractRegistrate/REGISTRATE.REGISTER]: Captured registration for entry filter of type minecraft:item
[13Jan2025 22:54:00.771] [modloading-worker-0/DEBUG] [com.tterrag.registrate.AbstractRegistrate/REGISTRATE.REGISTER]: Captured registration for entry attribute_filter of type minecraft:item
[13Jan2025 22:54:00.773] [modloading-worker-0/INFO] [insane96mcp.insanelib.InsaneLib/]: Found (COMMON) InsaneLib Feature class insane96mcp.enhancedai.modules.pets.Wolves
[13Jan2025 22:54:00.775] [modloading-worker-0/DEBUG] [com.tterrag.registrate.AbstractRegistrate/REGISTRATE.REGISTER]: Captured registration for entry schedule of type minecraft:item
[13Jan2025 22:54:00.778] [modloading-worker-0/DEBUG] [com.tterrag.registrate.AbstractRegistrate/REGISTRATE.REGISTER]: Captured registration for entry empty_schematic of type minecraft:item
[13Jan2025 22:54:00.780] [modloading-worker-0/DEBUG] [com.tterrag.registrate.AbstractRegistrate/REGISTRATE.REGISTER]: Captured registration for entry schematic_and_quill of type minecraft:item
[13Jan2025 22:54:00.783] [modloading-worker-0/DEBUG] [com.tterrag.registrate.AbstractRegistrate/REGISTRATE.REGISTER]: Captured registration for entry schematic of type minecraft:item
[13Jan2025 22:54:00.781] [modloading-worker-0/INFO] [insane96mcp.insanelib.InsaneLib/]: Found (COMMON) InsaneLib Feature class insane96mcp.enhancedai.modules.pets.snowgolem.SnowGolems
[13Jan2025 22:54:00.785] [modloading-worker-0/DEBUG] [com.tterrag.registrate.AbstractRegistrate/REGISTRATE.REGISTER]: Captured registration for entry copper_backtank of type minecraft:block
[13Jan2025 22:54:00.786] [modloading-worker-0/DEBUG] [com.tterrag.registrate.AbstractRegistrate/REGISTRATE.REGISTER]: Captured registration for entry netherite_backtank of type minecraft:block
[13Jan2025 22:54:00.789] [modloading-worker-0/INFO] [insane96mcp.insanelib.InsaneLib/]: Found (COMMON) InsaneLib Feature class insane96mcp.enhancedai.modules.pets.IronGolems
[13Jan2025 22:54:00.790] [modloading-worker-0/DEBUG] [com.tterrag.registrate.AbstractRegistrate/REGISTRATE.REGISTER]: Captured registration for entry peculiar_bell of type minecraft:item
[13Jan2025 22:54:00.791] [modloading-worker-0/DEBUG] [com.tterrag.registrate.AbstractRegistrate/REGISTRATE.REGISTER]: Captured registration for entry peculiar_bell of type minecraft:block
[13Jan2025 22:54:00.792] [modloading-worker-0/DEBUG] [com.tterrag.registrate.AbstractRegistrate/REGISTRATE.REGISTER]: Captured registration for entry haunted_bell of type minecraft:item
[13Jan2025 22:54:00.793] [modloading-worker-0/DEBUG] [com.tterrag.registrate.AbstractRegistrate/REGISTRATE.REGISTER]: Captured registration for entry haunted_bell of type minecraft:block
[13Jan2025 22:54:00.793] [modloading-worker-0/INFO] [insane96mcp.insanelib.InsaneLib/]: Found (COMMON) InsaneLib Feature class insane96mcp.enhancedai.modules.mobs.WardenInteractions
[13Jan2025 22:54:00.798] [modloading-worker-0/DEBUG] [com.tterrag.registrate.AbstractRegistrate/REGISTRATE.REGISTER]: Captured registration for entry white_toolbox of type minecraft:item
[13Jan2025 22:54:00.802] [modloading-worker-0/DEBUG] [com.tterrag.registrate.AbstractRegistrate/REGISTRATE.REGISTER]: Captured registration for entry white_toolbox of type minecraft:block
[13Jan2025 22:54:00.803] [modloading-worker-0/DEBUG] [com.tterrag.registrate.AbstractRegistrate/REGISTRATE.REGISTER]: Captured registration for entry orange_toolbox of type minecraft:item
[13Jan2025 22:54:00.803] [modloading-worker-0/DEBUG] [com.tterrag.registrate.AbstractRegistrate/REGISTRATE.REGISTER]: Captured registration for entry orange_toolbox of type minecraft:block
[13Jan2025 22:54:00.803] [modloading-worker-0/DEBUG] [com.tterrag.registrate.AbstractRegistrate/REGISTRATE.REGISTER]: Captured registration for entry magenta_toolbox of type minecraft:item
[13Jan2025 22:54:00.803] [modloading-worker-0/DEBUG] [com.tterrag.registrate.AbstractRegistrate/REGISTRATE.REGISTER]: Captured registration for entry magenta_toolbox of type minecraft:block
[13Jan2025 22:54:00.803] [modloading-worker-0/DEBUG] [com.tterrag.registrate.AbstractRegistrate/REGISTRATE.REGISTER]: Captured registration for entry light_blue_toolbox of type minecraft:item
[13Jan2025 22:54:00.803] [modloading-worker-0/DEBUG] [com.tterrag.registrate.AbstractRegistrate/REGISTRATE.REGISTER]: Captured registration for entry light_blue_toolbox of type minecraft:block
[13Jan2025 22:54:00.804] [modloading-worker-0/DEBUG] [com.tterrag.registrate.AbstractRegistrate/REGISTRATE.REGISTER]: Captured registration for entry yellow_toolbox of type minecraft:item
[13Jan2025 22:54:00.804] [modloading-worker-0/DEBUG] [com.tterrag.registrate.AbstractRegistrate/REGISTRATE.REGISTER]: Captured registration for entry yellow_toolbox of type minecraft:block
[13Jan2025 22:54:00.804] [modloading-worker-0/DEBUG] [com.tterrag.registrate.AbstractRegistrate/REGISTRATE.REGISTER]: Captured registration for entry lime_toolbox of type minecraft:item
[13Jan2025 22:54:00.804] [modloading-worker-0/DEBUG] [com.tterrag.registrate.AbstractRegistrate/REGISTRATE.REGISTER]: Captured registration for entry lime_toolbox of type minecraft:block
[13Jan2025 22:54:00.804] [modloading-worker-0/DEBUG] [com.tterrag.registrate.AbstractRegistrate/REGISTRATE.REGISTER]: Captured registration for entry pink_toolbox of type minecraft:item
[13Jan2025 22:54:00.804] [modloading-worker-0/DEBUG] [com.tterrag.registrate.AbstractRegistrate/REGISTRATE.REGISTER]: Captured registration for entry pink_toolbox of type minecraft:block
[13Jan2025 22:54:00.804] [modloading-worker-0/DEBUG] [com.tterrag.registrate.AbstractRegistrate/REGISTRATE.REGISTER]: Captured registration for entry gray_toolbox of type minecraft:item
[13Jan2025 22:54:00.804] [modloading-worker-0/DEBUG] [com.tterrag.registrate.AbstractRegistrate/REGISTRATE.REGISTER]: Captured registration for entry gray_toolbox of type minecraft:block
[13Jan2025 22:54:00.805] [modloading-worker-0/DEBUG] [com.tterrag.registrate.AbstractRegistrate/REGISTRATE.REGISTER]: Captured registration for entry light_gray_toolbox of type minecraft:item
[13Jan2025 22:54:00.805] [modloading-worker-0/DEBUG] [com.tterrag.registrate.AbstractRegistrate/REGISTRATE.REGISTER]: Captured registration for entry light_gray_toolbox of type minecraft:block
[13Jan2025 22:54:00.805] [modloading-worker-0/DEBUG] [com.tterrag.registrate.AbstractRegistrate/REGISTRATE.REGISTER]: Captured registration for entry cyan_toolbox of type minecraft:item
[13Jan2025 22:54:00.805] [modloading-worker-0/DEBUG] [com.tterrag.registrate.AbstractRegistrate/REGISTRATE.REGISTER]: Captured registration for entry cyan_toolbox of type minecraft:block
[13Jan2025 22:54:00.805] [modloading-worker-0/DEBUG] [com.tterrag.registrate.AbstractRegistrate/REGISTRATE.REGISTER]: Captured registration for entry purple_toolbox of type minecraft:item
[13Jan2025 22:54:00.805] [modloading-worker-0/DEBUG] [com.tterrag.registrate.AbstractRegistrate/REGISTRATE.REGISTER]: Captured registration for entry purple_toolbox of type minecraft:block
[13Jan2025 22:54:00.806] [modloading-worker-0/DEBUG] [com.tterrag.registrate.AbstractRegistrate/REGISTRATE.REGISTER]: Captured registration for entry blue_toolbox of type minecraft:item
[13Jan2025 22:54:00.806] [modloading-worker-0/DEBUG] [com.tterrag.registrate.AbstractRegistrate/REGISTRATE.REGISTER]: Captured registration for entry blue_toolbox of type minecraft:block
[13Jan2025 22:54:00.806] [modloading-worker-0/DEBUG] [com.tterrag.registrate.AbstractRegistrate/REGISTRATE.REGISTER]: Captured registration for entry brown_toolbox of type minecraft:item
[13Jan2025 22:54:00.806] [modloading-worker-0/DEBUG] [com.tterrag.registrate.AbstractRegistrate/REGISTRATE.REGISTER]: Captured registration for entry brown_toolbox of type minecraft:block
[13Jan2025 22:54:00.806] [modloading-worker-0/DEBUG] [com.tterrag.registrate.AbstractRegistrate/REGISTRATE.REGISTER]: Captured registration for entry green_toolbox of type minecraft:item
[13Jan2025 22:54:00.806] [modloading-worker-0/DEBUG] [com.tterrag.registrate.AbstractRegistrate/REGISTRATE.REGISTER]: Captured registration for entry green_toolbox of type minecraft:block
[13Jan2025 22:54:00.807] [modloading-worker-0/DEBUG] [com.tterrag.registrate.AbstractRegistrate/REGISTRATE.REGISTER]: Captured registration for entry red_toolbox of type minecraft:item
[13Jan2025 22:54:00.807] [modloading-worker-0/DEBUG] [com.tterrag.registrate.AbstractRegistrate/REGISTRATE.REGISTER]: Captured registration for entry red_toolbox of type minecraft:block
[13Jan2025 22:54:00.807] [modloading-worker-0/DEBUG] [com.tterrag.registrate.AbstractRegistrate/REGISTRATE.REGISTER]: Captured registration for entry black_toolbox of type minecraft:item
[13Jan2025 22:54:00.807] [modloading-worker-0/DEBUG] [com.tterrag.registrate.AbstractRegistrate/REGISTRATE.REGISTER]: Captured registration for entry black_toolbox of type minecraft:block
[13Jan2025 22:54:00.802] [modloading-worker-0/INFO] [insane96mcp.insanelib.InsaneLib/]: Found (COMMON) InsaneLib Feature class insane96mcp.enhancedai.modules.mobs.targeting.Targeting
[13Jan2025 22:54:00.812] [modloading-worker-0/DEBUG] [com.tterrag.registrate.AbstractRegistrate/REGISTRATE.REGISTER]: Captured registration for entry clipboard of type minecraft:item
[13Jan2025 22:54:00.816] [modloading-worker-0/DEBUG] [com.tterrag.registrate.AbstractRegistrate/REGISTRATE.REGISTER]: Captured registration for entry clipboard of type minecraft:block
[13Jan2025 22:54:00.819] [modloading-worker-0/DEBUG] [com.tterrag.registrate.AbstractRegistrate/REGISTRATE.REGISTER]: Captured registration for entry andesite_ladder of type minecraft:item
[13Jan2025 22:54:00.816] [modloading-worker-0/DEBUG] [net.minecraftforge.fml.javafmlmod.AutomaticEventSubscriber/LOADING]: Attempting to inject @EventBusSubscriber classes into the eventbus for corgilib
[13Jan2025 22:54:00.819] [modloading-worker-0/DEBUG] [net.minecraftforge.fml.javafmlmod.AutomaticEventSubscriber/LOADING]: Auto-subscribing corgitaco.corgilib.forge.CorgiLibForgeEvents to FORGE
[13Jan2025 22:54:00.820] [modloading-worker-0/INFO] [insane96mcp.insanelib.InsaneLib/]: Found (COMMON) InsaneLib Feature class insane96mcp.enhancedai.modules.mobs.Spawning
[13Jan2025 22:54:00.821] [modloading-worker-0/INFO] [insane96mcp.insanelib.InsaneLib/]: Found (COMMON) InsaneLib Feature class insane96mcp.enhancedai.modules.mobs.riding.Riding
[13Jan2025 22:54:00.823] [modloading-worker-0/DEBUG] [com.tterrag.registrate.AbstractRegistrate/REGISTRATE.REGISTER]: Captured registration for entry andesite_ladder of type minecraft:block
[13Jan2025 22:54:00.824] [modloading-worker-0/DEBUG] [com.tterrag.registrate.AbstractRegistrate/REGISTRATE.REGISTER]: Captured registration for entry brass_ladder of type minecraft:item
[13Jan2025 22:54:00.824] [modloading-worker-0/DEBUG] [com.tterrag.registrate.AbstractRegistrate/REGISTRATE.REGISTER]: Captured registration for entry brass_ladder of type minecraft:block
[13Jan2025 22:54:00.825] [modloading-worker-0/DEBUG] [com.tterrag.registrate.AbstractRegistrate/REGISTRATE.REGISTER]: Captured registration for entry copper_ladder of type minecraft:item
[13Jan2025 22:54:00.825] [modloading-worker-0/DEBUG] [com.tterrag.registrate.AbstractRegistrate/REGISTRATE.REGISTER]: Captured registration for entry copper_ladder of type minecraft:block
[13Jan2025 22:54:00.824] [modloading-worker-0/INFO] [insane96mcp.insanelib.InsaneLib/]: Found (COMMON) InsaneLib Feature class insane96mcp.enhancedai.modules.mobs.pearler.PearlerMobs
[13Jan2025 22:54:00.828] [modloading-worker-0/DEBUG] [com.tterrag.registrate.AbstractRegistrate/REGISTRATE.REGISTER]: Captured registration for entry andesite_bars of type minecraft:item
[13Jan2025 22:54:00.828] [modloading-worker-0/DEBUG] [com.tterrag.registrate.AbstractRegistrate/REGISTRATE.REGISTER]: Captured registration for entry andesite_bars of type minecraft:block
[13Jan2025 22:54:00.828] [modloading-worker-0/DEBUG] [com.tterrag.registrate.AbstractRegistrate/REGISTRATE.REGISTER]: Captured registration for entry brass_bars of type minecraft:item
[13Jan2025 22:54:00.828] [modloading-worker-0/DEBUG] [com.tterrag.registrate.AbstractRegistrate/REGISTRATE.REGISTER]: Captured registration for entry brass_bars of type minecraft:block
[13Jan2025 22:54:00.828] [modloading-worker-0/DEBUG] [com.tterrag.registrate.AbstractRegistrate/REGISTRATE.REGISTER]: Captured registration for entry copper_bars of type minecraft:item
[13Jan2025 22:54:00.828] [modloading-worker-0/DEBUG] [com.tterrag.registrate.AbstractRegistrate/REGISTRATE.REGISTER]: Captured registration for entry copper_bars of type minecraft:block
[13Jan2025 22:54:00.830] [modloading-worker-0/INFO] [insane96mcp.insanelib.InsaneLib/]: Found (COMMON) InsaneLib Feature class insane96mcp.enhancedai.modules.mobs.OpenDoors
[13Jan2025 22:54:00.833] [modloading-worker-0/INFO] [insane96mcp.insanelib.InsaneLib/]: Found (COMMON) InsaneLib Feature class insane96mcp.enhancedai.modules.mobs.movement.Movement
[13Jan2025 22:54:00.833] [modloading-worker-0/DEBUG] [Framework/]: Loaded com.mrcrayfish.framework.platform.ForgePlatformHelper@394d2e79 for service interface com.mrcrayfish.framework.platform.services.IPlatformHelper
[13Jan2025 22:54:00.835] [modloading-worker-0/DEBUG] [Framework/]: Loaded com.mrcrayfish.framework.platform.ForgeNetworkHelper@35f3848 for service interface com.mrcrayfish.framework.platform.services.INetworkHelper
[13Jan2025 22:54:00.836] [modloading-worker-0/DEBUG] [Framework/]: Loaded com.mrcrayfish.framework.platform.ForgeRegistrationHelper@4567ebaa for service interface com.mrcrayfish.framework.platform.services.IRegistrationHelper
[13Jan2025 22:54:00.837] [modloading-worker-0/DEBUG] [Framework/]: Loaded com.mrcrayfish.framework.platform.ForgeEntityHelper@4b106775 for service interface com.mrcrayfish.framework.platform.services.IEntityHelper
[13Jan2025 22:54:00.837] [modloading-worker-0/DEBUG] [Framework/]: Loaded com.mrcrayfish.framework.platform.ForgeItemHelper@f993901 for service interface com.mrcrayfish.framework.platform.services.IItemHelper
[13Jan2025 22:54:00.836] [modloading-worker-0/INFO] [insane96mcp.insanelib.InsaneLib/]: Found (COMMON) InsaneLib Feature class insane96mcp.enhancedai.modules.mobs.miner.MinerMobs
[13Jan2025 22:54:00.839] [modloading-worker-0/DEBUG] [Framework/]: Loaded com.mrcrayfish.framework.platform.ForgeConfigHelper@58721039 for service interface com.mrcrayfish.framework.platform.services.IConfigHelper
[13Jan2025 22:54:00.842] [modloading-worker-0/INFO] [insane96mcp.insanelib.InsaneLib/]: Found (COMMON) InsaneLib Feature class insane96mcp.enhancedai.modules.mobs.MeleeAttacking
[13Jan2025 22:54:00.844] [modloading-worker-0/INFO] [insane96mcp.insanelib.InsaneLib/]: Found (COMMON) InsaneLib Feature class insane96mcp.enhancedai.modules.mobs.leap.Leap
[13Jan2025 22:54:00.846] [modloading-worker-0/INFO] [insane96mcp.insanelib.InsaneLib/]: Found (COMMON) InsaneLib Feature class insane96mcp.enhancedai.modules.mobs.Jump
[13Jan2025 22:54:00.849] [modloading-worker-0/INFO] [insane96mcp.insanelib.InsaneLib/]: Found (COMMON) InsaneLib Feature class insane96mcp.enhancedai.modules.mobs.ItemDisruption
[13Jan2025 22:54:00.852] [modloading-worker-0/INFO] [insane96mcp.insanelib.InsaneLib/]: Found (COMMON) InsaneLib Feature class insane96mcp.enhancedai.modules.mobs.flee.Flee
[13Jan2025 22:54:00.855] [modloading-worker-0/INFO] [insane96mcp.insanelib.InsaneLib/]: Found (COMMON) InsaneLib Feature class insane96mcp.enhancedai.modules.mobs.fisher.FisherMobs
[13Jan2025 22:54:00.859] [modloading-worker-0/DEBUG] [com.tterrag.registrate.AbstractRegistrate/REGISTRATE.REGISTER]: Captured registration for entry andesite_scaffolding of type minecraft:item
[13Jan2025 22:54:00.860] [modloading-worker-0/DEBUG] [com.tterrag.registrate.AbstractRegistrate/REGISTRATE.REGISTER]: Captured registration for entry andesite_scaffolding of type minecraft:block
[13Jan2025 22:54:00.860] [modloading-worker-0/DEBUG] [com.tterrag.registrate.AbstractRegistrate/REGISTRATE.REGISTER]: Captured registration for entry brass_scaffolding of type minecraft:item
[13Jan2025 22:54:00.860] [modloading-worker-0/DEBUG] [com.tterrag.registrate.AbstractRegistrate/REGISTRATE.REGISTER]: Captured registration for entry brass_scaffolding of type minecraft:block
[13Jan2025 22:54:00.861] [modloading-worker-0/DEBUG] [com.tterrag.registrate.AbstractRegistrate/REGISTRATE.REGISTER]: Captured registration for entry copper_scaffolding of type minecraft:item
[13Jan2025 22:54:00.861] [modloading-worker-0/DEBUG] [com.tterrag.registrate.AbstractRegistrate/REGISTRATE.REGISTER]: Captured registration for entry copper_scaffolding of type minecraft:block
[13Jan2025 22:54:00.859] [modloading-worker-0/INFO] [insane96mcp.insanelib.InsaneLib/]: Found (COMMON) InsaneLib Feature class insane96mcp.enhancedai.modules.mobs.breakanger.BreakAnger
[13Jan2025 22:54:00.863] [modloading-worker-0/DEBUG] [com.tterrag.registrate.AbstractRegistrate/REGISTRATE.REGISTER]: Captured registration for entry metal_girder of type minecraft:item
[13Jan2025 22:54:00.864] [modloading-worker-0/DEBUG] [com.tterrag.registrate.AbstractRegistrate/REGISTRATE.REGISTER]: Captured registration for entry metal_girder of type minecraft:block
[13Jan2025 22:54:00.865] [modloading-worker-0/INFO] [insane96mcp.insanelib.InsaneLib/]: Found (COMMON) InsaneLib Feature class insane96mcp.enhancedai.modules.mobs.BitingMobs
[13Jan2025 22:54:00.867] [modloading-worker-0/DEBUG] [com.tterrag.registrate.AbstractRegistrate/REGISTRATE.REGISTER]: Captured registration for entry metal_girder_encased_shaft of type minecraft:block
[13Jan2025 22:54:00.867] [modloading-worker-0/INFO] [insane96mcp.insanelib.InsaneLib/]: Found (COMMON) InsaneLib Feature class insane96mcp.enhancedai.modules.mobs.avoidexplosion.AvoidExplosions
[13Jan2025 22:54:00.868] [modloading-worker-0/DEBUG] [com.tterrag.registrate.AbstractRegistrate/REGISTRATE.REGISTER]: Captured registration for entry copycat_base of type minecraft:block
[13Jan2025 22:54:00.870] [modloading-worker-0/INFO] [insane96mcp.insanelib.InsaneLib/]: Found (COMMON) InsaneLib Feature class insane96mcp.enhancedai.modules.mobs.anticheese.AntiCheese
[13Jan2025 22:54:00.877] [modloading-worker-0/INFO] [insane96mcp.insanelib.InsaneLib/]: Found (COMMON) InsaneLib Feature class insane96mcp.enhancedai.modules.illager.shoot.PillagerShoot
[13Jan2025 22:54:00.881] [modloading-worker-0/INFO] [insane96mcp.insanelib.InsaneLib/]: Found (COMMON) InsaneLib Feature class insane96mcp.enhancedai.modules.illager.RavagerFeature
[13Jan2025 22:54:00.884] [modloading-worker-0/INFO] [insane96mcp.insanelib.InsaneLib/]: Found (COMMON) InsaneLib Feature class insane96mcp.enhancedai.modules.illager.PillagerFleeTarget
[13Jan2025 22:54:00.887] [modloading-worker-0/INFO] [insane96mcp.insanelib.InsaneLib/]: Found (COMMON) InsaneLib Feature class insane96mcp.enhancedai.modules.ghast.GhastShoot
[13Jan2025 22:54:00.887] [modloading-worker-0/DEBUG] [com.tterrag.registrate.AbstractRegistrate/REGISTRATE.REGISTER]: Captured registration for entry copycat_step of type minecraft:item
[13Jan2025 22:54:00.888] [modloading-worker-0/DEBUG] [com.tterrag.registrate.AbstractRegistrate/REGISTRATE.REGISTER]: Captured registration for entry copycat_step of type minecraft:block
[13Jan2025 22:54:00.889] [modloading-worker-0/INFO] [insane96mcp.insanelib.InsaneLib/]: Found (COMMON) InsaneLib Feature class insane96mcp.enhancedai.modules.enderman.getoverhere.GetOverHere
[13Jan2025 22:54:00.891] [modloading-worker-0/DEBUG] [MrCrayfish's Furniture Mod: Refurbished/]: Loaded com.mrcrayfish.furniture.refurbished.platform.ForgePlatformHelper@3a15cf53 for service interface com.mrcrayfish.furniture.refurbished.platform.services.IPlatformHelper
[13Jan2025 22:54:00.893] [modloading-worker-0/DEBUG] [com.tterrag.registrate.AbstractRegistrate/REGISTRATE.REGISTER]: Captured registration for entry copycat_panel of type minecraft:item
[13Jan2025 22:54:00.893] [modloading-worker-0/INFO] [insane96mcp.insanelib.InsaneLib/]: Found (COMMON) InsaneLib Feature class insane96mcp.enhancedai.modules.drowned.DrownedSwimming
[13Jan2025 22:54:00.894] [modloading-worker-0/DEBUG] [com.tterrag.registrate.AbstractRegistrate/REGISTRATE.REGISTER]: Captured registration for entry copycat_panel of type minecraft:block
[13Jan2025 22:54:00.895] [modloading-worker-0/DEBUG] [com.tterrag.registrate.AbstractRegistrate/REGISTRATE.REGISTER]: Captured registration for entry copycat_bars of type minecraft:block
[13Jan2025 22:54:00.898] [modloading-worker-0/DEBUG] [com.tterrag.registrate.AbstractRegistrate/REGISTRATE.REGISTER]: Captured registration for entry white_seat of type minecraft:item
[13Jan2025 22:54:00.899] [modloading-worker-0/DEBUG] [com.tterrag.registrate.AbstractRegistrate/REGISTRATE.REGISTER]: Captured registration for entry white_seat of type minecraft:block
[13Jan2025 22:54:00.899] [modloading-worker-0/DEBUG] [com.tterrag.registrate.AbstractRegistrate/REGISTRATE.REGISTER]: Captured registration for entry orange_seat of type minecraft:item
[13Jan2025 22:54:00.899] [modloading-worker-0/DEBUG] [com.tterrag.registrate.AbstractRegistrate/REGISTRATE.REGISTER]: Captured registration for entry orange_seat of type minecraft:block
[13Jan2025 22:54:00.899] [modloading-worker-0/DEBUG] [com.tterrag.registrate.AbstractRegistrate/REGISTRATE.REGISTER]: Captured registration for entry magenta_seat of type minecraft:item
[13Jan2025 22:54:00.899] [modloading-worker-0/DEBUG] [com.tterrag.registrate.AbstractRegistrate/REGISTRATE.REGISTER]: Captured registration for entry magenta_seat of type minecraft:block
[13Jan2025 22:54:00.899] [modloading-worker-0/DEBUG] [com.tterrag.registrate.AbstractRegistrate/REGISTRATE.REGISTER]: Captured registration for entry light_blue_seat of type minecraft:item
[13Jan2025 22:54:00.899] [modloading-worker-0/DEBUG] [com.tterrag.registrate.AbstractRegistrate/REGISTRATE.REGISTER]: Captured registration for entry light_blue_seat of type minecraft:block
[13Jan2025 22:54:00.902] [modloading-worker-0/INFO] [insane96mcp.insanelib.InsaneLib/]: Found (COMMON) InsaneLib Feature class insane96mcp.enhancedai.modules.creeper.CreeperSwell
[13Jan2025 22:54:00.903] [modloading-worker-0/DEBUG] [MrCrayfish's Furniture Mod: Refurbished/]: Loaded com.mrcrayfish.furniture.refurbished.platform.ForgeBlockHelper@6b7c6fb8 for service interface com.mrcrayfish.furniture.refurbished.platform.services.IBlockHelper
[13Jan2025 22:54:00.909] [modloading-worker-0/DEBUG] [com.tterrag.registrate.AbstractRegistrate/REGISTRATE.REGISTER]: Captured registration for entry yellow_seat of type minecraft:item
[13Jan2025 22:54:00.909] [modloading-worker-0/DEBUG] [com.tterrag.registrate.AbstractRegistrate/REGISTRATE.REGISTER]: Captured registration for entry yellow_seat of type minecraft:block
[13Jan2025 22:54:00.909] [modloading-worker-0/DEBUG] [com.tterrag.registrate.AbstractRegistrate/REGISTRATE.REGISTER]: Captured registration for entry lime_seat of type minecraft:item
[13Jan2025 22:54:00.909] [modloading-worker-0/DEBUG] [com.tterrag.registrate.AbstractRegistrate/REGISTRATE.REGISTER]: Captured registration for entry lime_seat of type minecraft:block
[13Jan2025 22:54:00.909] [modloading-worker-0/DEBUG] [com.tterrag.registrate.AbstractRegistrate/REGISTRATE.REGISTER]: Captured registration for entry pink_seat of type minecraft:item
[13Jan2025 22:54:00.910] [modloading-worker-0/DEBUG] [com.tterrag.registrate.AbstractRegistrate/REGISTRATE.REGISTER]: Captured registration for entry pink_seat of type minecraft:block
[13Jan2025 22:54:00.910] [modloading-worker-0/DEBUG] [com.tterrag.registrate.AbstractRegistrate/REGISTRATE.REGISTER]: Captured registration for entry gray_seat of type minecraft:item
[13Jan2025 22:54:00.910] [modloading-worker-0/DEBUG] [com.tterrag.registrate.AbstractRegistrate/REGISTRATE.REGISTER]: Captured registration for entry gray_seat of type minecraft:block
[13Jan2025 22:54:00.910] [modloading-worker-0/DEBUG] [com.tterrag.registrate.AbstractRegistrate/REGISTRATE.REGISTER]: Captured registration for entry light_gray_seat of type minecraft:item
[13Jan2025 22:54:00.910] [modloading-worker-0/DEBUG] [com.tterrag.registrate.AbstractRegistrate/REGISTRATE.REGISTER]: Captured registration for entry light_gray_seat of type minecraft:block
[13Jan2025 22:54:00.910] [modloading-worker-0/DEBUG] [com.tterrag.registrate.AbstractRegistrate/REGISTRATE.REGISTER]: Captured registration for entry cyan_seat of type minecraft:item
[13Jan2025 22:54:00.911] [modloading-worker-0/DEBUG] [com.tterrag.registrate.AbstractRegistrate/REGISTRATE.REGISTER]: Captured registration for entry cyan_seat of type minecraft:block
[13Jan2025 22:54:00.911] [modloading-worker-0/DEBUG] [com.tterrag.registrate.AbstractRegistrate/REGISTRATE.REGISTER]: Captured registration for entry purple_seat of type minecraft:item
[13Jan2025 22:54:00.911] [modloading-worker-0/DEBUG] [com.tterrag.registrate.AbstractRegistrate/REGISTRATE.REGISTER]: Captured registration for entry purple_seat of type minecraft:block
[13Jan2025 22:54:00.911] [modloading-worker-0/DEBUG] [com.tterrag.registrate.AbstractRegistrate/REGISTRATE.REGISTER]: Captured registration for entry blue_seat of type minecraft:item
[13Jan2025 22:54:00.912] [modloading-worker-0/DEBUG] [com.tterrag.registrate.AbstractRegistrate/REGISTRATE.REGISTER]: Captured registration for entry blue_seat of type minecraft:block
[13Jan2025 22:54:00.912] [modloading-worker-0/DEBUG] [com.tterrag.registrate.AbstractRegistrate/REGISTRATE.REGISTER]: Captured registration for entry brown_seat of type minecraft:item
[13Jan2025 22:54:00.912] [modloading-worker-0/DEBUG] [com.tterrag.registrate.AbstractRegistrate/REGISTRATE.REGISTER]: Captured registration for entry brown_seat of type minecraft:block
[13Jan2025 22:54:00.912] [modloading-worker-0/DEBUG] [com.tterrag.registrate.AbstractRegistrate/REGISTRATE.REGISTER]: Captured registration for entry green_seat of type minecraft:item
[13Jan2025 22:54:00.912] [modloading-worker-0/DEBUG] [com.tterrag.registrate.AbstractRegistrate/REGISTRATE.REGISTER]: Captured registration for entry green_seat of type minecraft:block
[13Jan2025 22:54:00.912] [modloading-worker-0/DEBUG] [com.tterrag.registrate.AbstractRegistrate/REGISTRATE.REGISTER]: Captured registration for entry red_seat of type minecraft:item
[13Jan2025 22:54:00.912] [modloading-worker-0/DEBUG] [com.tterrag.registrate.AbstractRegistrate/REGISTRATE.REGISTER]: Captured registration for entry red_seat of type minecraft:block
[13Jan2025 22:54:00.912] [modloading-worker-0/DEBUG] [com.tterrag.registrate.AbstractRegistrate/REGISTRATE.REGISTER]: Captured registration for entry black_seat of type minecraft:item
[13Jan2025 22:54:00.912] [modloading-worker-0/DEBUG] [com.tterrag.registrate.AbstractRegistrate/REGISTRATE.REGISTER]: Captured registration for entry black_seat of type minecraft:block
[13Jan2025 22:54:00.919] [modloading-worker-0/INFO] [insane96mcp.insanelib.InsaneLib/]: Found (COMMON) InsaneLib Feature class insane96mcp.enhancedai.modules.bugs.silverfish.SilverfishFeature
[13Jan2025 22:54:00.919] [modloading-worker-0/DEBUG] [MrCrayfish's Furniture Mod: Refurbished/]: Loaded com.mrcrayfish.furniture.refurbished.platform.ForgeBlockEntityHelper@52838a9c for service interface com.mrcrayfish.furniture.refurbished.platform.services.IBlockEntityHelper
[13Jan2025 22:54:00.920] [modloading-worker-0/DEBUG] [MrCrayfish's Furniture Mod: Refurbished/]: Loaded com.mrcrayfish.furniture.refurbished.platform.ForgeItemHelper@5c3e8da6 for service interface com.mrcrayfish.furniture.refurbished.platform.services.IItemHelper
[13Jan2025 22:54:00.921] [modloading-worker-0/DEBUG] [MrCrayfish's Furniture Mod: Refurbished/]: Loaded com.mrcrayfish.furniture.refurbished.platform.ForgeEntityHelper@72f239ba for service interface com.mrcrayfish.furniture.refurbished.platform.services.IEntityHelper
[13Jan2025 22:54:00.921] [modloading-worker-0/INFO] [insane96mcp.insanelib.InsaneLib/]: Found (COMMON) InsaneLib Feature class insane96mcp.enhancedai.modules.blaze.BlazeAttack
[13Jan2025 22:54:00.922] [modloading-worker-0/DEBUG] [MrCrayfish's Furniture Mod: Refurbished/]: Loaded com.mrcrayfish.furniture.refurbished.platform.ForgeRecipeHelper@250e631f for service interface com.mrcrayfish.furniture.refurbished.platform.services.IRecipeHelper
[13Jan2025 22:54:00.924] [modloading-worker-0/DEBUG] [MrCrayfish's Furniture Mod: Refurbished/]: Loaded com.mrcrayfish.furniture.refurbished.platform.ForgeFluidHelper@13f23f85 for service interface com.mrcrayfish.furniture.refurbished.platform.services.IFluidHelper
[13Jan2025 22:54:00.924] [modloading-worker-0/INFO] [insane96mcp.insanelib.InsaneLib/]: Found (COMMON) InsaneLib Feature class insane96mcp.enhancedai.modules.animal.NotTemptedAnimals
[13Jan2025 22:54:00.925] [modloading-worker-0/DEBUG] [MrCrayfish's Furniture Mod: Refurbished/]: Loaded com.mrcrayfish.furniture.refurbished.platform.ForgeTagHelper@5e3d2d92 for service interface com.mrcrayfish.furniture.refurbished.platform.services.ITagHelper
[13Jan2025 22:54:00.925] [modloading-worker-0/INFO] [insane96mcp.insanelib.InsaneLib/]: Found (COMMON) InsaneLib Feature class insane96mcp.enhancedai.modules.animal.AnimalsGroupFlee
[13Jan2025 22:54:00.928] [modloading-worker-0/DEBUG] [com.tterrag.registrate.AbstractRegistrate/REGISTRATE.REGISTER]: Captured registration for entry andesite_door of type minecraft:item
[13Jan2025 22:54:00.928] [modloading-worker-0/DEBUG] [com.tterrag.registrate.AbstractRegistrate/REGISTRATE.REGISTER]: Captured registration for entry andesite_door of type minecraft:block
[13Jan2025 22:54:00.929] [modloading-worker-0/DEBUG] [com.tterrag.registrate.AbstractRegistrate/REGISTRATE.REGISTER]: Captured registration for entry brass_door of type minecraft:item
[13Jan2025 22:54:00.929] [modloading-worker-0/DEBUG] [MrCrayfish's Furniture Mod: Refurbished/]: Loaded com.mrcrayfish.furniture.refurbished.platform.ForgeMenuHelper@65321965 for service interface com.mrcrayfish.furniture.refurbished.platform.services.IMenuHelper
[13Jan2025 22:54:00.929] [modloading-worker-0/DEBUG] [com.tterrag.registrate.AbstractRegistrate/REGISTRATE.REGISTER]: Captured registration for entry brass_door of type minecraft:block
[13Jan2025 22:54:00.930] [modloading-worker-0/DEBUG] [com.tterrag.registrate.AbstractRegistrate/REGISTRATE.REGISTER]: Captured registration for entry copper_door of type minecraft:item
[13Jan2025 22:54:00.930] [modloading-worker-0/DEBUG] [com.tterrag.registrate.AbstractRegistrate/REGISTRATE.REGISTER]: Captured registration for entry copper_door of type minecraft:block
[13Jan2025 22:54:00.930] [modloading-worker-0/DEBUG] [com.tterrag.registrate.AbstractRegistrate/REGISTRATE.REGISTER]: Captured registration for entry train_door of type minecraft:item
[13Jan2025 22:54:00.930] [modloading-worker-0/DEBUG] [com.tterrag.registrate.AbstractRegistrate/REGISTRATE.REGISTER]: Captured registration for entry train_door of type minecraft:block
[13Jan2025 22:54:00.932] [modloading-worker-0/DEBUG] [com.tterrag.registrate.AbstractRegistrate/REGISTRATE.REGISTER]: Captured registration for entry train_trapdoor of type minecraft:item
[13Jan2025 22:54:00.932] [modloading-worker-0/DEBUG] [com.tterrag.registrate.AbstractRegistrate/REGISTRATE.REGISTER]: Captured registration for entry train_trapdoor of type minecraft:block
[13Jan2025 22:54:00.932] [modloading-worker-0/DEBUG] [com.tterrag.registrate.AbstractRegistrate/REGISTRATE.REGISTER]: Captured registration for entry framed_glass_door of type minecraft:item
[13Jan2025 22:54:00.933] [modloading-worker-0/DEBUG] [com.tterrag.registrate.AbstractRegistrate/REGISTRATE.REGISTER]: Captured registration for entry framed_glass_door of type minecraft:block
[13Jan2025 22:54:00.933] [modloading-worker-0/DEBUG] [com.tterrag.registrate.AbstractRegistrate/REGISTRATE.REGISTER]: Captured registration for entry framed_glass_trapdoor of type minecraft:item
[13Jan2025 22:54:00.934] [modloading-worker-0/DEBUG] [com.tterrag.registrate.AbstractRegistrate/REGISTRATE.REGISTER]: Captured registration for entry framed_glass_trapdoor of type minecraft:block
[13Jan2025 22:54:00.935] [modloading-worker-0/DEBUG] [com.tterrag.registrate.AbstractRegistrate/REGISTRATE.REGISTER]: Captured registration for entry zinc_ore of type minecraft:item
[13Jan2025 22:54:00.935] [modloading-worker-0/DEBUG] [com.tterrag.registrate.AbstractRegistrate/REGISTRATE.REGISTER]: Captured registration for entry zinc_ore of type minecraft:block
[13Jan2025 22:54:00.937] [modloading-worker-0/DEBUG] [com.tterrag.registrate.AbstractRegistrate/REGISTRATE.REGISTER]: Captured registration for entry deepslate_zinc_ore of type minecraft:item
[13Jan2025 22:54:00.937] [modloading-worker-0/DEBUG] [com.tterrag.registrate.AbstractRegistrate/REGISTRATE.REGISTER]: Captured registration for entry deepslate_zinc_ore of type minecraft:block
[13Jan2025 22:54:00.939] [modloading-worker-0/INFO] [insane96mcp.insanelib.InsaneLib/]: Found (COMMON) InsaneLib Feature class insane96mcp.enhancedai.modules.animal.AnimalScaredAttack
[13Jan2025 22:54:00.940] [modloading-worker-0/DEBUG] [com.tterrag.registrate.AbstractRegistrate/REGISTRATE.REGISTER]: Captured registration for entry raw_zinc_block of type minecraft:item
[13Jan2025 22:54:00.940] [modloading-worker-0/DEBUG] [com.tterrag.registrate.AbstractRegistrate/REGISTRATE.REGISTER]: Captured registration for entry raw_zinc_block of type minecraft:block
[13Jan2025 22:54:00.941] [modloading-worker-0/DEBUG] [com.tterrag.registrate.AbstractRegistrate/REGISTRATE.REGISTER]: Captured registration for entry zinc_block of type minecraft:item
[13Jan2025 22:54:00.941] [modloading-worker-0/DEBUG] [com.tterrag.registrate.AbstractRegistrate/REGISTRATE.REGISTER]: Captured registration for entry zinc_block of type minecraft:block
[13Jan2025 22:54:00.941] [modloading-worker-0/DEBUG] [com.tterrag.registrate.AbstractRegistrate/REGISTRATE.REGISTER]: Captured registration for entry andesite_alloy_block of type minecraft:item
[13Jan2025 22:54:00.941] [modloading-worker-0/DEBUG] [com.tterrag.registrate.AbstractRegistrate/REGISTRATE.REGISTER]: Captured registration for entry andesite_alloy_block of type minecraft:block
[13Jan2025 22:54:00.942] [modloading-worker-0/DEBUG] [com.tterrag.registrate.AbstractRegistrate/REGISTRATE.REGISTER]: Captured registration for entry industrial_iron_block of type minecraft:item
[13Jan2025 22:54:00.942] [modloading-worker-0/DEBUG] [com.tterrag.registrate.AbstractRegistrate/REGISTRATE.REGISTER]: Captured registration for entry industrial_iron_block of type minecraft:block
[13Jan2025 22:54:00.943] [modloading-worker-0/DEBUG] [com.tterrag.registrate.AbstractRegistrate/REGISTRATE.REGISTER]: Captured registration for entry brass_block of type minecraft:item
[13Jan2025 22:54:00.943] [modloading-worker-0/DEBUG] [com.tterrag.registrate.AbstractRegistrate/REGISTRATE.REGISTER]: Captured registration for entry brass_block of type minecraft:block
[13Jan2025 22:54:00.944] [modloading-worker-0/DEBUG] [com.tterrag.registrate.AbstractRegistrate/REGISTRATE.REGISTER]: Captured registration for entry experience_block of type minecraft:item
[13Jan2025 22:54:00.944] [modloading-worker-0/DEBUG] [com.tterrag.registrate.AbstractRegistrate/REGISTRATE.REGISTER]: Captured registration for entry experience_block of type minecraft:block
[13Jan2025 22:54:00.945] [modloading-worker-0/DEBUG] [com.tterrag.registrate.AbstractRegistrate/REGISTRATE.REGISTER]: Captured registration for entry rose_quartz_block of type minecraft:item
[13Jan2025 22:54:00.945] [modloading-worker-0/DEBUG] [com.tterrag.registrate.AbstractRegistrate/REGISTRATE.REGISTER]: Captured registration for entry rose_quartz_block of type minecraft:block
[13Jan2025 22:54:00.945] [modloading-worker-0/DEBUG] [com.tterrag.registrate.AbstractRegistrate/REGISTRATE.REGISTER]: Captured registration for entry rose_quartz_tiles of type minecraft:item
[13Jan2025 22:54:00.945] [modloading-worker-0/DEBUG] [com.tterrag.registrate.AbstractRegistrate/REGISTRATE.REGISTER]: Captured registration for entry rose_quartz_tiles of type minecraft:block
[13Jan2025 22:54:00.946] [modloading-worker-0/DEBUG] [com.tterrag.registrate.AbstractRegistrate/REGISTRATE.REGISTER]: Captured registration for entry small_rose_quartz_tiles of type minecraft:item
[13Jan2025 22:54:00.946] [modloading-worker-0/DEBUG] [com.tterrag.registrate.AbstractRegistrate/REGISTRATE.REGISTER]: Captured registration for entry small_rose_quartz_tiles of type minecraft:block
[13Jan2025 22:54:00.961] [modloading-worker-0/DEBUG] [com.tterrag.registrate.AbstractRegistrate/REGISTRATE.REGISTER]: Captured registration for entry copper_shingles of type minecraft:item
[13Jan2025 22:54:00.967] [modloading-worker-0/DEBUG] [com.tterrag.registrate.AbstractRegistrate/REGISTRATE.REGISTER]: Captured registration for entry copper_shingles of type minecraft:block
[13Jan2025 22:54:00.967] [modloading-worker-0/DEBUG] [com.tterrag.registrate.AbstractRegistrate/REGISTRATE.REGISTER]: Captured registration for entry exposed_copper_shingles of type minecraft:item
[13Jan2025 22:54:00.968] [modloading-worker-0/DEBUG] [com.tterrag.registrate.AbstractRegistrate/REGISTRATE.REGISTER]: Captured registration for entry exposed_copper_shingles of type minecraft:block
[13Jan2025 22:54:00.969] [modloading-worker-0/DEBUG] [com.tterrag.registrate.AbstractRegistrate/REGISTRATE.REGISTER]: Captured registration for entry weathered_copper_shingles of type minecraft:item
[13Jan2025 22:54:00.969] [modloading-worker-0/DEBUG] [com.tterrag.registrate.AbstractRegistrate/REGISTRATE.REGISTER]: Captured registration for entry weathered_copper_shingles of type minecraft:block
[13Jan2025 22:54:00.969] [modloading-worker-0/DEBUG] [com.tterrag.registrate.AbstractRegistrate/REGISTRATE.REGISTER]: Captured registration for entry oxidized_copper_shingles of type minecraft:item
[13Jan2025 22:54:00.969] [modloading-worker-0/DEBUG] [com.tterrag.registrate.AbstractRegistrate/REGISTRATE.REGISTER]: Captured registration for entry oxidized_copper_shingles of type minecraft:block
[13Jan2025 22:54:00.967] [modloading-worker-0/DEBUG] [net.minecraftforge.fml.config.ConfigTracker/CONFIG]: Config file enhancedai/common.toml for enhancedai tracking
[13Jan2025 22:54:00.975] [modloading-worker-0/DEBUG] [net.minecraftforge.fml.javafmlmod.AutomaticEventSubscriber/LOADING]: Attempting to inject @EventBusSubscriber classes into the eventbus for enhancedai
[13Jan2025 22:54:00.970] [modloading-worker-0/DEBUG] [com.tterrag.registrate.AbstractRegistrate/REGISTRATE.REGISTER]: Captured registration for entry copper_shingle_slab of type minecraft:item
[13Jan2025 22:54:00.975] [modloading-worker-0/DEBUG] [com.tterrag.registrate.AbstractRegistrate/REGISTRATE.REGISTER]: Captured registration for entry copper_shingle_slab of type minecraft:block
[13Jan2025 22:54:00.975] [modloading-worker-0/DEBUG] [com.tterrag.registrate.AbstractRegistrate/REGISTRATE.REGISTER]: Captured registration for entry exposed_copper_shingle_slab of type minecraft:item
[13Jan2025 22:54:00.976] [modloading-worker-0/DEBUG] [com.tterrag.registrate.AbstractRegistrate/REGISTRATE.REGISTER]: Captured registration for entry exposed_copper_shingle_slab of type minecraft:block
[13Jan2025 22:54:00.976] [modloading-worker-0/DEBUG] [com.tterrag.registrate.AbstractRegistrate/REGISTRATE.REGISTER]: Captured registration for entry weathered_copper_shingle_slab of type minecraft:item
[13Jan2025 22:54:00.976] [modloading-worker-0/DEBUG] [com.tterrag.registrate.AbstractRegistrate/REGISTRATE.REGISTER]: Captured registration for entry weathered_copper_shingle_slab of type minecraft:block
[13Jan2025 22:54:00.976] [modloading-worker-0/DEBUG] [com.tterrag.registrate.AbstractRegistrate/REGISTRATE.REGISTER]: Captured registration for entry oxidized_copper_shingle_slab of type minecraft:item
[13Jan2025 22:54:00.976] [modloading-worker-0/DEBUG] [com.tterrag.registrate.AbstractRegistrate/REGISTRATE.REGISTER]: Captured registration for entry oxidized_copper_shingle_slab of type minecraft:block
[13Jan2025 22:54:00.977] [modloading-worker-0/DEBUG] [com.tterrag.registrate.AbstractRegistrate/REGISTRATE.REGISTER]: Captured registration for entry copper_shingle_stairs of type minecraft:item
[13Jan2025 22:54:00.977] [modloading-worker-0/DEBUG] [com.tterrag.registrate.AbstractRegistrate/REGISTRATE.REGISTER]: Captured registration for entry copper_shingle_stairs of type minecraft:block
[13Jan2025 22:54:00.977] [modloading-worker-0/DEBUG] [com.tterrag.registrate.AbstractRegistrate/REGISTRATE.REGISTER]: Captured registration for entry exposed_copper_shingle_stairs of type minecraft:item
[13Jan2025 22:54:00.978] [modloading-worker-0/DEBUG] [com.tterrag.registrate.AbstractRegistrate/REGISTRATE.REGISTER]: Captured registration for entry exposed_copper_shingle_stairs of type minecraft:block
[13Jan2025 22:54:00.978] [modloading-worker-0/DEBUG] [com.tterrag.registrate.AbstractRegistrate/REGISTRATE.REGISTER]: Captured registration for entry weathered_copper_shingle_stairs of type minecraft:item
[13Jan2025 22:54:00.978] [modloading-worker-0/DEBUG] [com.tterrag.registrate.AbstractRegistrate/REGISTRATE.REGISTER]: Captured registration for entry weathered_copper_shingle_stairs of type minecraft:block
[13Jan2025 22:54:00.978] [modloading-worker-0/DEBUG] [com.tterrag.registrate.AbstractRegistrate/REGISTRATE.REGISTER]: Captured registration for entry oxidized_copper_shingle_stairs of type minecraft:item
[13Jan2025 22:54:00.978] [modloading-worker-0/DEBUG] [com.tterrag.registrate.AbstractRegistrate/REGISTRATE.REGISTER]: Captured registration for entry oxidized_copper_shingle_stairs of type minecraft:block
[13Jan2025 22:54:00.979] [modloading-worker-0/DEBUG] [com.tterrag.registrate.AbstractRegistrate/REGISTRATE.REGISTER]: Captured registration for entry waxed_copper_shingles of type minecraft:item
[13Jan2025 22:54:00.979] [modloading-worker-0/DEBUG] [com.tterrag.registrate.AbstractRegistrate/REGISTRATE.REGISTER]: Captured registration for entry waxed_copper_shingles of type minecraft:block
[13Jan2025 22:54:00.980] [modloading-worker-0/DEBUG] [com.tterrag.registrate.AbstractRegistrate/REGISTRATE.REGISTER]: Captured registration for entry waxed_exposed_copper_shingles of type minecraft:item
[13Jan2025 22:54:00.980] [modloading-worker-0/DEBUG] [com.tterrag.registrate.AbstractRegistrate/REGISTRATE.REGISTER]: Captured registration for entry waxed_exposed_copper_shingles of type minecraft:block
[13Jan2025 22:54:00.980] [modloading-worker-0/DEBUG] [com.tterrag.registrate.AbstractRegistrate/REGISTRATE.REGISTER]: Captured registration for entry waxed_weathered_copper_shingles of type minecraft:item
[13Jan2025 22:54:00.980] [modloading-worker-0/DEBUG] [com.tterrag.registrate.AbstractRegistrate/REGISTRATE.REGISTER]: Captured registration for entry waxed_weathered_copper_shingles of type minecraft:block
[13Jan2025 22:54:00.981] [modloading-worker-0/DEBUG] [com.tterrag.registrate.AbstractRegistrate/REGISTRATE.REGISTER]: Captured registration for entry waxed_oxidized_copper_shingles of type minecraft:item
[13Jan2025 22:54:00.981] [modloading-worker-0/DEBUG] [com.tterrag.registrate.AbstractRegistrate/REGISTRATE.REGISTER]: Captured registration for entry waxed_oxidized_copper_shingles of type minecraft:block
[13Jan2025 22:54:00.981] [modloading-worker-0/DEBUG] [net.minecraftforge.fml.javafmlmod.AutomaticEventSubscriber/LOADING]: Auto-subscribing insane96mcp.enhancedai.setup.Config to MOD
[13Jan2025 22:54:00.981] [modloading-worker-0/DEBUG] [com.tterrag.registrate.AbstractRegistrate/REGISTRATE.REGISTER]: Captured registration for entry waxed_copper_shingle_slab of type minecraft:item
[13Jan2025 22:54:00.981] [modloading-worker-0/DEBUG] [com.tterrag.registrate.AbstractRegistrate/REGISTRATE.REGISTER]: Captured registration for entry waxed_copper_shingle_slab of type minecraft:block
[13Jan2025 22:54:00.982] [modloading-worker-0/DEBUG] [com.tterrag.registrate.AbstractRegistrate/REGISTRATE.REGISTER]: Captured registration for entry waxed_exposed_copper_shingle_slab of type minecraft:item
[13Jan2025 22:54:00.982] [modloading-worker-0/DEBUG] [com.tterrag.registrate.AbstractRegistrate/REGISTRATE.REGISTER]: Captured registration for entry waxed_exposed_copper_shingle_slab of type minecraft:block
[13Jan2025 22:54:00.982] [modloading-worker-0/DEBUG] [com.tterrag.registrate.AbstractRegistrate/REGISTRATE.REGISTER]: Captured registration for entry waxed_weathered_copper_shingle_slab of type minecraft:item
[13Jan2025 22:54:00.982] [modloading-worker-0/DEBUG] [com.tterrag.registrate.AbstractRegistrate/REGISTRATE.REGISTER]: Captured registration for entry waxed_weathered_copper_shingle_slab of type minecraft:block
[13Jan2025 22:54:00.982] [modloading-worker-0/DEBUG] [com.tterrag.registrate.AbstractRegistrate/REGISTRATE.REGISTER]: Captured registration for entry waxed_oxidized_copper_shingle_slab of type minecraft:item
[13Jan2025 22:54:00.983] [modloading-worker-0/DEBUG] [com.tterrag.registrate.AbstractRegistrate/REGISTRATE.REGISTER]: Captured registration for entry waxed_oxidized_copper_shingle_slab of type minecraft:block
[13Jan2025 22:54:00.983] [modloading-worker-0/DEBUG] [com.tterrag.registrate.AbstractRegistrate/REGISTRATE.REGISTER]: Captured registration for entry waxed_copper_shingle_stairs of type minecraft:item
[13Jan2025 22:54:00.983] [modloading-worker-0/DEBUG] [com.tterrag.registrate.AbstractRegistrate/REGISTRATE.REGISTER]: Captured registration for entry waxed_copper_shingle_stairs of type minecraft:block
[13Jan2025 22:54:00.983] [modloading-worker-0/DEBUG] [com.tterrag.registrate.AbstractRegistrate/REGISTRATE.REGISTER]: Captured registration for entry waxed_exposed_copper_shingle_stairs of type minecraft:item
[13Jan2025 22:54:00.984] [modloading-worker-0/DEBUG] [com.tterrag.registrate.AbstractRegistrate/REGISTRATE.REGISTER]: Captured registration for entry waxed_exposed_copper_shingle_stairs of type minecraft:block
[13Jan2025 22:54:00.984] [modloading-worker-0/DEBUG] [com.tterrag.registrate.AbstractRegistrate/REGISTRATE.REGISTER]: Captured registration for entry waxed_weathered_copper_shingle_stairs of type minecraft:item
[13Jan2025 22:54:00.984] [modloading-worker-0/DEBUG] [com.tterrag.registrate.AbstractRegistrate/REGISTRATE.REGISTER]: Captured registration for entry waxed_weathered_copper_shingle_stairs of type minecraft:block
[13Jan2025 22:54:00.984] [modloading-worker-0/DEBUG] [com.tterrag.registrate.AbstractRegistrate/REGISTRATE.REGISTER]: Captured registration for entry waxed_oxidized_copper_shingle_stairs of type minecraft:item
[13Jan2025 22:54:00.984] [modloading-worker-0/DEBUG] [com.tterrag.registrate.AbstractRegistrate/REGISTRATE.REGISTER]: Captured registration for entry waxed_oxidized_copper_shingle_stairs of type minecraft:block
[13Jan2025 22:54:00.985] [modloading-worker-0/DEBUG] [com.tterrag.registrate.AbstractRegistrate/REGISTRATE.REGISTER]: Captured registration for entry copper_tiles of type minecraft:item
[13Jan2025 22:54:00.985] [modloading-worker-0/DEBUG] [com.tterrag.registrate.AbstractRegistrate/REGISTRATE.REGISTER]: Captured registration for entry copper_tiles of type minecraft:block
[13Jan2025 22:54:00.985] [modloading-worker-0/DEBUG] [com.tterrag.registrate.AbstractRegistrate/REGISTRATE.REGISTER]: Captured registration for entry exposed_copper_tiles of type minecraft:item
[13Jan2025 22:54:00.985] [modloading-worker-0/DEBUG] [com.tterrag.registrate.AbstractRegistrate/REGISTRATE.REGISTER]: Captured registration for entry exposed_copper_tiles of type minecraft:block
[13Jan2025 22:54:00.985] [modloading-worker-0/DEBUG] [com.tterrag.registrate.AbstractRegistrate/REGISTRATE.REGISTER]: Captured registration for entry weathered_copper_tiles of type minecraft:item
[13Jan2025 22:54:00.986] [modloading-worker-0/DEBUG] [com.tterrag.registrate.AbstractRegistrate/REGISTRATE.REGISTER]: Captured registration for entry weathered_copper_tiles of type minecraft:block
[13Jan2025 22:54:00.986] [modloading-worker-0/DEBUG] [com.tterrag.registrate.AbstractRegistrate/REGISTRATE.REGISTER]: Captured registration for entry oxidized_copper_tiles of type minecraft:item
[13Jan2025 22:54:00.986] [modloading-worker-0/DEBUG] [com.tterrag.registrate.AbstractRegistrate/REGISTRATE.REGISTER]: Captured registration for entry oxidized_copper_tiles of type minecraft:block
[13Jan2025 22:54:00.986] [modloading-worker-0/DEBUG] [com.tterrag.registrate.AbstractRegistrate/REGISTRATE.REGISTER]: Captured registration for entry copper_tile_slab of type minecraft:item
[13Jan2025 22:54:00.986] [modloading-worker-0/DEBUG] [com.tterrag.registrate.AbstractRegistrate/REGISTRATE.REGISTER]: Captured registration for entry copper_tile_slab of type minecraft:block
[13Jan2025 22:54:00.986] [modloading-worker-0/DEBUG] [com.tterrag.registrate.AbstractRegistrate/REGISTRATE.REGISTER]: Captured registration for entry exposed_copper_tile_slab of type minecraft:item
[13Jan2025 22:54:00.986] [modloading-worker-0/DEBUG] [com.tterrag.registrate.AbstractRegistrate/REGISTRATE.REGISTER]: Captured registration for entry exposed_copper_tile_slab of type minecraft:block
[13Jan2025 22:54:00.987] [modloading-worker-0/DEBUG] [com.tterrag.registrate.AbstractRegistrate/REGISTRATE.REGISTER]: Captured registration for entry weathered_copper_tile_slab of type minecraft:item
[13Jan2025 22:54:00.987] [modloading-worker-0/DEBUG] [com.tterrag.registrate.AbstractRegistrate/REGISTRATE.REGISTER]: Captured registration for entry weathered_copper_tile_slab of type minecraft:block
[13Jan2025 22:54:00.987] [modloading-worker-0/DEBUG] [com.tterrag.registrate.AbstractRegistrate/REGISTRATE.REGISTER]: Captured registration for entry oxidized_copper_tile_slab of type minecraft:item
[13Jan2025 22:54:00.987] [modloading-worker-0/DEBUG] [com.tterrag.registrate.AbstractRegistrate/REGISTRATE.REGISTER]: Captured registration for entry oxidized_copper_tile_slab of type minecraft:block
[13Jan2025 22:54:00.987] [modloading-worker-0/DEBUG] [com.tterrag.registrate.AbstractRegistrate/REGISTRATE.REGISTER]: Captured registration for entry copper_tile_stairs of type minecraft:item
[13Jan2025 22:54:00.987] [modloading-worker-0/DEBUG] [com.tterrag.registrate.AbstractRegistrate/REGISTRATE.REGISTER]: Captured registration for entry copper_tile_stairs of type minecraft:block
[13Jan2025 22:54:00.987] [modloading-worker-0/DEBUG] [com.tterrag.registrate.AbstractRegistrate/REGISTRATE.REGISTER]: Captured registration for entry exposed_copper_tile_stairs of type minecraft:item
[13Jan2025 22:54:00.987] [modloading-worker-0/DEBUG] [com.tterrag.registrate.AbstractRegistrate/REGISTRATE.REGISTER]: Captured registration for entry exposed_copper_tile_stairs of type minecraft:block
[13Jan2025 22:54:00.990] [modloading-worker-0/DEBUG] [com.tterrag.registrate.AbstractRegistrate/REGISTRATE.REGISTER]: Captured registration for entry weathered_copper_tile_stairs of type minecraft:item
[13Jan2025 22:54:00.990] [modloading-worker-0/DEBUG] [com.tterrag.registrate.AbstractRegistrate/REGISTRATE.REGISTER]: Captured registration for entry weathered_copper_tile_stairs of type minecraft:block
[13Jan2025 22:54:00.990] [modloading-worker-0/DEBUG] [com.tterrag.registrate.AbstractRegistrate/REGISTRATE.REGISTER]: Captured registration for entry oxidized_copper_tile_stairs of type minecraft:item
[13Jan2025 22:54:00.990] [modloading-worker-0/DEBUG] [com.tterrag.registrate.AbstractRegistrate/REGISTRATE.REGISTER]: Captured registration for entry oxidized_copper_tile_stairs of type minecraft:block
[13Jan2025 22:54:00.990] [modloading-worker-0/DEBUG] [com.tterrag.registrate.AbstractRegistrate/REGISTRATE.REGISTER]: Captured registration for entry waxed_copper_tiles of type minecraft:item
[13Jan2025 22:54:00.990] [modloading-worker-0/DEBUG] [com.tterrag.registrate.AbstractRegistrate/REGISTRATE.REGISTER]: Captured registration for entry waxed_copper_tiles of type minecraft:block
[13Jan2025 22:54:00.990] [modloading-worker-0/DEBUG] [com.tterrag.registrate.AbstractRegistrate/REGISTRATE.REGISTER]: Captured registration for entry waxed_exposed_copper_tiles of type minecraft:item
[13Jan2025 22:54:00.990] [modloading-worker-0/DEBUG] [com.tterrag.registrate.AbstractRegistrate/REGISTRATE.REGISTER]: Captured registration for entry waxed_exposed_copper_tiles of type minecraft:block
[13Jan2025 22:54:00.990] [modloading-worker-0/DEBUG] [com.tterrag.registrate.AbstractRegistrate/REGISTRATE.REGISTER]: Captured registration for entry waxed_weathered_copper_tiles of type minecraft:item
[13Jan2025 22:54:00.991] [modloading-worker-0/DEBUG] [com.tterrag.registrate.AbstractRegistrate/REGISTRATE.REGISTER]: Captured registration for entry waxed_weathered_copper_tiles of type minecraft:block
[13Jan2025 22:54:00.991] [modloading-worker-0/DEBUG] [com.tterrag.registrate.AbstractRegistrate/REGISTRATE.REGISTER]: Captured registration for entry waxed_oxidized_copper_tiles of type minecraft:item
[13Jan2025 22:54:00.991] [modloading-worker-0/DEBUG] [com.tterrag.registrate.AbstractRegistrate/REGISTRATE.REGISTER]: Captured registration for entry waxed_oxidized_copper_tiles of type minecraft:block
[13Jan2025 22:54:00.991] [modloading-worker-0/DEBUG] [com.tterrag.registrate.AbstractRegistrate/REGISTRATE.REGISTER]: Captured registration for entry waxed_copper_tile_slab of type minecraft:item
[13Jan2025 22:54:00.991] [modloading-worker-0/DEBUG] [com.tterrag.registrate.AbstractRegistrate/REGISTRATE.REGISTER]: Captured registration for entry waxed_copper_tile_slab of type minecraft:block
[13Jan2025 22:54:00.991] [modloading-worker-0/DEBUG] [com.tterrag.registrate.AbstractRegistrate/REGISTRATE.REGISTER]: Captured registration for entry waxed_exposed_copper_tile_slab of type minecraft:item
[13Jan2025 22:54:00.991] [modloading-worker-0/DEBUG] [com.tterrag.registrate.AbstractRegistrate/REGISTRATE.REGISTER]: Captured registration for entry waxed_exposed_copper_tile_slab of type minecraft:block
[13Jan2025 22:54:00.991] [modloading-worker-0/DEBUG] [com.tterrag.registrate.AbstractRegistrate/REGISTRATE.REGISTER]: Captured registration for entry waxed_weathered_copper_tile_slab of type minecraft:item
[13Jan2025 22:54:00.991] [modloading-worker-0/DEBUG] [com.tterrag.registrate.AbstractRegistrate/REGISTRATE.REGISTER]: Captured registration for entry waxed_weathered_copper_tile_slab of type minecraft:block
[13Jan2025 22:54:00.991] [modloading-worker-0/DEBUG] [com.tterrag.registrate.AbstractRegistrate/REGISTRATE.REGISTER]: Captured registration for entry waxed_oxidized_copper_tile_slab of type minecraft:item
[13Jan2025 22:54:00.992] [modloading-worker-0/DEBUG] [com.tterrag.registrate.AbstractRegistrate/REGISTRATE.REGISTER]: Captured registration for entry waxed_oxidized_copper_tile_slab of type minecraft:block
[13Jan2025 22:54:00.992] [modloading-worker-0/DEBUG] [com.tterrag.registrate.AbstractRegistrate/REGISTRATE.REGISTER]: Captured registration for entry waxed_copper_tile_stairs of type minecraft:item
[13Jan2025 22:54:00.992] [modloading-worker-0/DEBUG] [com.tterrag.registrate.AbstractRegistrate/REGISTRATE.REGISTER]: Captured registration for entry waxed_copper_tile_stairs of type minecraft:block
[13Jan2025 22:54:00.992] [modloading-worker-0/DEBUG] [com.tterrag.registrate.AbstractRegistrate/REGISTRATE.REGISTER]: Captured registration for entry waxed_exposed_copper_tile_stairs of type minecraft:item
[13Jan2025 22:54:00.992] [modloading-worker-0/DEBUG] [com.tterrag.registrate.AbstractRegistrate/REGISTRATE.REGISTER]: Captured registration for entry waxed_exposed_copper_tile_stairs of type minecraft:block
[13Jan2025 22:54:00.992] [modloading-worker-0/DEBUG] [com.tterrag.registrate.AbstractRegistrate/REGISTRATE.REGISTER]: Captured registration for entry waxed_weathered_copper_tile_stairs of type minecraft:item
[13Jan2025 22:54:00.992] [modloading-worker-0/DEBUG] [com.tterrag.registrate.AbstractRegistrate/REGISTRATE.REGISTER]: Captured registration for entry waxed_weathered_copper_tile_stairs of type minecraft:block
[13Jan2025 22:54:00.992] [modloading-worker-0/DEBUG] [com.tterrag.registrate.AbstractRegistrate/REGISTRATE.REGISTER]: Captured registration for entry waxed_oxidized_copper_tile_stairs of type minecraft:item
[13Jan2025 22:54:00.992] [modloading-worker-0/DEBUG] [com.tterrag.registrate.AbstractRegistrate/REGISTRATE.REGISTER]: Captured registration for entry waxed_oxidized_copper_tile_stairs of type minecraft:block
[13Jan2025 22:54:00.993] [modloading-worker-0/DEBUG] [com.tterrag.registrate.AbstractRegistrate/REGISTRATE.REGISTER]: Captured registration for entry mmb_crushing_wheel of type minecraft:block_entity_type
[13Jan2025 22:54:00.995] [modloading-worker-0/DEBUG] [com.tterrag.registrate.AbstractRegistrate/REGISTRATE.REGISTER]: Captured registration for entry granite_millstone of type minecraft:block_entity_type
[13Jan2025 22:54:00.996] [modloading-worker-0/DEBUG] [com.tterrag.registrate.AbstractRegistrate/REGISTRATE.REGISTER]: Captured registration for entry diorite_millstone of type minecraft:block_entity_type
[13Jan2025 22:54:00.996] [modloading-worker-0/DEBUG] [com.tterrag.registrate.AbstractRegistrate/REGISTRATE.REGISTER]: Captured registration for entry limestone_millstone of type minecraft:block_entity_type
[13Jan2025 22:54:00.997] [modloading-worker-0/DEBUG] [com.tterrag.registrate.AbstractRegistrate/REGISTRATE.REGISTER]: Captured registration for entry scorchia_millstone of type minecraft:block_entity_type
[13Jan2025 22:54:00.997] [modloading-worker-0/DEBUG] [com.tterrag.registrate.AbstractRegistrate/REGISTRATE.REGISTER]: Captured registration for entry scoria_millstone of type minecraft:block_entity_type
[13Jan2025 22:54:00.998] [modloading-worker-0/DEBUG] [com.tterrag.registrate.AbstractRegistrate/REGISTRATE.REGISTER]: Captured registration for entry tuff_millstone of type minecraft:block_entity_type
[13Jan2025 22:54:00.998] [modloading-worker-0/DEBUG] [com.tterrag.registrate.AbstractRegistrate/REGISTRATE.REGISTER]: Captured registration for entry veridium_millstone of type minecraft:block_entity_type
[13Jan2025 22:54:01.000] [modloading-worker-0/DEBUG] [com.tterrag.registrate.AbstractRegistrate/REGISTRATE.REGISTER]: Captured registration for entry dripstone_millstone of type minecraft:block_entity_type
[13Jan2025 22:54:01.000] [modloading-worker-0/DEBUG] [com.tterrag.registrate.AbstractRegistrate/REGISTRATE.REGISTER]: Captured registration for entry potion of type forge:fluid_type
[13Jan2025 22:54:01.001] [modloading-worker-0/DEBUG] [com.tterrag.registrate.AbstractRegistrate/REGISTRATE.REGISTER]: Captured registration for entry deepslate_millstone of type minecraft:block_entity_type
[13Jan2025 22:54:01.001] [modloading-worker-0/DEBUG] [com.tterrag.registrate.AbstractRegistrate/REGISTRATE.REGISTER]: Captured registration for entry potion of type minecraft:fluid
[13Jan2025 22:54:01.001] [modloading-worker-0/DEBUG] [com.tterrag.registrate.AbstractRegistrate/REGISTRATE.REGISTER]: Captured registration for entry crimsite_millstone of type minecraft:block_entity_type
[13Jan2025 22:54:01.001] [modloading-worker-0/DEBUG] [com.tterrag.registrate.AbstractRegistrate/REGISTRATE.REGISTER]: Captured registration for entry flowing_potion of type minecraft:fluid
[13Jan2025 22:54:01.001] [modloading-worker-0/DEBUG] [com.tterrag.registrate.AbstractRegistrate/REGISTRATE.REGISTER]: Captured registration for entry calcite_millstone of type minecraft:block_entity_type
[13Jan2025 22:54:01.002] [modloading-worker-0/DEBUG] [com.tterrag.registrate.AbstractRegistrate/REGISTRATE.REGISTER]: Captured registration for entry asurine_millstone of type minecraft:block_entity_type
[13Jan2025 22:54:01.002] [modloading-worker-0/DEBUG] [com.tterrag.registrate.AbstractRegistrate/REGISTRATE.REGISTER]: Captured registration for entry ochrum_millstone of type minecraft:block_entity_type
[13Jan2025 22:54:01.009] [modloading-worker-0/DEBUG] [com.tterrag.registrate.AbstractRegistrate/REGISTRATE.REGISTER]: Captured registration for entry mmb_crushing_wheel_controller of type minecraft:block_entity_type
[13Jan2025 22:54:01.011] [modloading-worker-0/DEBUG] [net.minecraftforge.fml.javafmlmod.AutomaticEventSubscriber/LOADING]: Attempting to inject @EventBusSubscriber classes into the eventbus for createtaczauto
[13Jan2025 22:54:01.012] [modloading-worker-0/DEBUG] [net.minecraftforge.fml.javafmlmod.AutomaticEventSubscriber/LOADING]: Auto-subscribing createtaczauto.init.CreatetaczautoModTabs to MOD
[13Jan2025 22:54:01.016] [modloading-worker-0/DEBUG] [com.tterrag.registrate.AbstractRegistrate/REGISTRATE.REGISTER]: Captured registration for entry horizontal_fluid_tank of type minecraft:block_entity_type
[13Jan2025 22:54:01.016] [modloading-worker-0/DEBUG] [com.tterrag.registrate.AbstractRegistrate/REGISTRATE.REGISTER]: Captured registration for entry tea of type forge:fluid_type
[13Jan2025 22:54:01.017] [modloading-worker-0/DEBUG] [com.tterrag.registrate.AbstractRegistrate/REGISTRATE.REGISTER]: Captured registration for entry tea of type minecraft:fluid
[13Jan2025 22:54:01.017] [modloading-worker-0/DEBUG] [com.tterrag.registrate.AbstractRegistrate/REGISTRATE.REGISTER]: Captured registration for entry flowing_tea of type minecraft:fluid
[13Jan2025 22:54:01.017] [modloading-worker-0/DEBUG] [com.tterrag.registrate.AbstractRegistrate/REGISTRATE.REGISTER]: Captured registration for entry stepped_lever of type minecraft:block_entity_type
[13Jan2025 22:54:01.020] [modloading-worker-0/DEBUG] [net.minecraftforge.fml.javafmlmod.AutomaticEventSubscriber/LOADING]: Attempting to inject @EventBusSubscriber classes into the eventbus for horde_hoard
[13Jan2025 22:54:01.020] [modloading-worker-0/DEBUG] [net.minecraftforge.fml.javafmlmod.AutomaticEventSubscriber/LOADING]: Auto-subscribing net.mcreator.horde_hoard.procedures.TeamMakerProcedure to FORGE
[13Jan2025 22:54:01.021] [modloading-worker-0/DEBUG] [net.minecraftforge.fml.javafmlmod.AutomaticEventSubscriber/LOADING]: Auto-subscribing net.mcreator.horde_hoard.procedures.LeapTickProcedure to FORGE
[13Jan2025 22:54:01.023] [modloading-worker-0/DEBUG] [net.minecraftforge.fml.javafmlmod.AutomaticEventSubscriber/LOADING]: Auto-subscribing net.mcreator.horde_hoard.procedures.IronGolemTickProcedure to FORGE
[13Jan2025 22:54:01.024] [modloading-worker-0/DEBUG] [net.minecraftforge.fml.javafmlmod.AutomaticEventSubscriber/LOADING]: Auto-subscribing net.mcreator.horde_hoard.procedures.IronGolemSwooshProcedure to FORGE
[13Jan2025 22:54:01.027] [modloading-worker-0/DEBUG] [com.tterrag.registrate.AbstractRegistrate/REGISTRATE.REGISTER]: Captured registration for entry honey_bucket of type minecraft:item
[13Jan2025 22:54:01.027] [modloading-worker-0/DEBUG] [com.tterrag.registrate.AbstractRegistrate/REGISTRATE.REGISTER]: Captured registration for entry honey of type forge:fluid_type
[13Jan2025 22:54:01.027] [modloading-worker-0/DEBUG] [net.minecraftforge.fml.javafmlmod.AutomaticEventSubscriber/LOADING]: Auto-subscribing net.mcreator.horde_hoard.procedures.IronGolemHealCooldownProcedure to FORGE
[13Jan2025 22:54:01.028] [modloading-worker-0/DEBUG] [net.minecraftforge.fml.javafmlmod.AutomaticEventSubscriber/LOADING]: Auto-subscribing net.mcreator.horde_hoard.procedures.IronGolemAttackedProcedure to FORGE
[13Jan2025 22:54:01.030] [modloading-worker-0/DEBUG] [com.tterrag.registrate.AbstractRegistrate/REGISTRATE.REGISTER]: Captured registration for entry ceiling_fan of type minecraft:block_entity_type
[13Jan2025 22:54:01.032] [modloading-worker-0/DEBUG] [com.tterrag.registrate.AbstractRegistrate/REGISTRATE.REGISTER]: Captured registration for entry honey of type minecraft:block
[13Jan2025 22:54:01.032] [modloading-worker-0/DEBUG] [com.tterrag.registrate.AbstractRegistrate/REGISTRATE.REGISTER]: Captured registration for entry honey of type minecraft:fluid
[13Jan2025 22:54:01.032] [modloading-worker-0/DEBUG] [com.tterrag.registrate.AbstractRegistrate/REGISTRATE.REGISTER]: Captured registration for entry flowing_honey of type minecraft:fluid
[13Jan2025 22:54:01.033] [modloading-worker-0/DEBUG] [net.minecraftforge.fml.javafmlmod.AutomaticEventSubscriber/LOADING]: Auto-subscribing net.mcreator.horde_hoard.procedures.IntelligentTickProcedure to FORGE
[13Jan2025 22:54:01.034] [modloading-worker-0/DEBUG] [net.minecraftforge.fml.javafmlmod.AutomaticEventSubscriber/LOADING]: Auto-subscribing net.mcreator.horde_hoard.procedures.IntelligentSpawnsProcedure to FORGE
[13Jan2025 22:54:01.035] [modloading-worker-0/DEBUG] [net.minecraftforge.fml.javafmlmod.AutomaticEventSubscriber/LOADING]: Auto-subscribing net.mcreator.horde_hoard.procedures.IntelligentDashAwayProcedure to FORGE
[13Jan2025 22:54:01.035] [modloading-worker-0/DEBUG] [net.minecraftforge.fml.javafmlmod.AutomaticEventSubscriber/LOADING]: Attempting to inject @EventBusSubscriber classes into the eventbus for design_decor
[13Jan2025 22:54:01.036] [modloading-worker-0/DEBUG] [net.minecraftforge.fml.javafmlmod.AutomaticEventSubscriber/LOADING]: Auto-subscribing com.mangomilk.design_decor.blocks.crushing_wheels.MmbCrushingWheelBlockEntity to FORGE
[13Jan2025 22:54:01.038] [modloading-worker-0/DEBUG] [net.minecraftforge.fml.javafmlmod.AutomaticEventSubscriber/LOADING]: Auto-subscribing net.mcreator.horde_hoard.procedures.HordeTickProcedure to FORGE
[13Jan2025 22:54:01.039] [modloading-worker-0/DEBUG] [net.minecraftforge.fml.javafmlmod.AutomaticEventSubscriber/LOADING]: Auto-subscribing net.mcreator.horde_hoard.procedures.HordeStopMultiplyingProcedure to FORGE
[13Jan2025 22:54:01.040] [modloading-worker-0/DEBUG] [net.minecraftforge.fml.javafmlmod.AutomaticEventSubscriber/LOADING]: Auto-subscribing net.mcreator.horde_hoard.init.HordeHoardModGameRules to MOD
[13Jan2025 22:54:01.042] [modloading-worker-0/DEBUG] [com.tterrag.registrate.AbstractRegistrate/REGISTRATE.REGISTER]: Captured registration for entry chocolate of type forge:fluid_type
[13Jan2025 22:54:01.042] [modloading-worker-0/DEBUG] [com.tterrag.registrate.AbstractRegistrate/REGISTRATE.REGISTER]: Captured registration for entry chocolate of type minecraft:block
[13Jan2025 22:54:01.042] [modloading-worker-0/DEBUG] [com.tterrag.registrate.AbstractRegistrate/REGISTRATE.REGISTER]: Captured registration for entry chocolate_bucket of type minecraft:item
[13Jan2025 22:54:01.043] [modloading-worker-0/DEBUG] [com.tterrag.registrate.AbstractRegistrate/REGISTRATE.REGISTER]: Captured registration for entry chocolate of type minecraft:fluid
[13Jan2025 22:54:01.043] [modloading-worker-0/DEBUG] [com.tterrag.registrate.AbstractRegistrate/REGISTRATE.REGISTER]: Captured registration for entry flowing_chocolate of type minecraft:fluid
[13Jan2025 22:54:01.044] [modloading-worker-0/DEBUG] [com.tterrag.registrate.AbstractRegistrate/REGISTRATE.REGISTER]: Captured registration for entry tiled_glass of type minecraft:item
[13Jan2025 22:54:01.044] [modloading-worker-0/DEBUG] [com.tterrag.registrate.AbstractRegistrate/REGISTRATE.REGISTER]: Captured registration for entry tiled_glass of type minecraft:block
[13Jan2025 22:54:01.050] [modloading-worker-0/DEBUG] [com.tterrag.registrate.AbstractRegistrate/REGISTRATE.REGISTER]: Captured registration for entry framed_glass of type minecraft:item
[13Jan2025 22:54:01.050] [modloading-worker-0/DEBUG] [com.tterrag.registrate.AbstractRegistrate/REGISTRATE.REGISTER]: Captured registration for entry framed_glass of type minecraft:block
[13Jan2025 22:54:01.053] [modloading-worker-0/DEBUG] [net.minecraftforge.fml.javafmlmod.AutomaticEventSubscriber/LOADING]: Auto-subscribing com.mangomilk.design_decor.base.CDDCreativeModeTab to MOD
[13Jan2025 22:54:01.055] [modloading-worker-0/DEBUG] [com.tterrag.registrate.AbstractRegistrate/REGISTRATE.REGISTER]: Captured registration for entry horizontal_framed_glass of type minecraft:item
[13Jan2025 22:54:01.055] [modloading-worker-0/DEBUG] [com.tterrag.registrate.AbstractRegistrate/REGISTRATE.REGISTER]: Captured registration for entry horizontal_framed_glass of type minecraft:block
[13Jan2025 22:54:01.055] [modloading-worker-0/DEBUG] [com.tterrag.registrate.AbstractRegistrate/REGISTRATE.REGISTER]: Captured registration for entry vertical_framed_glass of type minecraft:item
[13Jan2025 22:54:01.056] [modloading-worker-0/DEBUG] [com.tterrag.registrate.AbstractRegistrate/REGISTRATE.REGISTER]: Captured registration for entry vertical_framed_glass of type minecraft:block
[13Jan2025 22:54:01.057] [modloading-worker-0/DEBUG] [com.tterrag.registrate.AbstractRegistrate/REGISTRATE.REGISTER]: Captured registration for entry tiled_glass_pane of type minecraft:item
[13Jan2025 22:54:01.057] [modloading-worker-0/DEBUG] [com.tterrag.registrate.AbstractRegistrate/REGISTRATE.REGISTER]: Captured registration for entry tiled_glass_pane of type minecraft:block
[13Jan2025 22:54:01.060] [modloading-worker-0/WARN] [dev.xylonity.explosiveenhancement.ExplosiveEnhancement/]: Explosive Enhancement: Reforged won't be loaded as it should be initialized on the client side.
[13Jan2025 22:54:01.062] [modloading-worker-0/DEBUG] [net.minecraftforge.fml.javafmlmod.AutomaticEventSubscriber/LOADING]: Attempting to inject @EventBusSubscriber classes into the eventbus for explosiveenhancement
[13Jan2025 22:54:01.064] [modloading-worker-0/DEBUG] [playerrevive/]: Created network playerrevive:main
[13Jan2025 22:54:01.065] [modloading-worker-0/DEBUG] [net.minecraftforge.fml.javafmlmod.AutomaticEventSubscriber/LOADING]: Attempting to inject @EventBusSubscriber classes into the eventbus for playerrevive
[13Jan2025 22:54:01.066] [modloading-worker-0/DEBUG] [com.tterrag.registrate.AbstractRegistrate/REGISTRATE.REGISTER]: Captured registration for entry framed_glass_pane of type minecraft:item
[13Jan2025 22:54:01.066] [modloading-worker-0/DEBUG] [com.tterrag.registrate.AbstractRegistrate/REGISTRATE.REGISTER]: Captured registration for entry framed_glass_pane of type minecraft:block
[13Jan2025 22:54:01.067] [modloading-worker-0/DEBUG] [com.tterrag.registrate.AbstractRegistrate/REGISTRATE.REGISTER]: Captured registration for entry horizontal_framed_glass_pane of type minecraft:item
[13Jan2025 22:54:01.067] [modloading-worker-0/DEBUG] [com.tterrag.registrate.AbstractRegistrate/REGISTRATE.REGISTER]: Captured registration for entry horizontal_framed_glass_pane of type minecraft:block
[13Jan2025 22:54:01.067] [modloading-worker-0/DEBUG] [com.tterrag.registrate.AbstractRegistrate/REGISTRATE.REGISTER]: Captured registration for entry vertical_framed_glass_pane of type minecraft:item
[13Jan2025 22:54:01.067] [modloading-worker-0/DEBUG] [com.tterrag.registrate.AbstractRegistrate/REGISTRATE.REGISTER]: Captured registration for entry vertical_framed_glass_pane of type minecraft:block
[13Jan2025 22:54:01.070] [modloading-worker-0/DEBUG] [net.minecraftforge.fml.javafmlmod.AutomaticEventSubscriber/LOADING]: Attempting to inject @EventBusSubscriber classes into the eventbus for presencefootsteps
[13Jan2025 22:54:01.075] [modloading-worker-0/DEBUG] [com.tterrag.registrate.AbstractRegistrate/REGISTRATE.REGISTER]: Captured registration for entry oak_window of type minecraft:item
[13Jan2025 22:54:01.075] [modloading-worker-0/DEBUG] [com.tterrag.registrate.AbstractRegistrate/REGISTRATE.REGISTER]: Captured registration for entry oak_window of type minecraft:block
[13Jan2025 22:54:01.075] [modloading-worker-0/DEBUG] [com.tterrag.registrate.AbstractRegistrate/REGISTRATE.REGISTER]: Captured registration for entry spruce_window of type minecraft:item
[13Jan2025 22:54:01.076] [modloading-worker-0/DEBUG] [com.tterrag.registrate.AbstractRegistrate/REGISTRATE.REGISTER]: Captured registration for entry spruce_window of type minecraft:block
[13Jan2025 22:54:01.076] [modloading-worker-0/DEBUG] [com.tterrag.registrate.AbstractRegistrate/REGISTRATE.REGISTER]: Captured registration for entry birch_window of type minecraft:item
[13Jan2025 22:54:01.076] [modloading-worker-0/DEBUG] [com.tterrag.registrate.AbstractRegistrate/REGISTRATE.REGISTER]: Captured registration for entry birch_window of type minecraft:block
[13Jan2025 22:54:01.076] [modloading-worker-0/DEBUG] [com.tterrag.registrate.AbstractRegistrate/REGISTRATE.REGISTER]: Captured registration for entry jungle_window of type minecraft:item
[13Jan2025 22:54:01.076] [modloading-worker-0/DEBUG] [com.tterrag.registrate.AbstractRegistrate/REGISTRATE.REGISTER]: Captured registration for entry jungle_window of type minecraft:block
[13Jan2025 22:54:01.076] [modloading-worker-0/DEBUG] [com.tterrag.registrate.AbstractRegistrate/REGISTRATE.REGISTER]: Captured registration for entry acacia_window of type minecraft:item
[13Jan2025 22:54:01.076] [modloading-worker-0/DEBUG] [com.tterrag.registrate.AbstractRegistrate/REGISTRATE.REGISTER]: Captured registration for entry acacia_window of type minecraft:block
[13Jan2025 22:54:01.077] [modloading-worker-0/DEBUG] [com.tterrag.registrate.AbstractRegistrate/REGISTRATE.REGISTER]: Captured registration for entry dark_oak_window of type minecraft:item
[13Jan2025 22:54:01.077] [modloading-worker-0/DEBUG] [com.tterrag.registrate.AbstractRegistrate/REGISTRATE.REGISTER]: Captured registration for entry dark_oak_window of type minecraft:block
[13Jan2025 22:54:01.077] [modloading-worker-0/DEBUG] [com.tterrag.registrate.AbstractRegistrate/REGISTRATE.REGISTER]: Captured registration for entry mangrove_window of type minecraft:item
[13Jan2025 22:54:01.077] [modloading-worker-0/DEBUG] [com.tterrag.registrate.AbstractRegistrate/REGISTRATE.REGISTER]: Captured registration for entry mangrove_window of type minecraft:block
[13Jan2025 22:54:01.077] [modloading-worker-0/DEBUG] [com.tterrag.registrate.AbstractRegistrate/REGISTRATE.REGISTER]: Captured registration for entry crimson_window of type minecraft:item
[13Jan2025 22:54:01.077] [modloading-worker-0/DEBUG] [com.tterrag.registrate.AbstractRegistrate/REGISTRATE.REGISTER]: Captured registration for entry crimson_window of type minecraft:block
[13Jan2025 22:54:01.077] [modloading-worker-0/DEBUG] [com.tterrag.registrate.AbstractRegistrate/REGISTRATE.REGISTER]: Captured registration for entry warped_window of type minecraft:item
[13Jan2025 22:54:01.077] [modloading-worker-0/DEBUG] [com.tterrag.registrate.AbstractRegistrate/REGISTRATE.REGISTER]: Captured registration for entry warped_window of type minecraft:block
[13Jan2025 22:54:01.079] [modloading-worker-0/DEBUG] [com.tterrag.registrate.AbstractRegistrate/REGISTRATE.REGISTER]: Captured registration for entry ornate_iron_window of type minecraft:item
[13Jan2025 22:54:01.080] [modloading-worker-0/DEBUG] [com.tterrag.registrate.AbstractRegistrate/REGISTRATE.REGISTER]: Captured registration for entry ornate_iron_window of type minecraft:block
[13Jan2025 22:54:01.081] [modloading-worker-0/DEBUG] [com.tterrag.registrate.AbstractRegistrate/REGISTRATE.REGISTER]: Captured registration for entry oak_window_pane of type minecraft:item
[13Jan2025 22:54:01.081] [modloading-worker-0/DEBUG] [com.tterrag.registrate.AbstractRegistrate/REGISTRATE.REGISTER]: Captured registration for entry oak_window_pane of type minecraft:block
[13Jan2025 22:54:01.081] [modloading-worker-0/DEBUG] [com.tterrag.registrate.AbstractRegistrate/REGISTRATE.REGISTER]: Captured registration for entry spruce_window_pane of type minecraft:item
[13Jan2025 22:54:01.081] [modloading-worker-0/DEBUG] [com.tterrag.registrate.AbstractRegistrate/REGISTRATE.REGISTER]: Captured registration for entry spruce_window_pane of type minecraft:block
[13Jan2025 22:54:01.081] [modloading-worker-0/DEBUG] [com.tterrag.registrate.AbstractRegistrate/REGISTRATE.REGISTER]: Captured registration for entry birch_window_pane of type minecraft:item
[13Jan2025 22:54:01.081] [modloading-worker-0/DEBUG] [com.tterrag.registrate.AbstractRegistrate/REGISTRATE.REGISTER]: Captured registration for entry birch_window_pane of type minecraft:block
[13Jan2025 22:54:01.081] [modloading-worker-0/DEBUG] [com.tterrag.registrate.AbstractRegistrate/REGISTRATE.REGISTER]: Captured registration for entry jungle_window_pane of type minecraft:item
[13Jan2025 22:54:01.081] [modloading-worker-0/DEBUG] [com.tterrag.registrate.AbstractRegistrate/REGISTRATE.REGISTER]: Captured registration for entry jungle_window_pane of type minecraft:block
[13Jan2025 22:54:01.082] [modloading-worker-0/DEBUG] [com.tterrag.registrate.AbstractRegistrate/REGISTRATE.REGISTER]: Captured registration for entry acacia_window_pane of type minecraft:item
[13Jan2025 22:54:01.082] [modloading-worker-0/DEBUG] [com.tterrag.registrate.AbstractRegistrate/REGISTRATE.REGISTER]: Captured registration for entry acacia_window_pane of type minecraft:block
[13Jan2025 22:54:01.082] [modloading-worker-0/DEBUG] [com.tterrag.registrate.AbstractRegistrate/REGISTRATE.REGISTER]: Captured registration for entry dark_oak_window_pane of type minecraft:item
[13Jan2025 22:54:01.082] [modloading-worker-0/DEBUG] [com.tterrag.registrate.AbstractRegistrate/REGISTRATE.REGISTER]: Captured registration for entry dark_oak_window_pane of type minecraft:block
[13Jan2025 22:54:01.082] [modloading-worker-0/DEBUG] [com.tterrag.registrate.AbstractRegistrate/REGISTRATE.REGISTER]: Captured registration for entry mangrove_window_pane of type minecraft:item
[13Jan2025 22:54:01.082] [modloading-worker-0/DEBUG] [com.tterrag.registrate.AbstractRegistrate/REGISTRATE.REGISTER]: Captured registration for entry mangrove_window_pane of type minecraft:block
[13Jan2025 22:54:01.082] [modloading-worker-0/DEBUG] [com.tterrag.registrate.AbstractRegistrate/REGISTRATE.REGISTER]: Captured registration for entry crimson_window_pane of type minecraft:item
[13Jan2025 22:54:01.082] [modloading-worker-0/DEBUG] [com.tterrag.registrate.AbstractRegistrate/REGISTRATE.REGISTER]: Captured registration for entry crimson_window_pane of type minecraft:block
[13Jan2025 22:54:01.082] [modloading-worker-0/DEBUG] [com.tterrag.registrate.AbstractRegistrate/REGISTRATE.REGISTER]: Captured registration for entry warped_window_pane of type minecraft:item
[13Jan2025 22:54:01.083] [modloading-worker-0/DEBUG] [com.tterrag.registrate.AbstractRegistrate/REGISTRATE.REGISTER]: Captured registration for entry warped_window_pane of type minecraft:block
[13Jan2025 22:54:01.083] [modloading-worker-0/DEBUG] [com.tterrag.registrate.AbstractRegistrate/REGISTRATE.REGISTER]: Captured registration for entry ornate_iron_window_pane of type minecraft:item
[13Jan2025 22:54:01.083] [modloading-worker-0/DEBUG] [com.tterrag.registrate.AbstractRegistrate/REGISTRATE.REGISTER]: Captured registration for entry ornate_iron_window_pane of type minecraft:block
[13Jan2025 22:54:01.107] [modloading-worker-0/DEBUG] [com.tterrag.registrate.AbstractRegistrate/REGISTRATE.REGISTER]: Captured registration for entry cut_granite of type minecraft:item
[13Jan2025 22:54:01.107] [modloading-worker-0/DEBUG] [com.tterrag.registrate.AbstractRegistrate/REGISTRATE.REGISTER]: Captured registration for entry cut_granite of type minecraft:block
[13Jan2025 22:54:01.115] [modloading-worker-0/DEBUG] [com.tterrag.registrate.AbstractRegistrate/REGISTRATE.REGISTER]: Captured registration for entry cut_granite_stairs of type minecraft:item
[13Jan2025 22:54:01.116] [modloading-worker-0/DEBUG] [com.tterrag.registrate.AbstractRegistrate/REGISTRATE.REGISTER]: Captured registration for entry cut_granite_stairs of type minecraft:block
[13Jan2025 22:54:01.116] [modloading-worker-0/DEBUG] [com.tterrag.registrate.AbstractRegistrate/REGISTRATE.REGISTER]: Captured registration for entry cut_granite_slab of type minecraft:item
[13Jan2025 22:54:01.116] [modloading-worker-0/DEBUG] [com.tterrag.registrate.AbstractRegistrate/REGISTRATE.REGISTER]: Captured registration for entry cut_granite_slab of type minecraft:block
[13Jan2025 22:54:01.117] [modloading-worker-0/DEBUG] [com.tterrag.registrate.AbstractRegistrate/REGISTRATE.REGISTER]: Captured registration for entry cut_granite_wall of type minecraft:item
[13Jan2025 22:54:01.117] [modloading-worker-0/DEBUG] [com.tterrag.registrate.AbstractRegistrate/REGISTRATE.REGISTER]: Captured registration for entry cut_granite_wall of type minecraft:block
[13Jan2025 22:54:01.117] [modloading-worker-0/DEBUG] [com.tterrag.registrate.AbstractRegistrate/REGISTRATE.REGISTER]: Captured registration for entry polished_cut_granite of type minecraft:item
[13Jan2025 22:54:01.118] [modloading-worker-0/DEBUG] [com.tterrag.registrate.AbstractRegistrate/REGISTRATE.REGISTER]: Captured registration for entry polished_cut_granite of type minecraft:block
[13Jan2025 22:54:01.118] [modloading-worker-0/DEBUG] [com.tterrag.registrate.AbstractRegistrate/REGISTRATE.REGISTER]: Captured registration for entry polished_cut_granite_stairs of type minecraft:item
[13Jan2025 22:54:01.118] [modloading-worker-0/DEBUG] [com.tterrag.registrate.AbstractRegistrate/REGISTRATE.REGISTER]: Captured registration for entry polished_cut_granite_stairs of type minecraft:block
[13Jan2025 22:54:01.118] [modloading-worker-0/DEBUG] [com.tterrag.registrate.AbstractRegistrate/REGISTRATE.REGISTER]: Captured registration for entry polished_cut_granite_slab of type minecraft:item
[13Jan2025 22:54:01.118] [modloading-worker-0/DEBUG] [com.tterrag.registrate.AbstractRegistrate/REGISTRATE.REGISTER]: Captured registration for entry polished_cut_granite_slab of type minecraft:block
[13Jan2025 22:54:01.119] [modloading-worker-0/DEBUG] [com.tterrag.registrate.AbstractRegistrate/REGISTRATE.REGISTER]: Captured registration for entry polished_cut_granite_wall of type minecraft:item
[13Jan2025 22:54:01.119] [modloading-worker-0/DEBUG] [com.tterrag.registrate.AbstractRegistrate/REGISTRATE.REGISTER]: Captured registration for entry polished_cut_granite_wall of type minecraft:block
[13Jan2025 22:54:01.119] [modloading-worker-0/DEBUG] [com.tterrag.registrate.AbstractRegistrate/REGISTRATE.REGISTER]: Captured registration for entry cut_granite_bricks of type minecraft:item
[13Jan2025 22:54:01.119] [modloading-worker-0/DEBUG] [com.tterrag.registrate.AbstractRegistrate/REGISTRATE.REGISTER]: Captured registration for entry cut_granite_bricks of type minecraft:block
[13Jan2025 22:54:01.119] [modloading-worker-0/DEBUG] [com.tterrag.registrate.AbstractRegistrate/REGISTRATE.REGISTER]: Captured registration for entry cut_granite_brick_stairs of type minecraft:item
[13Jan2025 22:54:01.120] [modloading-worker-0/DEBUG] [com.tterrag.registrate.AbstractRegistrate/REGISTRATE.REGISTER]: Captured registration for entry cut_granite_brick_stairs of type minecraft:block
[13Jan2025 22:54:01.120] [modloading-worker-0/DEBUG] [com.tterrag.registrate.AbstractRegistrate/REGISTRATE.REGISTER]: Captured registration for entry cut_granite_brick_slab of type minecraft:item
[13Jan2025 22:54:01.120] [modloading-worker-0/DEBUG] [com.tterrag.registrate.AbstractRegistrate/REGISTRATE.REGISTER]: Captured registration for entry cut_granite_brick_slab of type minecraft:block
[13Jan2025 22:54:01.120] [modloading-worker-0/DEBUG] [com.tterrag.registrate.AbstractRegistrate/REGISTRATE.REGISTER]: Captured registration for entry cut_granite_brick_wall of type minecraft:item
[13Jan2025 22:54:01.120] [modloading-worker-0/DEBUG] [com.tterrag.registrate.AbstractRegistrate/REGISTRATE.REGISTER]: Captured registration for entry cut_granite_brick_wall of type minecraft:block
[13Jan2025 22:54:01.121] [modloading-worker-0/DEBUG] [com.tterrag.registrate.AbstractRegistrate/REGISTRATE.REGISTER]: Captured registration for entry small_granite_bricks of type minecraft:item
[13Jan2025 22:54:01.121] [modloading-worker-0/DEBUG] [com.tterrag.registrate.AbstractRegistrate/REGISTRATE.REGISTER]: Captured registration for entry small_granite_bricks of type minecraft:block
[13Jan2025 22:54:01.121] [modloading-worker-0/DEBUG] [com.tterrag.registrate.AbstractRegistrate/REGISTRATE.REGISTER]: Captured registration for entry small_granite_brick_stairs of type minecraft:item
[13Jan2025 22:54:01.121] [modloading-worker-0/DEBUG] [com.tterrag.registrate.AbstractRegistrate/REGISTRATE.REGISTER]: Captured registration for entry small_granite_brick_stairs of type minecraft:block
[13Jan2025 22:54:01.121] [modloading-worker-0/DEBUG] [com.tterrag.registrate.AbstractRegistrate/REGISTRATE.REGISTER]: Captured registration for entry small_granite_brick_slab of type minecraft:item
[13Jan2025 22:54:01.122] [modloading-worker-0/DEBUG] [com.tterrag.registrate.AbstractRegistrate/REGISTRATE.REGISTER]: Captured registration for entry small_granite_brick_slab of type minecraft:block
[13Jan2025 22:54:01.122] [modloading-worker-0/DEBUG] [com.tterrag.registrate.AbstractRegistrate/REGISTRATE.REGISTER]: Captured registration for entry small_granite_brick_wall of type minecraft:item
[13Jan2025 22:54:01.122] [modloading-worker-0/DEBUG] [com.tterrag.registrate.AbstractRegistrate/REGISTRATE.REGISTER]: Captured registration for entry small_granite_brick_wall of type minecraft:block
[13Jan2025 22:54:01.123] [modloading-worker-0/DEBUG] [com.tterrag.registrate.AbstractRegistrate/REGISTRATE.REGISTER]: Captured registration for entry layered_granite of type minecraft:item
[13Jan2025 22:54:01.123] [modloading-worker-0/DEBUG] [com.tterrag.registrate.AbstractRegistrate/REGISTRATE.REGISTER]: Captured registration for entry layered_granite of type minecraft:block
[13Jan2025 22:54:01.124] [modloading-worker-0/DEBUG] [com.tterrag.registrate.AbstractRegistrate/REGISTRATE.REGISTER]: Captured registration for entry granite_pillar of type minecraft:item
[13Jan2025 22:54:01.124] [modloading-worker-0/DEBUG] [com.tterrag.registrate.AbstractRegistrate/REGISTRATE.REGISTER]: Captured registration for entry granite_pillar of type minecraft:block
[13Jan2025 22:54:01.131] [modloading-worker-0/DEBUG] [com.tterrag.registrate.AbstractRegistrate/REGISTRATE.REGISTER]: Captured registration for entry cut_diorite of type minecraft:item
[13Jan2025 22:54:01.139] [modloading-worker-0/DEBUG] [com.tterrag.registrate.AbstractRegistrate/REGISTRATE.REGISTER]: Captured registration for entry cut_diorite of type minecraft:block
[13Jan2025 22:54:01.139] [modloading-worker-0/DEBUG] [com.tterrag.registrate.AbstractRegistrate/REGISTRATE.REGISTER]: Captured registration for entry cut_diorite_stairs of type minecraft:item
[13Jan2025 22:54:01.139] [modloading-worker-0/DEBUG] [com.tterrag.registrate.AbstractRegistrate/REGISTRATE.REGISTER]: Captured registration for entry cut_diorite_stairs of type minecraft:block
[13Jan2025 22:54:01.140] [modloading-worker-0/DEBUG] [com.tterrag.registrate.AbstractRegistrate/REGISTRATE.REGISTER]: Captured registration for entry cut_diorite_slab of type minecraft:item
[13Jan2025 22:54:01.140] [modloading-worker-0/DEBUG] [com.tterrag.registrate.AbstractRegistrate/REGISTRATE.REGISTER]: Captured registration for entry cut_diorite_slab of type minecraft:block
[13Jan2025 22:54:01.140] [modloading-worker-0/DEBUG] [com.tterrag.registrate.AbstractRegistrate/REGISTRATE.REGISTER]: Captured registration for entry cut_diorite_wall of type minecraft:item
[13Jan2025 22:54:01.140] [modloading-worker-0/DEBUG] [com.tterrag.registrate.AbstractRegistrate/REGISTRATE.REGISTER]: Captured registration for entry cut_diorite_wall of type minecraft:block
[13Jan2025 22:54:01.140] [modloading-worker-0/DEBUG] [com.tterrag.registrate.AbstractRegistrate/REGISTRATE.REGISTER]: Captured registration for entry polished_cut_diorite of type minecraft:item
[13Jan2025 22:54:01.140] [modloading-worker-0/DEBUG] [com.tterrag.registrate.AbstractRegistrate/REGISTRATE.REGISTER]: Captured registration for entry polished_cut_diorite of type minecraft:block
[13Jan2025 22:54:01.141] [modloading-worker-0/DEBUG] [com.tterrag.registrate.AbstractRegistrate/REGISTRATE.REGISTER]: Captured registration for entry polished_cut_diorite_stairs of type minecraft:item
[13Jan2025 22:54:01.141] [modloading-worker-0/DEBUG] [com.tterrag.registrate.AbstractRegistrate/REGISTRATE.REGISTER]: Captured registration for entry polished_cut_diorite_stairs of type minecraft:block
[13Jan2025 22:54:01.141] [modloading-worker-0/DEBUG] [com.tterrag.registrate.AbstractRegistrate/REGISTRATE.REGISTER]: Captured registration for entry polished_cut_diorite_slab of type minecraft:item
[13Jan2025 22:54:01.141] [modloading-worker-0/DEBUG] [com.tterrag.registrate.AbstractRegistrate/REGISTRATE.REGISTER]: Captured registration for entry polished_cut_diorite_slab of type minecraft:block
[13Jan2025 22:54:01.141] [modloading-worker-0/DEBUG] [com.tterrag.registrate.AbstractRegistrate/REGISTRATE.REGISTER]: Captured registration for entry polished_cut_diorite_wall of type minecraft:item
[13Jan2025 22:54:01.142] [modloading-worker-0/DEBUG] [com.tterrag.registrate.AbstractRegistrate/REGISTRATE.REGISTER]: Captured registration for entry polished_cut_diorite_wall of type minecraft:block
[13Jan2025 22:54:01.142] [modloading-worker-0/DEBUG] [com.tterrag.registrate.AbstractRegistrate/REGISTRATE.REGISTER]: Captured registration for entry cut_diorite_bricks of type minecraft:item
[13Jan2025 22:54:01.142] [modloading-worker-0/DEBUG] [com.tterrag.registrate.AbstractRegistrate/REGISTRATE.REGISTER]: Captured registration for entry cut_diorite_bricks of type minecraft:block
[13Jan2025 22:54:01.142] [modloading-worker-0/DEBUG] [com.tterrag.registrate.AbstractRegistrate/REGISTRATE.REGISTER]: Captured registration for entry cut_diorite_brick_stairs of type minecraft:item
[13Jan2025 22:54:01.142] [modloading-worker-0/DEBUG] [com.tterrag.registrate.AbstractRegistrate/REGISTRATE.REGISTER]: Captured registration for entry cut_diorite_brick_stairs of type minecraft:block
[13Jan2025 22:54:01.143] [modloading-worker-0/DEBUG] [com.tterrag.registrate.AbstractRegistrate/REGISTRATE.REGISTER]: Captured registration for entry cut_diorite_brick_slab of type minecraft:item
[13Jan2025 22:54:01.143] [modloading-worker-0/DEBUG] [com.tterrag.registrate.AbstractRegistrate/REGISTRATE.REGISTER]: Captured registration for entry cut_diorite_brick_slab of type minecraft:block
[13Jan2025 22:54:01.143] [modloading-worker-0/DEBUG] [com.tterrag.registrate.AbstractRegistrate/REGISTRATE.REGISTER]: Captured registration for entry cut_diorite_brick_wall of type minecraft:item
[13Jan2025 22:54:01.143] [modloading-worker-0/DEBUG] [com.tterrag.registrate.AbstractRegistrate/REGISTRATE.REGISTER]: Captured registration for entry cut_diorite_brick_wall of type minecraft:block
[13Jan2025 22:54:01.143] [modloading-worker-0/DEBUG] [com.tterrag.registrate.AbstractRegistrate/REGISTRATE.REGISTER]: Captured registration for entry small_diorite_bricks of type minecraft:item
[13Jan2025 22:54:01.143] [modloading-worker-0/DEBUG] [com.tterrag.registrate.AbstractRegistrate/REGISTRATE.REGISTER]: Captured registration for entry small_diorite_bricks of type minecraft:block
[13Jan2025 22:54:01.144] [modloading-worker-0/DEBUG] [com.tterrag.registrate.AbstractRegistrate/REGISTRATE.REGISTER]: Captured registration for entry small_diorite_brick_stairs of type minecraft:item
[13Jan2025 22:54:01.144] [modloading-worker-0/DEBUG] [com.tterrag.registrate.AbstractRegistrate/REGISTRATE.REGISTER]: Captured registration for entry small_diorite_brick_stairs of type minecraft:block
[13Jan2025 22:54:01.144] [modloading-worker-0/DEBUG] [com.tterrag.registrate.AbstractRegistrate/REGISTRATE.REGISTER]: Captured registration for entry small_diorite_brick_slab of type minecraft:item
[13Jan2025 22:54:01.144] [modloading-worker-0/DEBUG] [com.tterrag.registrate.AbstractRegistrate/REGISTRATE.REGISTER]: Captured registration for entry small_diorite_brick_slab of type minecraft:block
[13Jan2025 22:54:01.144] [modloading-worker-0/DEBUG] [com.tterrag.registrate.AbstractRegistrate/REGISTRATE.REGISTER]: Captured registration for entry small_diorite_brick_wall of type minecraft:item
[13Jan2025 22:54:01.144] [modloading-worker-0/DEBUG] [com.tterrag.registrate.AbstractRegistrate/REGISTRATE.REGISTER]: Captured registration for entry small_diorite_brick_wall of type minecraft:block
[13Jan2025 22:54:01.145] [modloading-worker-0/DEBUG] [com.tterrag.registrate.AbstractRegistrate/REGISTRATE.REGISTER]: Captured registration for entry layered_diorite of type minecraft:item
[13Jan2025 22:54:01.145] [modloading-worker-0/DEBUG] [com.tterrag.registrate.AbstractRegistrate/REGISTRATE.REGISTER]: Captured registration for entry layered_diorite of type minecraft:block
[13Jan2025 22:54:01.145] [modloading-worker-0/DEBUG] [com.tterrag.registrate.AbstractRegistrate/REGISTRATE.REGISTER]: Captured registration for entry diorite_pillar of type minecraft:item
[13Jan2025 22:54:01.145] [modloading-worker-0/DEBUG] [com.tterrag.registrate.AbstractRegistrate/REGISTRATE.REGISTER]: Captured registration for entry diorite_pillar of type minecraft:block
[13Jan2025 22:54:01.145] [modloading-worker-0/DEBUG] [com.tterrag.registrate.AbstractRegistrate/REGISTRATE.REGISTER]: Captured registration for entry cut_andesite of type minecraft:item
[13Jan2025 22:54:01.146] [modloading-worker-0/DEBUG] [com.tterrag.registrate.AbstractRegistrate/REGISTRATE.REGISTER]: Captured registration for entry cut_andesite of type minecraft:block
[13Jan2025 22:54:01.146] [modloading-worker-0/DEBUG] [com.tterrag.registrate.AbstractRegistrate/REGISTRATE.REGISTER]: Captured registration for entry cut_andesite_stairs of type minecraft:item
[13Jan2025 22:54:01.146] [modloading-worker-0/DEBUG] [com.tterrag.registrate.AbstractRegistrate/REGISTRATE.REGISTER]: Captured registration for entry cut_andesite_stairs of type minecraft:block
[13Jan2025 22:54:01.146] [modloading-worker-0/DEBUG] [com.tterrag.registrate.AbstractRegistrate/REGISTRATE.REGISTER]: Captured registration for entry cut_andesite_slab of type minecraft:item
[13Jan2025 22:54:01.146] [modloading-worker-0/DEBUG] [com.tterrag.registrate.AbstractRegistrate/REGISTRATE.REGISTER]: Captured registration for entry cut_andesite_slab of type minecraft:block
[13Jan2025 22:54:01.146] [modloading-worker-0/DEBUG] [com.tterrag.registrate.AbstractRegistrate/REGISTRATE.REGISTER]: Captured registration for entry cut_andesite_wall of type minecraft:item
[13Jan2025 22:54:01.147] [modloading-worker-0/DEBUG] [com.tterrag.registrate.AbstractRegistrate/REGISTRATE.REGISTER]: Captured registration for entry cut_andesite_wall of type minecraft:block
[13Jan2025 22:54:01.147] [modloading-worker-0/DEBUG] [com.tterrag.registrate.AbstractRegistrate/REGISTRATE.REGISTER]: Captured registration for entry polished_cut_andesite of type minecraft:item
[13Jan2025 22:54:01.147] [modloading-worker-0/DEBUG] [com.tterrag.registrate.AbstractRegistrate/REGISTRATE.REGISTER]: Captured registration for entry polished_cut_andesite of type minecraft:block
[13Jan2025 22:54:01.139] [modloading-worker-0/DEBUG] [net.minecraftforge.fml.javafmlmod.AutomaticEventSubscriber/LOADING]: Attempting to inject @EventBusSubscriber classes into the eventbus for xkdeco
[13Jan2025 22:54:01.147] [modloading-worker-0/DEBUG] [com.tterrag.registrate.AbstractRegistrate/REGISTRATE.REGISTER]: Captured registration for entry polished_cut_andesite_stairs of type minecraft:item
[13Jan2025 22:54:01.147] [modloading-worker-0/DEBUG] [com.tterrag.registrate.AbstractRegistrate/REGISTRATE.REGISTER]: Captured registration for entry polished_cut_andesite_stairs of type minecraft:block
[13Jan2025 22:54:01.147] [modloading-worker-0/DEBUG] [com.tterrag.registrate.AbstractRegistrate/REGISTRATE.REGISTER]: Captured registration for entry polished_cut_andesite_slab of type minecraft:item
[13Jan2025 22:54:01.148] [modloading-worker-0/DEBUG] [com.tterrag.registrate.AbstractRegistrate/REGISTRATE.REGISTER]: Captured registration for entry polished_cut_andesite_slab of type minecraft:block
[13Jan2025 22:54:01.148] [modloading-worker-0/DEBUG] [com.tterrag.registrate.AbstractRegistrate/REGISTRATE.REGISTER]: Captured registration for entry polished_cut_andesite_wall of type minecraft:item
[13Jan2025 22:54:01.148] [modloading-worker-0/DEBUG] [com.tterrag.registrate.AbstractRegistrate/REGISTRATE.REGISTER]: Captured registration for entry polished_cut_andesite_wall of type minecraft:block
[13Jan2025 22:54:01.148] [modloading-worker-0/DEBUG] [com.tterrag.registrate.AbstractRegistrate/REGISTRATE.REGISTER]: Captured registration for entry cut_andesite_bricks of type minecraft:item
[13Jan2025 22:54:01.148] [modloading-worker-0/DEBUG] [com.tterrag.registrate.AbstractRegistrate/REGISTRATE.REGISTER]: Captured registration for entry cut_andesite_bricks of type minecraft:block
[13Jan2025 22:54:01.148] [modloading-worker-0/DEBUG] [com.tterrag.registrate.AbstractRegistrate/REGISTRATE.REGISTER]: Captured registration for entry cut_andesite_brick_stairs of type minecraft:item
[13Jan2025 22:54:01.149] [modloading-worker-0/DEBUG] [com.tterrag.registrate.AbstractRegistrate/REGISTRATE.REGISTER]: Captured registration for entry cut_andesite_brick_stairs of type minecraft:block
[13Jan2025 22:54:01.149] [modloading-worker-0/DEBUG] [com.tterrag.registrate.AbstractRegistrate/REGISTRATE.REGISTER]: Captured registration for entry cut_andesite_brick_slab of type minecraft:item
[13Jan2025 22:54:01.149] [modloading-worker-0/DEBUG] [com.tterrag.registrate.AbstractRegistrate/REGISTRATE.REGISTER]: Captured registration for entry cut_andesite_brick_slab of type minecraft:block
[13Jan2025 22:54:01.149] [modloading-worker-0/DEBUG] [com.tterrag.registrate.AbstractRegistrate/REGISTRATE.REGISTER]: Captured registration for entry cut_andesite_brick_wall of type minecraft:item
[13Jan2025 22:54:01.149] [modloading-worker-0/DEBUG] [com.tterrag.registrate.AbstractRegistrate/REGISTRATE.REGISTER]: Captured registration for entry cut_andesite_brick_wall of type minecraft:block
[13Jan2025 22:54:01.149] [modloading-worker-0/DEBUG] [com.tterrag.registrate.AbstractRegistrate/REGISTRATE.REGISTER]: Captured registration for entry small_andesite_bricks of type minecraft:item
[13Jan2025 22:54:01.150] [modloading-worker-0/DEBUG] [com.tterrag.registrate.AbstractRegistrate/REGISTRATE.REGISTER]: Captured registration for entry small_andesite_bricks of type minecraft:block
[13Jan2025 22:54:01.150] [modloading-worker-0/DEBUG] [com.tterrag.registrate.AbstractRegistrate/REGISTRATE.REGISTER]: Captured registration for entry small_andesite_brick_stairs of type minecraft:item
[13Jan2025 22:54:01.150] [modloading-worker-0/DEBUG] [com.tterrag.registrate.AbstractRegistrate/REGISTRATE.REGISTER]: Captured registration for entry small_andesite_brick_stairs of type minecraft:block
[13Jan2025 22:54:01.150] [modloading-worker-0/DEBUG] [com.tterrag.registrate.AbstractRegistrate/REGISTRATE.REGISTER]: Captured registration for entry small_andesite_brick_slab of type minecraft:item
[13Jan2025 22:54:01.150] [modloading-worker-0/DEBUG] [com.tterrag.registrate.AbstractRegistrate/REGISTRATE.REGISTER]: Captured registration for entry small_andesite_brick_slab of type minecraft:block
[13Jan2025 22:54:01.151] [modloading-worker-0/DEBUG] [com.tterrag.registrate.AbstractRegistrate/REGISTRATE.REGISTER]: Captured registration for entry small_andesite_brick_wall of type minecraft:item
[13Jan2025 22:54:01.151] [modloading-worker-0/DEBUG] [com.tterrag.registrate.AbstractRegistrate/REGISTRATE.REGISTER]: Captured registration for entry small_andesite_brick_wall of type minecraft:block
[13Jan2025 22:54:01.151] [modloading-worker-0/DEBUG] [com.tterrag.registrate.AbstractRegistrate/REGISTRATE.REGISTER]: Captured registration for entry layered_andesite of type minecraft:item
[13Jan2025 22:54:01.151] [modloading-worker-0/DEBUG] [com.tterrag.registrate.AbstractRegistrate/REGISTRATE.REGISTER]: Captured registration for entry layered_andesite of type minecraft:block
[13Jan2025 22:54:01.151] [modloading-worker-0/DEBUG] [com.tterrag.registrate.AbstractRegistrate/REGISTRATE.REGISTER]: Captured registration for entry andesite_pillar of type minecraft:item
[13Jan2025 22:54:01.151] [modloading-worker-0/DEBUG] [com.tterrag.registrate.AbstractRegistrate/REGISTRATE.REGISTER]: Captured registration for entry andesite_pillar of type minecraft:block
[13Jan2025 22:54:01.152] [modloading-worker-0/DEBUG] [com.tterrag.registrate.AbstractRegistrate/REGISTRATE.REGISTER]: Captured registration for entry cut_calcite of type minecraft:item
[13Jan2025 22:54:01.152] [modloading-worker-0/DEBUG] [com.tterrag.registrate.AbstractRegistrate/REGISTRATE.REGISTER]: Captured registration for entry cut_calcite of type minecraft:block
[13Jan2025 22:54:01.152] [modloading-worker-0/DEBUG] [com.tterrag.registrate.AbstractRegistrate/REGISTRATE.REGISTER]: Captured registration for entry cut_calcite_stairs of type minecraft:item
[13Jan2025 22:54:01.152] [modloading-worker-0/DEBUG] [com.tterrag.registrate.AbstractRegistrate/REGISTRATE.REGISTER]: Captured registration for entry cut_calcite_stairs of type minecraft:block
[13Jan2025 22:54:01.153] [modloading-worker-0/DEBUG] [com.tterrag.registrate.AbstractRegistrate/REGISTRATE.REGISTER]: Captured registration for entry cut_calcite_slab of type minecraft:item
[13Jan2025 22:54:01.153] [modloading-worker-0/DEBUG] [com.tterrag.registrate.AbstractRegistrate/REGISTRATE.REGISTER]: Captured registration for entry cut_calcite_slab of type minecraft:block
[13Jan2025 22:54:01.153] [modloading-worker-0/DEBUG] [com.tterrag.registrate.AbstractRegistrate/REGISTRATE.REGISTER]: Captured registration for entry cut_calcite_wall of type minecraft:item
[13Jan2025 22:54:01.153] [modloading-worker-0/DEBUG] [com.tterrag.registrate.AbstractRegistrate/REGISTRATE.REGISTER]: Captured registration for entry cut_calcite_wall of type minecraft:block
[13Jan2025 22:54:01.153] [modloading-worker-0/DEBUG] [com.tterrag.registrate.AbstractRegistrate/REGISTRATE.REGISTER]: Captured registration for entry polished_cut_calcite of type minecraft:item
[13Jan2025 22:54:01.153] [modloading-worker-0/DEBUG] [com.tterrag.registrate.AbstractRegistrate/REGISTRATE.REGISTER]: Captured registration for entry polished_cut_calcite of type minecraft:block
[13Jan2025 22:54:01.154] [modloading-worker-0/DEBUG] [com.tterrag.registrate.AbstractRegistrate/REGISTRATE.REGISTER]: Captured registration for entry polished_cut_calcite_stairs of type minecraft:item
[13Jan2025 22:54:01.154] [modloading-worker-0/DEBUG] [com.tterrag.registrate.AbstractRegistrate/REGISTRATE.REGISTER]: Captured registration for entry polished_cut_calcite_stairs of type minecraft:block
[13Jan2025 22:54:01.154] [modloading-worker-0/DEBUG] [com.tterrag.registrate.AbstractRegistrate/REGISTRATE.REGISTER]: Captured registration for entry polished_cut_calcite_slab of type minecraft:item
[13Jan2025 22:54:01.154] [modloading-worker-0/DEBUG] [com.tterrag.registrate.AbstractRegistrate/REGISTRATE.REGISTER]: Captured registration for entry polished_cut_calcite_slab of type minecraft:block
[13Jan2025 22:54:01.154] [modloading-worker-0/DEBUG] [com.tterrag.registrate.AbstractRegistrate/REGISTRATE.REGISTER]: Captured registration for entry polished_cut_calcite_wall of type minecraft:item
[13Jan2025 22:54:01.154] [modloading-worker-0/DEBUG] [com.tterrag.registrate.AbstractRegistrate/REGISTRATE.REGISTER]: Captured registration for entry polished_cut_calcite_wall of type minecraft:block
[13Jan2025 22:54:01.155] [modloading-worker-0/DEBUG] [com.tterrag.registrate.AbstractRegistrate/REGISTRATE.REGISTER]: Captured registration for entry cut_calcite_bricks of type minecraft:item
[13Jan2025 22:54:01.155] [modloading-worker-0/DEBUG] [com.tterrag.registrate.AbstractRegistrate/REGISTRATE.REGISTER]: Captured registration for entry cut_calcite_bricks of type minecraft:block
[13Jan2025 22:54:01.155] [modloading-worker-0/DEBUG] [com.tterrag.registrate.AbstractRegistrate/REGISTRATE.REGISTER]: Captured registration for entry cut_calcite_brick_stairs of type minecraft:item
[13Jan2025 22:54:01.155] [modloading-worker-0/DEBUG] [com.tterrag.registrate.AbstractRegistrate/REGISTRATE.REGISTER]: Captured registration for entry cut_calcite_brick_stairs of type minecraft:block
[13Jan2025 22:54:01.155] [modloading-worker-0/DEBUG] [com.tterrag.registrate.AbstractRegistrate/REGISTRATE.REGISTER]: Captured registration for entry cut_calcite_brick_slab of type minecraft:item
[13Jan2025 22:54:01.156] [modloading-worker-0/DEBUG] [com.tterrag.registrate.AbstractRegistrate/REGISTRATE.REGISTER]: Captured registration for entry cut_calcite_brick_slab of type minecraft:block
[13Jan2025 22:54:01.156] [modloading-worker-0/DEBUG] [com.tterrag.registrate.AbstractRegistrate/REGISTRATE.REGISTER]: Captured registration for entry cut_calcite_brick_wall of type minecraft:item
[13Jan2025 22:54:01.156] [modloading-worker-0/DEBUG] [com.tterrag.registrate.AbstractRegistrate/REGISTRATE.REGISTER]: Captured registration for entry cut_calcite_brick_wall of type minecraft:block
[13Jan2025 22:54:01.156] [modloading-worker-0/DEBUG] [com.tterrag.registrate.AbstractRegistrate/REGISTRATE.REGISTER]: Captured registration for entry small_calcite_bricks of type minecraft:item
[13Jan2025 22:54:01.156] [modloading-worker-0/DEBUG] [com.tterrag.registrate.AbstractRegistrate/REGISTRATE.REGISTER]: Captured registration for entry small_calcite_bricks of type minecraft:block
[13Jan2025 22:54:01.156] [modloading-worker-0/DEBUG] [com.tterrag.registrate.AbstractRegistrate/REGISTRATE.REGISTER]: Captured registration for entry small_calcite_brick_stairs of type minecraft:item
[13Jan2025 22:54:01.156] [modloading-worker-0/DEBUG] [com.tterrag.registrate.AbstractRegistrate/REGISTRATE.REGISTER]: Captured registration for entry small_calcite_brick_stairs of type minecraft:block
[13Jan2025 22:54:01.157] [modloading-worker-0/DEBUG] [com.tterrag.registrate.AbstractRegistrate/REGISTRATE.REGISTER]: Captured registration for entry small_calcite_brick_slab of type minecraft:item
[13Jan2025 22:54:01.157] [modloading-worker-0/DEBUG] [com.tterrag.registrate.AbstractRegistrate/REGISTRATE.REGISTER]: Captured registration for entry small_calcite_brick_slab of type minecraft:block
[13Jan2025 22:54:01.157] [modloading-worker-0/DEBUG] [com.tterrag.registrate.AbstractRegistrate/REGISTRATE.REGISTER]: Captured registration for entry small_calcite_brick_wall of type minecraft:item
[13Jan2025 22:54:01.157] [modloading-worker-0/DEBUG] [com.tterrag.registrate.AbstractRegistrate/REGISTRATE.REGISTER]: Captured registration for entry small_calcite_brick_wall of type minecraft:block
[13Jan2025 22:54:01.157] [modloading-worker-0/DEBUG] [com.tterrag.registrate.AbstractRegistrate/REGISTRATE.REGISTER]: Captured registration for entry layered_calcite of type minecraft:item
[13Jan2025 22:54:01.158] [modloading-worker-0/DEBUG] [com.tterrag.registrate.AbstractRegistrate/REGISTRATE.REGISTER]: Captured registration for entry layered_calcite of type minecraft:block
[13Jan2025 22:54:01.158] [modloading-worker-0/DEBUG] [com.tterrag.registrate.AbstractRegistrate/REGISTRATE.REGISTER]: Captured registration for entry calcite_pillar of type minecraft:item
[13Jan2025 22:54:01.158] [modloading-worker-0/DEBUG] [com.tterrag.registrate.AbstractRegistrate/REGISTRATE.REGISTER]: Captured registration for entry calcite_pillar of type minecraft:block
[13Jan2025 22:54:01.158] [modloading-worker-0/DEBUG] [com.tterrag.registrate.AbstractRegistrate/REGISTRATE.REGISTER]: Captured registration for entry cut_dripstone of type minecraft:item
[13Jan2025 22:54:01.158] [modloading-worker-0/DEBUG] [com.tterrag.registrate.AbstractRegistrate/REGISTRATE.REGISTER]: Captured registration for entry cut_dripstone of type minecraft:block
[13Jan2025 22:54:01.159] [modloading-worker-0/DEBUG] [com.tterrag.registrate.AbstractRegistrate/REGISTRATE.REGISTER]: Captured registration for entry cut_dripstone_stairs of type minecraft:item
[13Jan2025 22:54:01.159] [modloading-worker-0/DEBUG] [com.tterrag.registrate.AbstractRegistrate/REGISTRATE.REGISTER]: Captured registration for entry cut_dripstone_stairs of type minecraft:block
[13Jan2025 22:54:01.159] [modloading-worker-0/DEBUG] [com.tterrag.registrate.AbstractRegistrate/REGISTRATE.REGISTER]: Captured registration for entry cut_dripstone_slab of type minecraft:item
[13Jan2025 22:54:01.159] [modloading-worker-0/DEBUG] [com.tterrag.registrate.AbstractRegistrate/REGISTRATE.REGISTER]: Captured registration for entry cut_dripstone_slab of type minecraft:block
[13Jan2025 22:54:01.159] [modloading-worker-0/DEBUG] [com.tterrag.registrate.AbstractRegistrate/REGISTRATE.REGISTER]: Captured registration for entry cut_dripstone_wall of type minecraft:item
[13Jan2025 22:54:01.160] [modloading-worker-0/DEBUG] [com.tterrag.registrate.AbstractRegistrate/REGISTRATE.REGISTER]: Captured registration for entry cut_dripstone_wall of type minecraft:block
[13Jan2025 22:54:01.160] [modloading-worker-0/DEBUG] [com.tterrag.registrate.AbstractRegistrate/REGISTRATE.REGISTER]: Captured registration for entry polished_cut_dripstone of type minecraft:item
[13Jan2025 22:54:01.160] [modloading-worker-0/DEBUG] [com.tterrag.registrate.AbstractRegistrate/REGISTRATE.REGISTER]: Captured registration for entry polished_cut_dripstone of type minecraft:block
[13Jan2025 22:54:01.160] [modloading-worker-0/DEBUG] [com.tterrag.registrate.AbstractRegistrate/REGISTRATE.REGISTER]: Captured registration for entry polished_cut_dripstone_stairs of type minecraft:item
[13Jan2025 22:54:01.160] [modloading-worker-0/DEBUG] [com.tterrag.registrate.AbstractRegistrate/REGISTRATE.REGISTER]: Captured registration for entry polished_cut_dripstone_stairs of type minecraft:block
[13Jan2025 22:54:01.160] [modloading-worker-0/DEBUG] [com.tterrag.registrate.AbstractRegistrate/REGISTRATE.REGISTER]: Captured registration for entry polished_cut_dripstone_slab of type minecraft:item
[13Jan2025 22:54:01.161] [modloading-worker-0/DEBUG] [com.tterrag.registrate.AbstractRegistrate/REGISTRATE.REGISTER]: Captured registration for entry polished_cut_dripstone_slab of type minecraft:block
[13Jan2025 22:54:01.161] [modloading-worker-0/DEBUG] [com.tterrag.registrate.AbstractRegistrate/REGISTRATE.REGISTER]: Captured registration for entry polished_cut_dripstone_wall of type minecraft:item
[13Jan2025 22:54:01.161] [modloading-worker-0/DEBUG] [com.tterrag.registrate.AbstractRegistrate/REGISTRATE.REGISTER]: Captured registration for entry polished_cut_dripstone_wall of type minecraft:block
[13Jan2025 22:54:01.161] [modloading-worker-0/DEBUG] [com.tterrag.registrate.AbstractRegistrate/REGISTRATE.REGISTER]: Captured registration for entry cut_dripstone_bricks of type minecraft:item
[13Jan2025 22:54:01.161] [modloading-worker-0/DEBUG] [com.tterrag.registrate.AbstractRegistrate/REGISTRATE.REGISTER]: Captured registration for entry cut_dripstone_bricks of type minecraft:block
[13Jan2025 22:54:01.161] [modloading-worker-0/DEBUG] [com.tterrag.registrate.AbstractRegistrate/REGISTRATE.REGISTER]: Captured registration for entry cut_dripstone_brick_stairs of type minecraft:item
[13Jan2025 22:54:01.162] [modloading-worker-0/DEBUG] [com.tterrag.registrate.AbstractRegistrate/REGISTRATE.REGISTER]: Captured registration for entry cut_dripstone_brick_stairs of type minecraft:block
[13Jan2025 22:54:01.162] [modloading-worker-0/DEBUG] [com.tterrag.registrate.AbstractRegistrate/REGISTRATE.REGISTER]: Captured registration for entry cut_dripstone_brick_slab of type minecraft:item
[13Jan2025 22:54:01.162] [modloading-worker-0/DEBUG] [com.tterrag.registrate.AbstractRegistrate/REGISTRATE.REGISTER]: Captured registration for entry cut_dripstone_brick_slab of type minecraft:block
[13Jan2025 22:54:01.162] [modloading-worker-0/DEBUG] [com.tterrag.registrate.AbstractRegistrate/REGISTRATE.REGISTER]: Captured registration for entry cut_dripstone_brick_wall of type minecraft:item
[13Jan2025 22:54:01.162] [modloading-worker-0/DEBUG] [com.tterrag.registrate.AbstractRegistrate/REGISTRATE.REGISTER]: Captured registration for entry cut_dripstone_brick_wall of type minecraft:block
[13Jan2025 22:54:01.162] [modloading-worker-0/DEBUG] [com.tterrag.registrate.AbstractRegistrate/REGISTRATE.REGISTER]: Captured registration for entry small_dripstone_bricks of type minecraft:item
[13Jan2025 22:54:01.163] [modloading-worker-0/DEBUG] [com.tterrag.registrate.AbstractRegistrate/REGISTRATE.REGISTER]: Captured registration for entry small_dripstone_bricks of type minecraft:block
[13Jan2025 22:54:01.163] [modloading-worker-0/DEBUG] [com.tterrag.registrate.AbstractRegistrate/REGISTRATE.REGISTER]: Captured registration for entry small_dripstone_brick_stairs of type minecraft:item
[13Jan2025 22:54:01.163] [modloading-worker-0/DEBUG] [com.tterrag.registrate.AbstractRegistrate/REGISTRATE.REGISTER]: Captured registration for entry small_dripstone_brick_stairs of type minecraft:block
[13Jan2025 22:54:01.163] [modloading-worker-0/DEBUG] [com.tterrag.registrate.AbstractRegistrate/REGISTRATE.REGISTER]: Captured registration for entry small_dripstone_brick_slab of type minecraft:item
[13Jan2025 22:54:01.163] [modloading-worker-0/DEBUG] [com.tterrag.registrate.AbstractRegistrate/REGISTRATE.REGISTER]: Captured registration for entry small_dripstone_brick_slab of type minecraft:block
[13Jan2025 22:54:01.164] [modloading-worker-0/DEBUG] [com.tterrag.registrate.AbstractRegistrate/REGISTRATE.REGISTER]: Captured registration for entry small_dripstone_brick_wall of type minecraft:item
[13Jan2025 22:54:01.164] [modloading-worker-0/DEBUG] [com.tterrag.registrate.AbstractRegistrate/REGISTRATE.REGISTER]: Captured registration for entry small_dripstone_brick_wall of type minecraft:block
[13Jan2025 22:54:01.164] [modloading-worker-0/DEBUG] [com.tterrag.registrate.AbstractRegistrate/REGISTRATE.REGISTER]: Captured registration for entry layered_dripstone of type minecraft:item
[13Jan2025 22:54:01.164] [modloading-worker-0/DEBUG] [com.tterrag.registrate.AbstractRegistrate/REGISTRATE.REGISTER]: Captured registration for entry layered_dripstone of type minecraft:block
[13Jan2025 22:54:01.164] [modloading-worker-0/DEBUG] [com.tterrag.registrate.AbstractRegistrate/REGISTRATE.REGISTER]: Captured registration for entry dripstone_pillar of type minecraft:item
[13Jan2025 22:54:01.164] [modloading-worker-0/DEBUG] [com.tterrag.registrate.AbstractRegistrate/REGISTRATE.REGISTER]: Captured registration for entry dripstone_pillar of type minecraft:block
[13Jan2025 22:54:01.165] [modloading-worker-0/DEBUG] [com.tterrag.registrate.AbstractRegistrate/REGISTRATE.REGISTER]: Captured registration for entry cut_deepslate of type minecraft:item
[13Jan2025 22:54:01.165] [modloading-worker-0/DEBUG] [com.tterrag.registrate.AbstractRegistrate/REGISTRATE.REGISTER]: Captured registration for entry cut_deepslate of type minecraft:block
[13Jan2025 22:54:01.165] [modloading-worker-0/DEBUG] [com.tterrag.registrate.AbstractRegistrate/REGISTRATE.REGISTER]: Captured registration for entry cut_deepslate_stairs of type minecraft:item
[13Jan2025 22:54:01.165] [modloading-worker-0/DEBUG] [com.tterrag.registrate.AbstractRegistrate/REGISTRATE.REGISTER]: Captured registration for entry cut_deepslate_stairs of type minecraft:block
[13Jan2025 22:54:01.165] [modloading-worker-0/DEBUG] [com.tterrag.registrate.AbstractRegistrate/REGISTRATE.REGISTER]: Captured registration for entry cut_deepslate_slab of type minecraft:item
[13Jan2025 22:54:01.166] [modloading-worker-0/DEBUG] [com.tterrag.registrate.AbstractRegistrate/REGISTRATE.REGISTER]: Captured registration for entry cut_deepslate_slab of type minecraft:block
[13Jan2025 22:54:01.166] [modloading-worker-0/DEBUG] [com.tterrag.registrate.AbstractRegistrate/REGISTRATE.REGISTER]: Captured registration for entry cut_deepslate_wall of type minecraft:item
[13Jan2025 22:54:01.166] [modloading-worker-0/DEBUG] [com.tterrag.registrate.AbstractRegistrate/REGISTRATE.REGISTER]: Captured registration for entry cut_deepslate_wall of type minecraft:block
[13Jan2025 22:54:01.166] [modloading-worker-0/DEBUG] [com.tterrag.registrate.AbstractRegistrate/REGISTRATE.REGISTER]: Captured registration for entry polished_cut_deepslate of type minecraft:item
[13Jan2025 22:54:01.166] [modloading-worker-0/DEBUG] [com.tterrag.registrate.AbstractRegistrate/REGISTRATE.REGISTER]: Captured registration for entry polished_cut_deepslate of type minecraft:block
[13Jan2025 22:54:01.167] [modloading-worker-0/DEBUG] [com.tterrag.registrate.AbstractRegistrate/REGISTRATE.REGISTER]: Captured registration for entry polished_cut_deepslate_stairs of type minecraft:item
[13Jan2025 22:54:01.167] [modloading-worker-0/DEBUG] [com.tterrag.registrate.AbstractRegistrate/REGISTRATE.REGISTER]: Captured registration for entry polished_cut_deepslate_stairs of type minecraft:block
[13Jan2025 22:54:01.167] [modloading-worker-0/DEBUG] [com.tterrag.registrate.AbstractRegistrate/REGISTRATE.REGISTER]: Captured registration for entry polished_cut_deepslate_slab of type minecraft:item
[13Jan2025 22:54:01.167] [modloading-worker-0/DEBUG] [com.tterrag.registrate.AbstractRegistrate/REGISTRATE.REGISTER]: Captured registration for entry polished_cut_deepslate_slab of type minecraft:block
[13Jan2025 22:54:01.167] [modloading-worker-0/DEBUG] [com.tterrag.registrate.AbstractRegistrate/REGISTRATE.REGISTER]: Captured registration for entry polished_cut_deepslate_wall of type minecraft:item
[13Jan2025 22:54:01.167] [modloading-worker-0/DEBUG] [com.tterrag.registrate.AbstractRegistrate/REGISTRATE.REGISTER]: Captured registration for entry polished_cut_deepslate_wall of type minecraft:block
[13Jan2025 22:54:01.167] [modloading-worker-0/DEBUG] [com.tterrag.registrate.AbstractRegistrate/REGISTRATE.REGISTER]: Captured registration for entry cut_deepslate_bricks of type minecraft:item
[13Jan2025 22:54:01.168] [modloading-worker-0/DEBUG] [com.tterrag.registrate.AbstractRegistrate/REGISTRATE.REGISTER]: Captured registration for entry cut_deepslate_bricks of type minecraft:block
[13Jan2025 22:54:01.168] [modloading-worker-0/DEBUG] [com.tterrag.registrate.AbstractRegistrate/REGISTRATE.REGISTER]: Captured registration for entry cut_deepslate_brick_stairs of type minecraft:item
[13Jan2025 22:54:01.168] [modloading-worker-0/DEBUG] [com.tterrag.registrate.AbstractRegistrate/REGISTRATE.REGISTER]: Captured registration for entry cut_deepslate_brick_stairs of type minecraft:block
[13Jan2025 22:54:01.168] [modloading-worker-0/DEBUG] [com.tterrag.registrate.AbstractRegistrate/REGISTRATE.REGISTER]: Captured registration for entry cut_deepslate_brick_slab of type minecraft:item
[13Jan2025 22:54:01.168] [modloading-worker-0/DEBUG] [com.tterrag.registrate.AbstractRegistrate/REGISTRATE.REGISTER]: Captured registration for entry cut_deepslate_brick_slab of type minecraft:block
[13Jan2025 22:54:01.169] [modloading-worker-0/DEBUG] [com.tterrag.registrate.AbstractRegistrate/REGISTRATE.REGISTER]: Captured registration for entry cut_deepslate_brick_wall of type minecraft:item
[13Jan2025 22:54:01.169] [modloading-worker-0/DEBUG] [com.tterrag.registrate.AbstractRegistrate/REGISTRATE.REGISTER]: Captured registration for entry cut_deepslate_brick_wall of type minecraft:block
[13Jan2025 22:54:01.169] [modloading-worker-0/DEBUG] [com.tterrag.registrate.AbstractRegistrate/REGISTRATE.REGISTER]: Captured registration for entry small_deepslate_bricks of type minecraft:item
[13Jan2025 22:54:01.169] [modloading-worker-0/DEBUG] [com.tterrag.registrate.AbstractRegistrate/REGISTRATE.REGISTER]: Captured registration for entry small_deepslate_bricks of type minecraft:block
[13Jan2025 22:54:01.169] [modloading-worker-0/DEBUG] [com.tterrag.registrate.AbstractRegistrate/REGISTRATE.REGISTER]: Captured registration for entry small_deepslate_brick_stairs of type minecraft:item
[13Jan2025 22:54:01.169] [modloading-worker-0/DEBUG] [com.tterrag.registrate.AbstractRegistrate/REGISTRATE.REGISTER]: Captured registration for entry small_deepslate_brick_stairs of type minecraft:block
[13Jan2025 22:54:01.170] [modloading-worker-0/DEBUG] [com.tterrag.registrate.AbstractRegistrate/REGISTRATE.REGISTER]: Captured registration for entry small_deepslate_brick_slab of type minecraft:item
[13Jan2025 22:54:01.170] [modloading-worker-0/DEBUG] [com.tterrag.registrate.AbstractRegistrate/REGISTRATE.REGISTER]: Captured registration for entry small_deepslate_brick_slab of type minecraft:block
[13Jan2025 22:54:01.170] [modloading-worker-0/DEBUG] [com.tterrag.registrate.AbstractRegistrate/REGISTRATE.REGISTER]: Captured registration for entry small_deepslate_brick_wall of type minecraft:item
[13Jan2025 22:54:01.170] [modloading-worker-0/DEBUG] [com.tterrag.registrate.AbstractRegistrate/REGISTRATE.REGISTER]: Captured registration for entry small_deepslate_brick_wall of type minecraft:block
[13Jan2025 22:54:01.170] [modloading-worker-0/DEBUG] [com.tterrag.registrate.AbstractRegistrate/REGISTRATE.REGISTER]: Captured registration for entry layered_deepslate of type minecraft:item
[13Jan2025 22:54:01.171] [modloading-worker-0/DEBUG] [com.tterrag.registrate.AbstractRegistrate/REGISTRATE.REGISTER]: Captured registration for entry layered_deepslate of type minecraft:block
[13Jan2025 22:54:01.171] [modloading-worker-0/DEBUG] [com.tterrag.registrate.AbstractRegistrate/REGISTRATE.REGISTER]: Captured registration for entry deepslate_pillar of type minecraft:item
[13Jan2025 22:54:01.171] [modloading-worker-0/DEBUG] [com.tterrag.registrate.AbstractRegistrate/REGISTRATE.REGISTER]: Captured registration for entry deepslate_pillar of type minecraft:block
[13Jan2025 22:54:01.171] [modloading-worker-0/DEBUG] [com.tterrag.registrate.AbstractRegistrate/REGISTRATE.REGISTER]: Captured registration for entry cut_tuff of type minecraft:item
[13Jan2025 22:54:01.172] [modloading-worker-0/DEBUG] [com.tterrag.registrate.AbstractRegistrate/REGISTRATE.REGISTER]: Captured registration for entry cut_tuff of type minecraft:block
[13Jan2025 22:54:01.172] [modloading-worker-0/DEBUG] [com.tterrag.registrate.AbstractRegistrate/REGISTRATE.REGISTER]: Captured registration for entry cut_tuff_stairs of type minecraft:item
[13Jan2025 22:54:01.172] [modloading-worker-0/DEBUG] [com.tterrag.registrate.AbstractRegistrate/REGISTRATE.REGISTER]: Captured registration for entry cut_tuff_stairs of type minecraft:block
[13Jan2025 22:54:01.172] [modloading-worker-0/DEBUG] [com.tterrag.registrate.AbstractRegistrate/REGISTRATE.REGISTER]: Captured registration for entry cut_tuff_slab of type minecraft:item
[13Jan2025 22:54:01.172] [modloading-worker-0/DEBUG] [com.tterrag.registrate.AbstractRegistrate/REGISTRATE.REGISTER]: Captured registration for entry cut_tuff_slab of type minecraft:block
[13Jan2025 22:54:01.172] [modloading-worker-0/DEBUG] [com.tterrag.registrate.AbstractRegistrate/REGISTRATE.REGISTER]: Captured registration for entry cut_tuff_wall of type minecraft:item
[13Jan2025 22:54:01.173] [modloading-worker-0/DEBUG] [com.tterrag.registrate.AbstractRegistrate/REGISTRATE.REGISTER]: Captured registration for entry cut_tuff_wall of type minecraft:block
[13Jan2025 22:54:01.173] [modloading-worker-0/DEBUG] [com.tterrag.registrate.AbstractRegistrate/REGISTRATE.REGISTER]: Captured registration for entry polished_cut_tuff of type minecraft:item
[13Jan2025 22:54:01.173] [modloading-worker-0/DEBUG] [com.tterrag.registrate.AbstractRegistrate/REGISTRATE.REGISTER]: Captured registration for entry polished_cut_tuff of type minecraft:block
[13Jan2025 22:54:01.173] [modloading-worker-0/DEBUG] [com.tterrag.registrate.AbstractRegistrate/REGISTRATE.REGISTER]: Captured registration for entry polished_cut_tuff_stairs of type minecraft:item
[13Jan2025 22:54:01.173] [modloading-worker-0/DEBUG] [com.tterrag.registrate.AbstractRegistrate/REGISTRATE.REGISTER]: Captured registration for entry polished_cut_tuff_stairs of type minecraft:block
[13Jan2025 22:54:01.174] [modloading-worker-0/DEBUG] [com.tterrag.registrate.AbstractRegistrate/REGISTRATE.REGISTER]: Captured registration for entry polished_cut_tuff_slab of type minecraft:item
[13Jan2025 22:54:01.174] [modloading-worker-0/DEBUG] [com.tterrag.registrate.AbstractRegistrate/REGISTRATE.REGISTER]: Captured registration for entry polished_cut_tuff_slab of type minecraft:block
[13Jan2025 22:54:01.174] [modloading-worker-0/DEBUG] [com.tterrag.registrate.AbstractRegistrate/REGISTRATE.REGISTER]: Captured registration for entry polished_cut_tuff_wall of type minecraft:item
[13Jan2025 22:54:01.174] [modloading-worker-0/DEBUG] [com.tterrag.registrate.AbstractRegistrate/REGISTRATE.REGISTER]: Captured registration for entry polished_cut_tuff_wall of type minecraft:block
[13Jan2025 22:54:01.174] [modloading-worker-0/DEBUG] [com.tterrag.registrate.AbstractRegistrate/REGISTRATE.REGISTER]: Captured registration for entry cut_tuff_bricks of type minecraft:item
[13Jan2025 22:54:01.175] [modloading-worker-0/DEBUG] [com.tterrag.registrate.AbstractRegistrate/REGISTRATE.REGISTER]: Captured registration for entry cut_tuff_bricks of type minecraft:block
[13Jan2025 22:54:01.175] [modloading-worker-0/DEBUG] [com.tterrag.registrate.AbstractRegistrate/REGISTRATE.REGISTER]: Captured registration for entry cut_tuff_brick_stairs of type minecraft:item
[13Jan2025 22:54:01.175] [modloading-worker-0/DEBUG] [com.tterrag.registrate.AbstractRegistrate/REGISTRATE.REGISTER]: Captured registration for entry cut_tuff_brick_stairs of type minecraft:block
[13Jan2025 22:54:01.175] [modloading-worker-0/DEBUG] [com.tterrag.registrate.AbstractRegistrate/REGISTRATE.REGISTER]: Captured registration for entry cut_tuff_brick_slab of type minecraft:item
[13Jan2025 22:54:01.175] [modloading-worker-0/DEBUG] [com.tterrag.registrate.AbstractRegistrate/REGISTRATE.REGISTER]: Captured registration for entry cut_tuff_brick_slab of type minecraft:block
[13Jan2025 22:54:01.175] [modloading-worker-0/DEBUG] [com.tterrag.registrate.AbstractRegistrate/REGISTRATE.REGISTER]: Captured registration for entry cut_tuff_brick_wall of type minecraft:item
[13Jan2025 22:54:01.176] [modloading-worker-0/DEBUG] [com.tterrag.registrate.AbstractRegistrate/REGISTRATE.REGISTER]: Captured registration for entry cut_tuff_brick_wall of type minecraft:block
[13Jan2025 22:54:01.176] [modloading-worker-0/DEBUG] [com.tterrag.registrate.AbstractRegistrate/REGISTRATE.REGISTER]: Captured registration for entry small_tuff_bricks of type minecraft:item
[13Jan2025 22:54:01.176] [modloading-worker-0/DEBUG] [com.tterrag.registrate.AbstractRegistrate/REGISTRATE.REGISTER]: Captured registration for entry small_tuff_bricks of type minecraft:block
[13Jan2025 22:54:01.176] [modloading-worker-0/DEBUG] [com.tterrag.registrate.AbstractRegistrate/REGISTRATE.REGISTER]: Captured registration for entry small_tuff_brick_stairs of type minecraft:item
[13Jan2025 22:54:01.176] [modloading-worker-0/DEBUG] [com.tterrag.registrate.AbstractRegistrate/REGISTRATE.REGISTER]: Captured registration for entry small_tuff_brick_stairs of type minecraft:block
[13Jan2025 22:54:01.176] [modloading-worker-0/DEBUG] [com.tterrag.registrate.AbstractRegistrate/REGISTRATE.REGISTER]: Captured registration for entry small_tuff_brick_slab of type minecraft:item
[13Jan2025 22:54:01.177] [modloading-worker-0/DEBUG] [com.tterrag.registrate.AbstractRegistrate/REGISTRATE.REGISTER]: Captured registration for entry small_tuff_brick_slab of type minecraft:block
[13Jan2025 22:54:01.177] [modloading-worker-0/DEBUG] [com.tterrag.registrate.AbstractRegistrate/REGISTRATE.REGISTER]: Captured registration for entry small_tuff_brick_wall of type minecraft:item
[13Jan2025 22:54:01.177] [modloading-worker-0/DEBUG] [com.tterrag.registrate.AbstractRegistrate/REGISTRATE.REGISTER]: Captured registration for entry small_tuff_brick_wall of type minecraft:block
[13Jan2025 22:54:01.177] [modloading-worker-0/DEBUG] [com.tterrag.registrate.AbstractRegistrate/REGISTRATE.REGISTER]: Captured registration for entry layered_tuff of type minecraft:item
[13Jan2025 22:54:01.177] [modloading-worker-0/DEBUG] [com.tterrag.registrate.AbstractRegistrate/REGISTRATE.REGISTER]: Captured registration for entry layered_tuff of type minecraft:block
[13Jan2025 22:54:01.177] [modloading-worker-0/DEBUG] [com.tterrag.registrate.AbstractRegistrate/REGISTRATE.REGISTER]: Captured registration for entry tuff_pillar of type minecraft:item
[13Jan2025 22:54:01.178] [modloading-worker-0/DEBUG] [com.tterrag.registrate.AbstractRegistrate/REGISTRATE.REGISTER]: Captured registration for entry tuff_pillar of type minecraft:block
[13Jan2025 22:54:01.179] [modloading-worker-0/DEBUG] [com.tterrag.registrate.AbstractRegistrate/REGISTRATE.REGISTER]: Captured registration for entry asurine of type minecraft:item
[13Jan2025 22:54:01.179] [modloading-worker-0/DEBUG] [com.tterrag.registrate.AbstractRegistrate/REGISTRATE.REGISTER]: Captured registration for entry asurine of type minecraft:block
[13Jan2025 22:54:01.179] [modloading-worker-0/DEBUG] [com.tterrag.registrate.AbstractRegistrate/REGISTRATE.REGISTER]: Captured registration for entry cut_asurine of type minecraft:item
[13Jan2025 22:54:01.180] [modloading-worker-0/DEBUG] [com.tterrag.registrate.AbstractRegistrate/REGISTRATE.REGISTER]: Captured registration for entry cut_asurine of type minecraft:block
[13Jan2025 22:54:01.180] [modloading-worker-0/DEBUG] [com.tterrag.registrate.AbstractRegistrate/REGISTRATE.REGISTER]: Captured registration for entry cut_asurine_stairs of type minecraft:item
[13Jan2025 22:54:01.180] [modloading-worker-0/DEBUG] [com.tterrag.registrate.AbstractRegistrate/REGISTRATE.REGISTER]: Captured registration for entry cut_asurine_stairs of type minecraft:block
[13Jan2025 22:54:01.180] [modloading-worker-0/DEBUG] [com.tterrag.registrate.AbstractRegistrate/REGISTRATE.REGISTER]: Captured registration for entry cut_asurine_slab of type minecraft:item
[13Jan2025 22:54:01.180] [modloading-worker-0/DEBUG] [com.tterrag.registrate.AbstractRegistrate/REGISTRATE.REGISTER]: Captured registration for entry cut_asurine_slab of type minecraft:block
[13Jan2025 22:54:01.180] [modloading-worker-0/DEBUG] [com.tterrag.registrate.AbstractRegistrate/REGISTRATE.REGISTER]: Captured registration for entry cut_asurine_wall of type minecraft:item
[13Jan2025 22:54:01.180] [modloading-worker-0/DEBUG] [com.tterrag.registrate.AbstractRegistrate/REGISTRATE.REGISTER]: Captured registration for entry cut_asurine_wall of type minecraft:block
[13Jan2025 22:54:01.180] [modloading-worker-0/DEBUG] [com.tterrag.registrate.AbstractRegistrate/REGISTRATE.REGISTER]: Captured registration for entry polished_cut_asurine of type minecraft:item
[13Jan2025 22:54:01.180] [modloading-worker-0/DEBUG] [com.tterrag.registrate.AbstractRegistrate/REGISTRATE.REGISTER]: Captured registration for entry polished_cut_asurine of type minecraft:block
[13Jan2025 22:54:01.181] [modloading-worker-0/DEBUG] [com.tterrag.registrate.AbstractRegistrate/REGISTRATE.REGISTER]: Captured registration for entry polished_cut_asurine_stairs of type minecraft:item
[13Jan2025 22:54:01.181] [modloading-worker-0/DEBUG] [com.tterrag.registrate.AbstractRegistrate/REGISTRATE.REGISTER]: Captured registration for entry polished_cut_asurine_stairs of type minecraft:block
[13Jan2025 22:54:01.181] [modloading-worker-0/DEBUG] [com.tterrag.registrate.AbstractRegistrate/REGISTRATE.REGISTER]: Captured registration for entry polished_cut_asurine_slab of type minecraft:item
[13Jan2025 22:54:01.181] [modloading-worker-0/DEBUG] [com.tterrag.registrate.AbstractRegistrate/REGISTRATE.REGISTER]: Captured registration for entry polished_cut_asurine_slab of type minecraft:block
[13Jan2025 22:54:01.181] [modloading-worker-0/DEBUG] [com.tterrag.registrate.AbstractRegistrate/REGISTRATE.REGISTER]: Captured registration for entry polished_cut_asurine_wall of type minecraft:item
[13Jan2025 22:54:01.181] [modloading-worker-0/DEBUG] [com.tterrag.registrate.AbstractRegistrate/REGISTRATE.REGISTER]: Captured registration for entry polished_cut_asurine_wall of type minecraft:block
[13Jan2025 22:54:01.181] [modloading-worker-0/DEBUG] [com.tterrag.registrate.AbstractRegistrate/REGISTRATE.REGISTER]: Captured registration for entry cut_asurine_bricks of type minecraft:item
[13Jan2025 22:54:01.181] [modloading-worker-0/DEBUG] [com.tterrag.registrate.AbstractRegistrate/REGISTRATE.REGISTER]: Captured registration for entry cut_asurine_bricks of type minecraft:block
[13Jan2025 22:54:01.181] [modloading-worker-0/DEBUG] [com.tterrag.registrate.AbstractRegistrate/REGISTRATE.REGISTER]: Captured registration for entry cut_asurine_brick_stairs of type minecraft:item
[13Jan2025 22:54:01.181] [modloading-worker-0/DEBUG] [com.tterrag.registrate.AbstractRegistrate/REGISTRATE.REGISTER]: Captured registration for entry cut_asurine_brick_stairs of type minecraft:block
[13Jan2025 22:54:01.182] [modloading-worker-0/DEBUG] [com.tterrag.registrate.AbstractRegistrate/REGISTRATE.REGISTER]: Captured registration for entry cut_asurine_brick_slab of type minecraft:item
[13Jan2025 22:54:01.182] [modloading-worker-0/DEBUG] [com.tterrag.registrate.AbstractRegistrate/REGISTRATE.REGISTER]: Captured registration for entry cut_asurine_brick_slab of type minecraft:block
[13Jan2025 22:54:01.182] [modloading-worker-0/DEBUG] [com.tterrag.registrate.AbstractRegistrate/REGISTRATE.REGISTER]: Captured registration for entry cut_asurine_brick_wall of type minecraft:item
[13Jan2025 22:54:01.182] [modloading-worker-0/DEBUG] [com.tterrag.registrate.AbstractRegistrate/REGISTRATE.REGISTER]: Captured registration for entry cut_asurine_brick_wall of type minecraft:block
[13Jan2025 22:54:01.182] [modloading-worker-0/DEBUG] [com.tterrag.registrate.AbstractRegistrate/REGISTRATE.REGISTER]: Captured registration for entry small_asurine_bricks of type minecraft:item
[13Jan2025 22:54:01.182] [modloading-worker-0/DEBUG] [com.tterrag.registrate.AbstractRegistrate/REGISTRATE.REGISTER]: Captured registration for entry small_asurine_bricks of type minecraft:block
[13Jan2025 22:54:01.182] [modloading-worker-0/DEBUG] [com.tterrag.registrate.AbstractRegistrate/REGISTRATE.REGISTER]: Captured registration for entry small_asurine_brick_stairs of type minecraft:item
[13Jan2025 22:54:01.182] [modloading-worker-0/DEBUG] [com.tterrag.registrate.AbstractRegistrate/REGISTRATE.REGISTER]: Captured registration for entry small_asurine_brick_stairs of type minecraft:block
[13Jan2025 22:54:01.182] [modloading-worker-0/DEBUG] [com.tterrag.registrate.AbstractRegistrate/REGISTRATE.REGISTER]: Captured registration for entry small_asurine_brick_slab of type minecraft:item
[13Jan2025 22:54:01.183] [modloading-worker-0/DEBUG] [com.tterrag.registrate.AbstractRegistrate/REGISTRATE.REGISTER]: Captured registration for entry small_asurine_brick_slab of type minecraft:block
[13Jan2025 22:54:01.183] [modloading-worker-0/DEBUG] [com.tterrag.registrate.AbstractRegistrate/REGISTRATE.REGISTER]: Captured registration for entry small_asurine_brick_wall of type minecraft:item
[13Jan2025 22:54:01.183] [modloading-worker-0/DEBUG] [com.tterrag.registrate.AbstractRegistrate/REGISTRATE.REGISTER]: Captured registration for entry small_asurine_brick_wall of type minecraft:block
[13Jan2025 22:54:01.183] [modloading-worker-0/DEBUG] [com.tterrag.registrate.AbstractRegistrate/REGISTRATE.REGISTER]: Captured registration for entry layered_asurine of type minecraft:item
[13Jan2025 22:54:01.183] [modloading-worker-0/DEBUG] [com.tterrag.registrate.AbstractRegistrate/REGISTRATE.REGISTER]: Captured registration for entry layered_asurine of type minecraft:block
[13Jan2025 22:54:01.183] [modloading-worker-0/DEBUG] [com.tterrag.registrate.AbstractRegistrate/REGISTRATE.REGISTER]: Captured registration for entry asurine_pillar of type minecraft:item
[13Jan2025 22:54:01.183] [modloading-worker-0/DEBUG] [com.tterrag.registrate.AbstractRegistrate/REGISTRATE.REGISTER]: Captured registration for entry asurine_pillar of type minecraft:block
[13Jan2025 22:54:01.183] [modloading-worker-0/DEBUG] [com.tterrag.registrate.AbstractRegistrate/REGISTRATE.REGISTER]: Captured registration for entry crimsite of type minecraft:item
[13Jan2025 22:54:01.184] [modloading-worker-0/DEBUG] [com.tterrag.registrate.AbstractRegistrate/REGISTRATE.REGISTER]: Captured registration for entry crimsite of type minecraft:block
[13Jan2025 22:54:01.184] [modloading-worker-0/DEBUG] [com.tterrag.registrate.AbstractRegistrate/REGISTRATE.REGISTER]: Captured registration for entry cut_crimsite of type minecraft:item
[13Jan2025 22:54:01.184] [modloading-worker-0/DEBUG] [com.tterrag.registrate.AbstractRegistrate/REGISTRATE.REGISTER]: Captured registration for entry cut_crimsite of type minecraft:block
[13Jan2025 22:54:01.184] [modloading-worker-0/DEBUG] [com.tterrag.registrate.AbstractRegistrate/REGISTRATE.REGISTER]: Captured registration for entry cut_crimsite_stairs of type minecraft:item
[13Jan2025 22:54:01.184] [modloading-worker-0/DEBUG] [com.tterrag.registrate.AbstractRegistrate/REGISTRATE.REGISTER]: Captured registration for entry cut_crimsite_stairs of type minecraft:block
[13Jan2025 22:54:01.184] [modloading-worker-0/DEBUG] [com.tterrag.registrate.AbstractRegistrate/REGISTRATE.REGISTER]: Captured registration for entry cut_crimsite_slab of type minecraft:item
[13Jan2025 22:54:01.184] [modloading-worker-0/DEBUG] [com.tterrag.registrate.AbstractRegistrate/REGISTRATE.REGISTER]: Captured registration for entry cut_crimsite_slab of type minecraft:block
[13Jan2025 22:54:01.184] [modloading-worker-0/DEBUG] [com.tterrag.registrate.AbstractRegistrate/REGISTRATE.REGISTER]: Captured registration for entry cut_crimsite_wall of type minecraft:item
[13Jan2025 22:54:01.185] [modloading-worker-0/DEBUG] [com.tterrag.registrate.AbstractRegistrate/REGISTRATE.REGISTER]: Captured registration for entry cut_crimsite_wall of type minecraft:block
[13Jan2025 22:54:01.185] [modloading-worker-0/DEBUG] [com.tterrag.registrate.AbstractRegistrate/REGISTRATE.REGISTER]: Captured registration for entry polished_cut_crimsite of type minecraft:item
[13Jan2025 22:54:01.185] [modloading-worker-0/DEBUG] [com.tterrag.registrate.AbstractRegistrate/REGISTRATE.REGISTER]: Captured registration for entry polished_cut_crimsite of type minecraft:block
[13Jan2025 22:54:01.185] [modloading-worker-0/DEBUG] [com.tterrag.registrate.AbstractRegistrate/REGISTRATE.REGISTER]: Captured registration for entry polished_cut_crimsite_stairs of type minecraft:item
[13Jan2025 22:54:01.185] [modloading-worker-0/DEBUG] [com.tterrag.registrate.AbstractRegistrate/REGISTRATE.REGISTER]: Captured registration for entry polished_cut_crimsite_stairs of type minecraft:block
[13Jan2025 22:54:01.185] [modloading-worker-0/DEBUG] [com.tterrag.registrate.AbstractRegistrate/REGISTRATE.REGISTER]: Captured registration for entry polished_cut_crimsite_slab of type minecraft:item
[13Jan2025 22:54:01.185] [modloading-worker-0/DEBUG] [com.tterrag.registrate.AbstractRegistrate/REGISTRATE.REGISTER]: Captured registration for entry polished_cut_crimsite_slab of type minecraft:block
[13Jan2025 22:54:01.185] [modloading-worker-0/DEBUG] [com.tterrag.registrate.AbstractRegistrate/REGISTRATE.REGISTER]: Captured registration for entry polished_cut_crimsite_wall of type minecraft:item
[13Jan2025 22:54:01.185] [modloading-worker-0/DEBUG] [com.tterrag.registrate.AbstractRegistrate/REGISTRATE.REGISTER]: Captured registration for entry polished_cut_crimsite_wall of type minecraft:block
[13Jan2025 22:54:01.185] [modloading-worker-0/DEBUG] [com.tterrag.registrate.AbstractRegistrate/REGISTRATE.REGISTER]: Captured registration for entry cut_crimsite_bricks of type minecraft:item
[13Jan2025 22:54:01.185] [modloading-worker-0/DEBUG] [com.tterrag.registrate.AbstractRegistrate/REGISTRATE.REGISTER]: Captured registration for entry cut_crimsite_bricks of type minecraft:block
[13Jan2025 22:54:01.185] [modloading-worker-0/DEBUG] [com.tterrag.registrate.AbstractRegistrate/REGISTRATE.REGISTER]: Captured registration for entry cut_crimsite_brick_stairs of type minecraft:item
[13Jan2025 22:54:01.186] [modloading-worker-0/DEBUG] [com.tterrag.registrate.AbstractRegistrate/REGISTRATE.REGISTER]: Captured registration for entry cut_crimsite_brick_stairs of type minecraft:block
[13Jan2025 22:54:01.186] [modloading-worker-0/DEBUG] [com.tterrag.registrate.AbstractRegistrate/REGISTRATE.REGISTER]: Captured registration for entry cut_crimsite_brick_slab of type minecraft:item
[13Jan2025 22:54:01.186] [modloading-worker-0/DEBUG] [com.tterrag.registrate.AbstractRegistrate/REGISTRATE.REGISTER]: Captured registration for entry cut_crimsite_brick_slab of type minecraft:block
[13Jan2025 22:54:01.186] [modloading-worker-0/DEBUG] [com.tterrag.registrate.AbstractRegistrate/REGISTRATE.REGISTER]: Captured registration for entry cut_crimsite_brick_wall of type minecraft:item
[13Jan2025 22:54:01.186] [modloading-worker-0/DEBUG] [com.tterrag.registrate.AbstractRegistrate/REGISTRATE.REGISTER]: Captured registration for entry cut_crimsite_brick_wall of type minecraft:block
[13Jan2025 22:54:01.186] [modloading-worker-0/DEBUG] [com.tterrag.registrate.AbstractRegistrate/REGISTRATE.REGISTER]: Captured registration for entry small_crimsite_bricks of type minecraft:item
[13Jan2025 22:54:01.186] [modloading-worker-0/DEBUG] [com.tterrag.registrate.AbstractRegistrate/REGISTRATE.REGISTER]: Captured registration for entry small_crimsite_bricks of type minecraft:block
[13Jan2025 22:54:01.186] [modloading-worker-0/DEBUG] [com.tterrag.registrate.AbstractRegistrate/REGISTRATE.REGISTER]: Captured registration for entry small_crimsite_brick_stairs of type minecraft:item
[13Jan2025 22:54:01.186] [modloading-worker-0/DEBUG] [com.tterrag.registrate.AbstractRegistrate/REGISTRATE.REGISTER]: Captured registration for entry small_crimsite_brick_stairs of type minecraft:block
[13Jan2025 22:54:01.186] [modloading-worker-0/DEBUG] [com.tterrag.registrate.AbstractRegistrate/REGISTRATE.REGISTER]: Captured registration for entry small_crimsite_brick_slab of type minecraft:item
[13Jan2025 22:54:01.187] [modloading-worker-0/DEBUG] [com.tterrag.registrate.AbstractRegistrate/REGISTRATE.REGISTER]: Captured registration for entry small_crimsite_brick_slab of type minecraft:block
[13Jan2025 22:54:01.187] [modloading-worker-0/DEBUG] [com.tterrag.registrate.AbstractRegistrate/REGISTRATE.REGISTER]: Captured registration for entry small_crimsite_brick_wall of type minecraft:item
[13Jan2025 22:54:01.187] [modloading-worker-0/DEBUG] [com.tterrag.registrate.AbstractRegistrate/REGISTRATE.REGISTER]: Captured registration for entry small_crimsite_brick_wall of type minecraft:block
[13Jan2025 22:54:01.187] [modloading-worker-0/DEBUG] [com.tterrag.registrate.AbstractRegistrate/REGISTRATE.REGISTER]: Captured registration for entry layered_crimsite of type minecraft:item
[13Jan2025 22:54:01.188] [modloading-worker-0/DEBUG] [com.tterrag.registrate.AbstractRegistrate/REGISTRATE.REGISTER]: Captured registration for entry layered_crimsite of type minecraft:block
[13Jan2025 22:54:01.188] [modloading-worker-0/DEBUG] [com.tterrag.registrate.AbstractRegistrate/REGISTRATE.REGISTER]: Captured registration for entry crimsite_pillar of type minecraft:item
[13Jan2025 22:54:01.189] [modloading-worker-0/DEBUG] [com.tterrag.registrate.AbstractRegistrate/REGISTRATE.REGISTER]: Captured registration for entry crimsite_pillar of type minecraft:block
[13Jan2025 22:54:01.191] [modloading-worker-0/DEBUG] [com.tterrag.registrate.AbstractRegistrate/REGISTRATE.REGISTER]: Captured registration for entry limestone of type minecraft:item
[13Jan2025 22:54:01.191] [modloading-worker-0/DEBUG] [com.tterrag.registrate.AbstractRegistrate/REGISTRATE.REGISTER]: Captured registration for entry limestone of type minecraft:block
[13Jan2025 22:54:01.191] [modloading-worker-0/DEBUG] [com.tterrag.registrate.AbstractRegistrate/REGISTRATE.REGISTER]: Captured registration for entry cut_limestone of type minecraft:item
[13Jan2025 22:54:01.192] [modloading-worker-0/DEBUG] [com.tterrag.registrate.AbstractRegistrate/REGISTRATE.REGISTER]: Captured registration for entry cut_limestone of type minecraft:block
[13Jan2025 22:54:01.192] [modloading-worker-0/DEBUG] [com.tterrag.registrate.AbstractRegistrate/REGISTRATE.REGISTER]: Captured registration for entry cut_limestone_stairs of type minecraft:item
[13Jan2025 22:54:01.192] [modloading-worker-0/DEBUG] [com.tterrag.registrate.AbstractRegistrate/REGISTRATE.REGISTER]: Captured registration for entry cut_limestone_stairs of type minecraft:block
[13Jan2025 22:54:01.193] [modloading-worker-0/DEBUG] [com.tterrag.registrate.AbstractRegistrate/REGISTRATE.REGISTER]: Captured registration for entry cut_limestone_slab of type minecraft:item
[13Jan2025 22:54:01.193] [modloading-worker-0/DEBUG] [com.tterrag.registrate.AbstractRegistrate/REGISTRATE.REGISTER]: Captured registration for entry cut_limestone_slab of type minecraft:block
[13Jan2025 22:54:01.193] [modloading-worker-0/DEBUG] [com.tterrag.registrate.AbstractRegistrate/REGISTRATE.REGISTER]: Captured registration for entry cut_limestone_wall of type minecraft:item
[13Jan2025 22:54:01.193] [modloading-worker-0/DEBUG] [com.tterrag.registrate.AbstractRegistrate/REGISTRATE.REGISTER]: Captured registration for entry cut_limestone_wall of type minecraft:block
[13Jan2025 22:54:01.193] [modloading-worker-0/DEBUG] [com.tterrag.registrate.AbstractRegistrate/REGISTRATE.REGISTER]: Captured registration for entry polished_cut_limestone of type minecraft:item
[13Jan2025 22:54:01.194] [modloading-worker-0/DEBUG] [com.tterrag.registrate.AbstractRegistrate/REGISTRATE.REGISTER]: Captured registration for entry polished_cut_limestone of type minecraft:block
[13Jan2025 22:54:01.194] [modloading-worker-0/DEBUG] [com.tterrag.registrate.AbstractRegistrate/REGISTRATE.REGISTER]: Captured registration for entry polished_cut_limestone_stairs of type minecraft:item
[13Jan2025 22:54:01.194] [modloading-worker-0/DEBUG] [com.tterrag.registrate.AbstractRegistrate/REGISTRATE.REGISTER]: Captured registration for entry polished_cut_limestone_stairs of type minecraft:block
[13Jan2025 22:54:01.194] [modloading-worker-0/DEBUG] [com.tterrag.registrate.AbstractRegistrate/REGISTRATE.REGISTER]: Captured registration for entry polished_cut_limestone_slab of type minecraft:item
[13Jan2025 22:54:01.194] [modloading-worker-0/DEBUG] [com.tterrag.registrate.AbstractRegistrate/REGISTRATE.REGISTER]: Captured registration for entry polished_cut_limestone_slab of type minecraft:block
[13Jan2025 22:54:01.195] [modloading-worker-0/DEBUG] [com.tterrag.registrate.AbstractRegistrate/REGISTRATE.REGISTER]: Captured registration for entry polished_cut_limestone_wall of type minecraft:item
[13Jan2025 22:54:01.195] [modloading-worker-0/DEBUG] [com.tterrag.registrate.AbstractRegistrate/REGISTRATE.REGISTER]: Captured registration for entry polished_cut_limestone_wall of type minecraft:block
[13Jan2025 22:54:01.195] [modloading-worker-0/DEBUG] [com.tterrag.registrate.AbstractRegistrate/REGISTRATE.REGISTER]: Captured registration for entry cut_limestone_bricks of type minecraft:item
[13Jan2025 22:54:01.195] [modloading-worker-0/DEBUG] [com.tterrag.registrate.AbstractRegistrate/REGISTRATE.REGISTER]: Captured registration for entry cut_limestone_bricks of type minecraft:block
[13Jan2025 22:54:01.195] [modloading-worker-0/DEBUG] [com.tterrag.registrate.AbstractRegistrate/REGISTRATE.REGISTER]: Captured registration for entry cut_limestone_brick_stairs of type minecraft:item
[13Jan2025 22:54:01.196] [modloading-worker-0/DEBUG] [com.tterrag.registrate.AbstractRegistrate/REGISTRATE.REGISTER]: Captured registration for entry cut_limestone_brick_stairs of type minecraft:block
[13Jan2025 22:54:01.196] [modloading-worker-0/DEBUG] [com.tterrag.registrate.AbstractRegistrate/REGISTRATE.REGISTER]: Captured registration for entry cut_limestone_brick_slab of type minecraft:item
[13Jan2025 22:54:01.196] [modloading-worker-0/DEBUG] [com.tterrag.registrate.AbstractRegistrate/REGISTRATE.REGISTER]: Captured registration for entry cut_limestone_brick_slab of type minecraft:block
[13Jan2025 22:54:01.196] [modloading-worker-0/DEBUG] [com.tterrag.registrate.AbstractRegistrate/REGISTRATE.REGISTER]: Captured registration for entry cut_limestone_brick_wall of type minecraft:item
[13Jan2025 22:54:01.196] [modloading-worker-0/DEBUG] [com.tterrag.registrate.AbstractRegistrate/REGISTRATE.REGISTER]: Captured registration for entry cut_limestone_brick_wall of type minecraft:block
[13Jan2025 22:54:01.197] [modloading-worker-0/DEBUG] [com.tterrag.registrate.AbstractRegistrate/REGISTRATE.REGISTER]: Captured registration for entry small_limestone_bricks of type minecraft:item
[13Jan2025 22:54:01.197] [modloading-worker-0/DEBUG] [com.tterrag.registrate.AbstractRegistrate/REGISTRATE.REGISTER]: Captured registration for entry small_limestone_bricks of type minecraft:block
[13Jan2025 22:54:01.197] [modloading-worker-0/DEBUG] [com.tterrag.registrate.AbstractRegistrate/REGISTRATE.REGISTER]: Captured registration for entry small_limestone_brick_stairs of type minecraft:item
[13Jan2025 22:54:01.197] [modloading-worker-0/DEBUG] [com.tterrag.registrate.AbstractRegistrate/REGISTRATE.REGISTER]: Captured registration for entry small_limestone_brick_stairs of type minecraft:block
[13Jan2025 22:54:01.197] [modloading-worker-0/DEBUG] [com.tterrag.registrate.AbstractRegistrate/REGISTRATE.REGISTER]: Captured registration for entry small_limestone_brick_slab of type minecraft:item
[13Jan2025 22:54:01.198] [modloading-worker-0/DEBUG] [com.tterrag.registrate.AbstractRegistrate/REGISTRATE.REGISTER]: Captured registration for entry small_limestone_brick_slab of type minecraft:block
[13Jan2025 22:54:01.198] [modloading-worker-0/DEBUG] [com.tterrag.registrate.AbstractRegistrate/REGISTRATE.REGISTER]: Captured registration for entry small_limestone_brick_wall of type minecraft:item
[13Jan2025 22:54:01.198] [modloading-worker-0/DEBUG] [com.tterrag.registrate.AbstractRegistrate/REGISTRATE.REGISTER]: Captured registration for entry small_limestone_brick_wall of type minecraft:block
[13Jan2025 22:54:01.198] [modloading-worker-0/DEBUG] [com.tterrag.registrate.AbstractRegistrate/REGISTRATE.REGISTER]: Captured registration for entry layered_limestone of type minecraft:item
[13Jan2025 22:54:01.198] [modloading-worker-0/DEBUG] [com.tterrag.registrate.AbstractRegistrate/REGISTRATE.REGISTER]: Captured registration for entry layered_limestone of type minecraft:block
[13Jan2025 22:54:01.199] [modloading-worker-0/DEBUG] [com.tterrag.registrate.AbstractRegistrate/REGISTRATE.REGISTER]: Captured registration for entry limestone_pillar of type minecraft:item
[13Jan2025 22:54:01.199] [modloading-worker-0/DEBUG] [com.tterrag.registrate.AbstractRegistrate/REGISTRATE.REGISTER]: Captured registration for entry limestone_pillar of type minecraft:block
[13Jan2025 22:54:01.199] [modloading-worker-0/DEBUG] [com.tterrag.registrate.AbstractRegistrate/REGISTRATE.REGISTER]: Captured registration for entry ochrum of type minecraft:item
[13Jan2025 22:54:01.199] [modloading-worker-0/DEBUG] [com.tterrag.registrate.AbstractRegistrate/REGISTRATE.REGISTER]: Captured registration for entry ochrum of type minecraft:block
[13Jan2025 22:54:01.200] [modloading-worker-0/DEBUG] [com.tterrag.registrate.AbstractRegistrate/REGISTRATE.REGISTER]: Captured registration for entry cut_ochrum of type minecraft:item
[13Jan2025 22:54:01.200] [modloading-worker-0/DEBUG] [com.tterrag.registrate.AbstractRegistrate/REGISTRATE.REGISTER]: Captured registration for entry cut_ochrum of type minecraft:block
[13Jan2025 22:54:01.200] [modloading-worker-0/DEBUG] [com.tterrag.registrate.AbstractRegistrate/REGISTRATE.REGISTER]: Captured registration for entry cut_ochrum_stairs of type minecraft:item
[13Jan2025 22:54:01.200] [modloading-worker-0/DEBUG] [com.tterrag.registrate.AbstractRegistrate/REGISTRATE.REGISTER]: Captured registration for entry cut_ochrum_stairs of type minecraft:block
[13Jan2025 22:54:01.200] [modloading-worker-0/DEBUG] [com.tterrag.registrate.AbstractRegistrate/REGISTRATE.REGISTER]: Captured registration for entry cut_ochrum_slab of type minecraft:item
[13Jan2025 22:54:01.200] [modloading-worker-0/DEBUG] [com.tterrag.registrate.AbstractRegistrate/REGISTRATE.REGISTER]: Captured registration for entry cut_ochrum_slab of type minecraft:block
[13Jan2025 22:54:01.200] [modloading-worker-0/DEBUG] [com.tterrag.registrate.AbstractRegistrate/REGISTRATE.REGISTER]: Captured registration for entry cut_ochrum_wall of type minecraft:item
[13Jan2025 22:54:01.200] [modloading-worker-0/DEBUG] [com.tterrag.registrate.AbstractRegistrate/REGISTRATE.REGISTER]: Captured registration for entry cut_ochrum_wall of type minecraft:block
[13Jan2025 22:54:01.200] [modloading-worker-0/DEBUG] [com.tterrag.registrate.AbstractRegistrate/REGISTRATE.REGISTER]: Captured registration for entry polished_cut_ochrum of type minecraft:item
[13Jan2025 22:54:01.201] [modloading-worker-0/DEBUG] [com.tterrag.registrate.AbstractRegistrate/REGISTRATE.REGISTER]: Captured registration for entry polished_cut_ochrum of type minecraft:block
[13Jan2025 22:54:01.201] [modloading-worker-0/DEBUG] [com.tterrag.registrate.AbstractRegistrate/REGISTRATE.REGISTER]: Captured registration for entry polished_cut_ochrum_stairs of type minecraft:item
[13Jan2025 22:54:01.201] [modloading-worker-0/DEBUG] [com.tterrag.registrate.AbstractRegistrate/REGISTRATE.REGISTER]: Captured registration for entry polished_cut_ochrum_stairs of type minecraft:block
[13Jan2025 22:54:01.201] [modloading-worker-0/DEBUG] [com.tterrag.registrate.AbstractRegistrate/REGISTRATE.REGISTER]: Captured registration for entry polished_cut_ochrum_slab of type minecraft:item
[13Jan2025 22:54:01.201] [modloading-worker-0/DEBUG] [com.tterrag.registrate.AbstractRegistrate/REGISTRATE.REGISTER]: Captured registration for entry polished_cut_ochrum_slab of type minecraft:block
[13Jan2025 22:54:01.202] [modloading-worker-0/DEBUG] [com.tterrag.registrate.AbstractRegistrate/REGISTRATE.REGISTER]: Captured registration for entry polished_cut_ochrum_wall of type minecraft:item
[13Jan2025 22:54:01.202] [modloading-worker-0/DEBUG] [com.tterrag.registrate.AbstractRegistrate/REGISTRATE.REGISTER]: Captured registration for entry polished_cut_ochrum_wall of type minecraft:block
[13Jan2025 22:54:01.202] [modloading-worker-0/DEBUG] [com.tterrag.registrate.AbstractRegistrate/REGISTRATE.REGISTER]: Captured registration for entry cut_ochrum_bricks of type minecraft:item
[13Jan2025 22:54:01.202] [modloading-worker-0/DEBUG] [com.tterrag.registrate.AbstractRegistrate/REGISTRATE.REGISTER]: Captured registration for entry cut_ochrum_bricks of type minecraft:block
[13Jan2025 22:54:01.202] [modloading-worker-0/DEBUG] [com.tterrag.registrate.AbstractRegistrate/REGISTRATE.REGISTER]: Captured registration for entry cut_ochrum_brick_stairs of type minecraft:item
[13Jan2025 22:54:01.203] [modloading-worker-0/DEBUG] [com.tterrag.registrate.AbstractRegistrate/REGISTRATE.REGISTER]: Captured registration for entry cut_ochrum_brick_stairs of type minecraft:block
[13Jan2025 22:54:01.203] [modloading-worker-0/DEBUG] [com.tterrag.registrate.AbstractRegistrate/REGISTRATE.REGISTER]: Captured registration for entry cut_ochrum_brick_slab of type minecraft:item
[13Jan2025 22:54:01.203] [modloading-worker-0/DEBUG] [com.tterrag.registrate.AbstractRegistrate/REGISTRATE.REGISTER]: Captured registration for entry cut_ochrum_brick_slab of type minecraft:block
[13Jan2025 22:54:01.203] [modloading-worker-0/DEBUG] [com.tterrag.registrate.AbstractRegistrate/REGISTRATE.REGISTER]: Captured registration for entry cut_ochrum_brick_wall of type minecraft:item
[13Jan2025 22:54:01.203] [modloading-worker-0/DEBUG] [com.tterrag.registrate.AbstractRegistrate/REGISTRATE.REGISTER]: Captured registration for entry cut_ochrum_brick_wall of type minecraft:block
[13Jan2025 22:54:01.204] [modloading-worker-0/DEBUG] [com.tterrag.registrate.AbstractRegistrate/REGISTRATE.REGISTER]: Captured registration for entry small_ochrum_bricks of type minecraft:item
[13Jan2025 22:54:01.204] [modloading-worker-0/DEBUG] [com.tterrag.registrate.AbstractRegistrate/REGISTRATE.REGISTER]: Captured registration for entry small_ochrum_bricks of type minecraft:block
[13Jan2025 22:54:01.204] [modloading-worker-0/DEBUG] [com.tterrag.registrate.AbstractRegistrate/REGISTRATE.REGISTER]: Captured registration for entry small_ochrum_brick_stairs of type minecraft:item
[13Jan2025 22:54:01.204] [modloading-worker-0/DEBUG] [com.tterrag.registrate.AbstractRegistrate/REGISTRATE.REGISTER]: Captured registration for entry small_ochrum_brick_stairs of type minecraft:block
[13Jan2025 22:54:01.204] [modloading-worker-0/DEBUG] [com.tterrag.registrate.AbstractRegistrate/REGISTRATE.REGISTER]: Captured registration for entry small_ochrum_brick_slab of type minecraft:item
[13Jan2025 22:54:01.204] [modloading-worker-0/DEBUG] [com.tterrag.registrate.AbstractRegistrate/REGISTRATE.REGISTER]: Captured registration for entry small_ochrum_brick_slab of type minecraft:block
[13Jan2025 22:54:01.205] [modloading-worker-0/DEBUG] [com.tterrag.registrate.AbstractRegistrate/REGISTRATE.REGISTER]: Captured registration for entry small_ochrum_brick_wall of type minecraft:item
[13Jan2025 22:54:01.205] [modloading-worker-0/DEBUG] [com.tterrag.registrate.AbstractRegistrate/REGISTRATE.REGISTER]: Captured registration for entry small_ochrum_brick_wall of type minecraft:block
[13Jan2025 22:54:01.205] [modloading-worker-0/DEBUG] [com.tterrag.registrate.AbstractRegistrate/REGISTRATE.REGISTER]: Captured registration for entry layered_ochrum of type minecraft:item
[13Jan2025 22:54:01.205] [modloading-worker-0/DEBUG] [com.tterrag.registrate.AbstractRegistrate/REGISTRATE.REGISTER]: Captured registration for entry layered_ochrum of type minecraft:block
[13Jan2025 22:54:01.205] [modloading-worker-0/DEBUG] [com.tterrag.registrate.AbstractRegistrate/REGISTRATE.REGISTER]: Captured registration for entry ochrum_pillar of type minecraft:item
[13Jan2025 22:54:01.205] [modloading-worker-0/DEBUG] [com.tterrag.registrate.AbstractRegistrate/REGISTRATE.REGISTER]: Captured registration for entry ochrum_pillar of type minecraft:block
[13Jan2025 22:54:01.206] [modloading-worker-0/DEBUG] [com.tterrag.registrate.AbstractRegistrate/REGISTRATE.REGISTER]: Captured registration for entry scoria of type minecraft:item
[13Jan2025 22:54:01.206] [modloading-worker-0/DEBUG] [com.tterrag.registrate.AbstractRegistrate/REGISTRATE.REGISTER]: Captured registration for entry scoria of type minecraft:block
[13Jan2025 22:54:01.206] [modloading-worker-0/DEBUG] [com.tterrag.registrate.AbstractRegistrate/REGISTRATE.REGISTER]: Captured registration for entry cut_scoria of type minecraft:item
[13Jan2025 22:54:01.207] [modloading-worker-0/DEBUG] [com.tterrag.registrate.AbstractRegistrate/REGISTRATE.REGISTER]: Captured registration for entry cut_scoria of type minecraft:block
[13Jan2025 22:54:01.207] [modloading-worker-0/DEBUG] [com.tterrag.registrate.AbstractRegistrate/REGISTRATE.REGISTER]: Captured registration for entry cut_scoria_stairs of type minecraft:item
[13Jan2025 22:54:01.207] [modloading-worker-0/DEBUG] [com.tterrag.registrate.AbstractRegistrate/REGISTRATE.REGISTER]: Captured registration for entry cut_scoria_stairs of type minecraft:block
[13Jan2025 22:54:01.207] [modloading-worker-0/DEBUG] [com.tterrag.registrate.AbstractRegistrate/REGISTRATE.REGISTER]: Captured registration for entry cut_scoria_slab of type minecraft:item
[13Jan2025 22:54:01.207] [modloading-worker-0/DEBUG] [com.tterrag.registrate.AbstractRegistrate/REGISTRATE.REGISTER]: Captured registration for entry cut_scoria_slab of type minecraft:block
[13Jan2025 22:54:01.207] [modloading-worker-0/DEBUG] [com.tterrag.registrate.AbstractRegistrate/REGISTRATE.REGISTER]: Captured registration for entry cut_scoria_wall of type minecraft:item
[13Jan2025 22:54:01.208] [modloading-worker-0/DEBUG] [com.tterrag.registrate.AbstractRegistrate/REGISTRATE.REGISTER]: Captured registration for entry cut_scoria_wall of type minecraft:block
[13Jan2025 22:54:01.208] [modloading-worker-0/DEBUG] [com.tterrag.registrate.AbstractRegistrate/REGISTRATE.REGISTER]: Captured registration for entry polished_cut_scoria of type minecraft:item
[13Jan2025 22:54:01.208] [modloading-worker-0/DEBUG] [com.tterrag.registrate.AbstractRegistrate/REGISTRATE.REGISTER]: Captured registration for entry polished_cut_scoria of type minecraft:block
[13Jan2025 22:54:01.208] [modloading-worker-0/DEBUG] [com.tterrag.registrate.AbstractRegistrate/REGISTRATE.REGISTER]: Captured registration for entry polished_cut_scoria_stairs of type minecraft:item
[13Jan2025 22:54:01.208] [modloading-worker-0/DEBUG] [com.tterrag.registrate.AbstractRegistrate/REGISTRATE.REGISTER]: Captured registration for entry polished_cut_scoria_stairs of type minecraft:block
[13Jan2025 22:54:01.208] [modloading-worker-0/DEBUG] [com.tterrag.registrate.AbstractRegistrate/REGISTRATE.REGISTER]: Captured registration for entry polished_cut_scoria_slab of type minecraft:item
[13Jan2025 22:54:01.209] [modloading-worker-0/DEBUG] [com.tterrag.registrate.AbstractRegistrate/REGISTRATE.REGISTER]: Captured registration for entry polished_cut_scoria_slab of type minecraft:block
[13Jan2025 22:54:01.209] [modloading-worker-0/DEBUG] [com.tterrag.registrate.AbstractRegistrate/REGISTRATE.REGISTER]: Captured registration for entry polished_cut_scoria_wall of type minecraft:item
[13Jan2025 22:54:01.209] [modloading-worker-0/DEBUG] [com.tterrag.registrate.AbstractRegistrate/REGISTRATE.REGISTER]: Captured registration for entry polished_cut_scoria_wall of type minecraft:block
[13Jan2025 22:54:01.209] [modloading-worker-0/DEBUG] [com.tterrag.registrate.AbstractRegistrate/REGISTRATE.REGISTER]: Captured registration for entry cut_scoria_bricks of type minecraft:item
[13Jan2025 22:54:01.209] [modloading-worker-0/DEBUG] [com.tterrag.registrate.AbstractRegistrate/REGISTRATE.REGISTER]: Captured registration for entry cut_scoria_bricks of type minecraft:block
[13Jan2025 22:54:01.209] [modloading-worker-0/DEBUG] [com.tterrag.registrate.AbstractRegistrate/REGISTRATE.REGISTER]: Captured registration for entry cut_scoria_brick_stairs of type minecraft:item
[13Jan2025 22:54:01.210] [modloading-worker-0/DEBUG] [com.tterrag.registrate.AbstractRegistrate/REGISTRATE.REGISTER]: Captured registration for entry cut_scoria_brick_stairs of type minecraft:block
[13Jan2025 22:54:01.210] [modloading-worker-0/DEBUG] [com.tterrag.registrate.AbstractRegistrate/REGISTRATE.REGISTER]: Captured registration for entry cut_scoria_brick_slab of type minecraft:item
[13Jan2025 22:54:01.210] [modloading-worker-0/DEBUG] [com.tterrag.registrate.AbstractRegistrate/REGISTRATE.REGISTER]: Captured registration for entry cut_scoria_brick_slab of type minecraft:block
[13Jan2025 22:54:01.210] [modloading-worker-0/DEBUG] [com.tterrag.registrate.AbstractRegistrate/REGISTRATE.REGISTER]: Captured registration for entry cut_scoria_brick_wall of type minecraft:item
[13Jan2025 22:54:01.210] [modloading-worker-0/DEBUG] [com.tterrag.registrate.AbstractRegistrate/REGISTRATE.REGISTER]: Captured registration for entry cut_scoria_brick_wall of type minecraft:block
[13Jan2025 22:54:01.211] [modloading-worker-0/DEBUG] [com.tterrag.registrate.AbstractRegistrate/REGISTRATE.REGISTER]: Captured registration for entry small_scoria_bricks of type minecraft:item
[13Jan2025 22:54:01.211] [modloading-worker-0/DEBUG] [com.tterrag.registrate.AbstractRegistrate/REGISTRATE.REGISTER]: Captured registration for entry small_scoria_bricks of type minecraft:block
[13Jan2025 22:54:01.211] [modloading-worker-0/DEBUG] [com.tterrag.registrate.AbstractRegistrate/REGISTRATE.REGISTER]: Captured registration for entry small_scoria_brick_stairs of type minecraft:item
[13Jan2025 22:54:01.211] [modloading-worker-0/DEBUG] [com.tterrag.registrate.AbstractRegistrate/REGISTRATE.REGISTER]: Captured registration for entry small_scoria_brick_stairs of type minecraft:block
[13Jan2025 22:54:01.211] [modloading-worker-0/DEBUG] [com.tterrag.registrate.AbstractRegistrate/REGISTRATE.REGISTER]: Captured registration for entry small_scoria_brick_slab of type minecraft:item
[13Jan2025 22:54:01.211] [modloading-worker-0/DEBUG] [com.tterrag.registrate.AbstractRegistrate/REGISTRATE.REGISTER]: Captured registration for entry small_scoria_brick_slab of type minecraft:block
[13Jan2025 22:54:01.212] [modloading-worker-0/DEBUG] [com.tterrag.registrate.AbstractRegistrate/REGISTRATE.REGISTER]: Captured registration for entry small_scoria_brick_wall of type minecraft:item
[13Jan2025 22:54:01.212] [modloading-worker-0/DEBUG] [com.tterrag.registrate.AbstractRegistrate/REGISTRATE.REGISTER]: Captured registration for entry small_scoria_brick_wall of type minecraft:block
[13Jan2025 22:54:01.212] [modloading-worker-0/DEBUG] [com.tterrag.registrate.AbstractRegistrate/REGISTRATE.REGISTER]: Captured registration for entry layered_scoria of type minecraft:item
[13Jan2025 22:54:01.212] [modloading-worker-0/DEBUG] [com.tterrag.registrate.AbstractRegistrate/REGISTRATE.REGISTER]: Captured registration for entry layered_scoria of type minecraft:block
[13Jan2025 22:54:01.213] [modloading-worker-0/DEBUG] [com.tterrag.registrate.AbstractRegistrate/REGISTRATE.REGISTER]: Captured registration for entry scoria_pillar of type minecraft:item
[13Jan2025 22:54:01.213] [modloading-worker-0/DEBUG] [com.tterrag.registrate.AbstractRegistrate/REGISTRATE.REGISTER]: Captured registration for entry scoria_pillar of type minecraft:block
[13Jan2025 22:54:01.213] [modloading-worker-0/DEBUG] [com.tterrag.registrate.AbstractRegistrate/REGISTRATE.REGISTER]: Captured registration for entry scorchia of type minecraft:item
[13Jan2025 22:54:01.214] [modloading-worker-0/DEBUG] [com.tterrag.registrate.AbstractRegistrate/REGISTRATE.REGISTER]: Captured registration for entry scorchia of type minecraft:block
[13Jan2025 22:54:01.214] [modloading-worker-0/DEBUG] [com.tterrag.registrate.AbstractRegistrate/REGISTRATE.REGISTER]: Captured registration for entry cut_scorchia of type minecraft:item
[13Jan2025 22:54:01.214] [modloading-worker-0/DEBUG] [com.tterrag.registrate.AbstractRegistrate/REGISTRATE.REGISTER]: Captured registration for entry cut_scorchia of type minecraft:block
[13Jan2025 22:54:01.214] [modloading-worker-0/DEBUG] [com.tterrag.registrate.AbstractRegistrate/REGISTRATE.REGISTER]: Captured registration for entry cut_scorchia_stairs of type minecraft:item
[13Jan2025 22:54:01.214] [modloading-worker-0/DEBUG] [com.tterrag.registrate.AbstractRegistrate/REGISTRATE.REGISTER]: Captured registration for entry cut_scorchia_stairs of type minecraft:block
[13Jan2025 22:54:01.214] [modloading-worker-0/DEBUG] [com.tterrag.registrate.AbstractRegistrate/REGISTRATE.REGISTER]: Captured registration for entry cut_scorchia_slab of type minecraft:item
[13Jan2025 22:54:01.214] [modloading-worker-0/DEBUG] [com.tterrag.registrate.AbstractRegistrate/REGISTRATE.REGISTER]: Captured registration for entry cut_scorchia_slab of type minecraft:block
[13Jan2025 22:54:01.214] [modloading-worker-0/DEBUG] [com.tterrag.registrate.AbstractRegistrate/REGISTRATE.REGISTER]: Captured registration for entry cut_scorchia_wall of type minecraft:item
[13Jan2025 22:54:01.215] [modloading-worker-0/DEBUG] [com.tterrag.registrate.AbstractRegistrate/REGISTRATE.REGISTER]: Captured registration for entry cut_scorchia_wall of type minecraft:block
[13Jan2025 22:54:01.215] [modloading-worker-0/DEBUG] [com.tterrag.registrate.AbstractRegistrate/REGISTRATE.REGISTER]: Captured registration for entry polished_cut_scorchia of type minecraft:item
[13Jan2025 22:54:01.215] [modloading-worker-0/DEBUG] [com.tterrag.registrate.AbstractRegistrate/REGISTRATE.REGISTER]: Captured registration for entry polished_cut_scorchia of type minecraft:block
[13Jan2025 22:54:01.215] [modloading-worker-0/DEBUG] [com.tterrag.registrate.AbstractRegistrate/REGISTRATE.REGISTER]: Captured registration for entry polished_cut_scorchia_stairs of type minecraft:item
[13Jan2025 22:54:01.215] [modloading-worker-0/DEBUG] [com.tterrag.registrate.AbstractRegistrate/REGISTRATE.REGISTER]: Captured registration for entry polished_cut_scorchia_stairs of type minecraft:block
[13Jan2025 22:54:01.215] [modloading-worker-0/DEBUG] [com.tterrag.registrate.AbstractRegistrate/REGISTRATE.REGISTER]: Captured registration for entry polished_cut_scorchia_slab of type minecraft:item
[13Jan2025 22:54:01.215] [modloading-worker-0/DEBUG] [com.tterrag.registrate.AbstractRegistrate/REGISTRATE.REGISTER]: Captured registration for entry polished_cut_scorchia_slab of type minecraft:block
[13Jan2025 22:54:01.215] [modloading-worker-0/DEBUG] [com.tterrag.registrate.AbstractRegistrate/REGISTRATE.REGISTER]: Captured registration for entry polished_cut_scorchia_wall of type minecraft:item
[13Jan2025 22:54:01.215] [modloading-worker-0/DEBUG] [com.tterrag.registrate.AbstractRegistrate/REGISTRATE.REGISTER]: Captured registration for entry polished_cut_scorchia_wall of type minecraft:block
[13Jan2025 22:54:01.215] [modloading-worker-0/DEBUG] [com.tterrag.registrate.AbstractRegistrate/REGISTRATE.REGISTER]: Captured registration for entry cut_scorchia_bricks of type minecraft:item
[13Jan2025 22:54:01.216] [modloading-worker-0/DEBUG] [com.tterrag.registrate.AbstractRegistrate/REGISTRATE.REGISTER]: Captured registration for entry cut_scorchia_bricks of type minecraft:block
[13Jan2025 22:54:01.216] [modloading-worker-0/DEBUG] [com.tterrag.registrate.AbstractRegistrate/REGISTRATE.REGISTER]: Captured registration for entry cut_scorchia_brick_stairs of type minecraft:item
[13Jan2025 22:54:01.216] [modloading-worker-0/DEBUG] [com.tterrag.registrate.AbstractRegistrate/REGISTRATE.REGISTER]: Captured registration for entry cut_scorchia_brick_stairs of type minecraft:block
[13Jan2025 22:54:01.216] [modloading-worker-0/DEBUG] [com.tterrag.registrate.AbstractRegistrate/REGISTRATE.REGISTER]: Captured registration for entry cut_scorchia_brick_slab of type minecraft:item
[13Jan2025 22:54:01.216] [modloading-worker-0/DEBUG] [com.tterrag.registrate.AbstractRegistrate/REGISTRATE.REGISTER]: Captured registration for entry cut_scorchia_brick_slab of type minecraft:block
[13Jan2025 22:54:01.216] [modloading-worker-0/DEBUG] [com.tterrag.registrate.AbstractRegistrate/REGISTRATE.REGISTER]: Captured registration for entry cut_scorchia_brick_wall of type minecraft:item
[13Jan2025 22:54:01.216] [modloading-worker-0/DEBUG] [com.tterrag.registrate.AbstractRegistrate/REGISTRATE.REGISTER]: Captured registration for entry cut_scorchia_brick_wall of type minecraft:block
[13Jan2025 22:54:01.216] [modloading-worker-0/DEBUG] [com.tterrag.registrate.AbstractRegistrate/REGISTRATE.REGISTER]: Captured registration for entry small_scorchia_bricks of type minecraft:item
[13Jan2025 22:54:01.216] [modloading-worker-0/DEBUG] [com.tterrag.registrate.AbstractRegistrate/REGISTRATE.REGISTER]: Captured registration for entry small_scorchia_bricks of type minecraft:block
[13Jan2025 22:54:01.216] [modloading-worker-0/DEBUG] [com.tterrag.registrate.AbstractRegistrate/REGISTRATE.REGISTER]: Captured registration for entry small_scorchia_brick_stairs of type minecraft:item
[13Jan2025 22:54:01.217] [modloading-worker-0/DEBUG] [com.tterrag.registrate.AbstractRegistrate/REGISTRATE.REGISTER]: Captured registration for entry small_scorchia_brick_stairs of type minecraft:block
[13Jan2025 22:54:01.217] [modloading-worker-0/DEBUG] [com.tterrag.registrate.AbstractRegistrate/REGISTRATE.REGISTER]: Captured registration for entry small_scorchia_brick_slab of type minecraft:item
[13Jan2025 22:54:01.217] [modloading-worker-0/DEBUG] [com.tterrag.registrate.AbstractRegistrate/REGISTRATE.REGISTER]: Captured registration for entry small_scorchia_brick_slab of type minecraft:block
[13Jan2025 22:54:01.217] [modloading-worker-0/DEBUG] [com.tterrag.registrate.AbstractRegistrate/REGISTRATE.REGISTER]: Captured registration for entry small_scorchia_brick_wall of type minecraft:item
[13Jan2025 22:54:01.217] [modloading-worker-0/DEBUG] [com.tterrag.registrate.AbstractRegistrate/REGISTRATE.REGISTER]: Captured registration for entry small_scorchia_brick_wall of type minecraft:block
[13Jan2025 22:54:01.217] [modloading-worker-0/DEBUG] [com.tterrag.registrate.AbstractRegistrate/REGISTRATE.REGISTER]: Captured registration for entry layered_scorchia of type minecraft:item
[13Jan2025 22:54:01.217] [modloading-worker-0/DEBUG] [com.tterrag.registrate.AbstractRegistrate/REGISTRATE.REGISTER]: Captured registration for entry layered_scorchia of type minecraft:block
[13Jan2025 22:54:01.217] [modloading-worker-0/DEBUG] [com.tterrag.registrate.AbstractRegistrate/REGISTRATE.REGISTER]: Captured registration for entry scorchia_pillar of type minecraft:item
[13Jan2025 22:54:01.217] [modloading-worker-0/DEBUG] [com.tterrag.registrate.AbstractRegistrate/REGISTRATE.REGISTER]: Captured registration for entry scorchia_pillar of type minecraft:block
[13Jan2025 22:54:01.218] [modloading-worker-0/DEBUG] [com.tterrag.registrate.AbstractRegistrate/REGISTRATE.REGISTER]: Captured registration for entry veridium of type minecraft:item
[13Jan2025 22:54:01.218] [modloading-worker-0/DEBUG] [com.tterrag.registrate.AbstractRegistrate/REGISTRATE.REGISTER]: Captured registration for entry veridium of type minecraft:block
[13Jan2025 22:54:01.218] [modloading-worker-0/DEBUG] [com.tterrag.registrate.AbstractRegistrate/REGISTRATE.REGISTER]: Captured registration for entry cut_veridium of type minecraft:item
[13Jan2025 22:54:01.218] [modloading-worker-0/DEBUG] [com.tterrag.registrate.AbstractRegistrate/REGISTRATE.REGISTER]: Captured registration for entry cut_veridium of type minecraft:block
[13Jan2025 22:54:01.218] [modloading-worker-0/DEBUG] [com.tterrag.registrate.AbstractRegistrate/REGISTRATE.REGISTER]: Captured registration for entry cut_veridium_stairs of type minecraft:item
[13Jan2025 22:54:01.218] [modloading-worker-0/DEBUG] [com.tterrag.registrate.AbstractRegistrate/REGISTRATE.REGISTER]: Captured registration for entry cut_veridium_stairs of type minecraft:block
[13Jan2025 22:54:01.218] [modloading-worker-0/DEBUG] [com.tterrag.registrate.AbstractRegistrate/REGISTRATE.REGISTER]: Captured registration for entry cut_veridium_slab of type minecraft:item
[13Jan2025 22:54:01.219] [modloading-worker-0/DEBUG] [com.tterrag.registrate.AbstractRegistrate/REGISTRATE.REGISTER]: Captured registration for entry cut_veridium_slab of type minecraft:block
[13Jan2025 22:54:01.219] [modloading-worker-0/DEBUG] [com.tterrag.registrate.AbstractRegistrate/REGISTRATE.REGISTER]: Captured registration for entry cut_veridium_wall of type minecraft:item
[13Jan2025 22:54:01.219] [modloading-worker-0/DEBUG] [com.tterrag.registrate.AbstractRegistrate/REGISTRATE.REGISTER]: Captured registration for entry cut_veridium_wall of type minecraft:block
[13Jan2025 22:54:01.219] [modloading-worker-0/DEBUG] [com.tterrag.registrate.AbstractRegistrate/REGISTRATE.REGISTER]: Captured registration for entry polished_cut_veridium of type minecraft:item
[13Jan2025 22:54:01.219] [modloading-worker-0/DEBUG] [com.tterrag.registrate.AbstractRegistrate/REGISTRATE.REGISTER]: Captured registration for entry polished_cut_veridium of type minecraft:block
[13Jan2025 22:54:01.219] [modloading-worker-0/DEBUG] [com.tterrag.registrate.AbstractRegistrate/REGISTRATE.REGISTER]: Captured registration for entry polished_cut_veridium_stairs of type minecraft:item
[13Jan2025 22:54:01.219] [modloading-worker-0/DEBUG] [com.tterrag.registrate.AbstractRegistrate/REGISTRATE.REGISTER]: Captured registration for entry polished_cut_veridium_stairs of type minecraft:block
[13Jan2025 22:54:01.219] [modloading-worker-0/DEBUG] [com.tterrag.registrate.AbstractRegistrate/REGISTRATE.REGISTER]: Captured registration for entry polished_cut_veridium_slab of type minecraft:item
[13Jan2025 22:54:01.219] [modloading-worker-0/DEBUG] [com.tterrag.registrate.AbstractRegistrate/REGISTRATE.REGISTER]: Captured registration for entry polished_cut_veridium_slab of type minecraft:block
[13Jan2025 22:54:01.219] [modloading-worker-0/DEBUG] [com.tterrag.registrate.AbstractRegistrate/REGISTRATE.REGISTER]: Captured registration for entry polished_cut_veridium_wall of type minecraft:item
[13Jan2025 22:54:01.219] [modloading-worker-0/DEBUG] [com.tterrag.registrate.AbstractRegistrate/REGISTRATE.REGISTER]: Captured registration for entry polished_cut_veridium_wall of type minecraft:block
[13Jan2025 22:54:01.220] [modloading-worker-0/DEBUG] [com.tterrag.registrate.AbstractRegistrate/REGISTRATE.REGISTER]: Captured registration for entry cut_veridium_bricks of type minecraft:item
[13Jan2025 22:54:01.220] [modloading-worker-0/DEBUG] [com.tterrag.registrate.AbstractRegistrate/REGISTRATE.REGISTER]: Captured registration for entry cut_veridium_bricks of type minecraft:block
[13Jan2025 22:54:01.220] [modloading-worker-0/DEBUG] [com.tterrag.registrate.AbstractRegistrate/REGISTRATE.REGISTER]: Captured registration for entry cut_veridium_brick_stairs of type minecraft:item
[13Jan2025 22:54:01.220] [modloading-worker-0/DEBUG] [com.tterrag.registrate.AbstractRegistrate/REGISTRATE.REGISTER]: Captured registration for entry cut_veridium_brick_stairs of type minecraft:block
[13Jan2025 22:54:01.220] [modloading-worker-0/DEBUG] [com.tterrag.registrate.AbstractRegistrate/REGISTRATE.REGISTER]: Captured registration for entry cut_veridium_brick_slab of type minecraft:item
[13Jan2025 22:54:01.220] [modloading-worker-0/DEBUG] [com.tterrag.registrate.AbstractRegistrate/REGISTRATE.REGISTER]: Captured registration for entry cut_veridium_brick_slab of type minecraft:block
[13Jan2025 22:54:01.220] [modloading-worker-0/DEBUG] [com.tterrag.registrate.AbstractRegistrate/REGISTRATE.REGISTER]: Captured registration for entry cut_veridium_brick_wall of type minecraft:item
[13Jan2025 22:54:01.220] [modloading-worker-0/DEBUG] [com.tterrag.registrate.AbstractRegistrate/REGISTRATE.REGISTER]: Captured registration for entry cut_veridium_brick_wall of type minecraft:block
[13Jan2025 22:54:01.220] [modloading-worker-0/DEBUG] [com.tterrag.registrate.AbstractRegistrate/REGISTRATE.REGISTER]: Captured registration for entry small_veridium_bricks of type minecraft:item
[13Jan2025 22:54:01.220] [modloading-worker-0/DEBUG] [com.tterrag.registrate.AbstractRegistrate/REGISTRATE.REGISTER]: Captured registration for entry small_veridium_bricks of type minecraft:block
[13Jan2025 22:54:01.221] [modloading-worker-0/DEBUG] [com.tterrag.registrate.AbstractRegistrate/REGISTRATE.REGISTER]: Captured registration for entry small_veridium_brick_stairs of type minecraft:item
[13Jan2025 22:54:01.221] [modloading-worker-0/DEBUG] [com.tterrag.registrate.AbstractRegistrate/REGISTRATE.REGISTER]: Captured registration for entry small_veridium_brick_stairs of type minecraft:block
[13Jan2025 22:54:01.221] [modloading-worker-0/DEBUG] [com.tterrag.registrate.AbstractRegistrate/REGISTRATE.REGISTER]: Captured registration for entry small_veridium_brick_slab of type minecraft:item
[13Jan2025 22:54:01.221] [modloading-worker-0/DEBUG] [com.tterrag.registrate.AbstractRegistrate/REGISTRATE.REGISTER]: Captured registration for entry small_veridium_brick_slab of type minecraft:block
[13Jan2025 22:54:01.221] [modloading-worker-0/DEBUG] [com.tterrag.registrate.AbstractRegistrate/REGISTRATE.REGISTER]: Captured registration for entry small_veridium_brick_wall of type minecraft:item
[13Jan2025 22:54:01.221] [modloading-worker-0/DEBUG] [com.tterrag.registrate.AbstractRegistrate/REGISTRATE.REGISTER]: Captured registration for entry small_veridium_brick_wall of type minecraft:block
[13Jan2025 22:54:01.221] [modloading-worker-0/DEBUG] [com.tterrag.registrate.AbstractRegistrate/REGISTRATE.REGISTER]: Captured registration for entry layered_veridium of type minecraft:item
[13Jan2025 22:54:01.221] [modloading-worker-0/DEBUG] [com.tterrag.registrate.AbstractRegistrate/REGISTRATE.REGISTER]: Captured registration for entry layered_veridium of type minecraft:block
[13Jan2025 22:54:01.221] [modloading-worker-0/DEBUG] [com.tterrag.registrate.AbstractRegistrate/REGISTRATE.REGISTER]: Captured registration for entry veridium_pillar of type minecraft:item
[13Jan2025 22:54:01.221] [modloading-worker-0/DEBUG] [com.tterrag.registrate.AbstractRegistrate/REGISTRATE.REGISTER]: Captured registration for entry veridium_pillar of type minecraft:block
[13Jan2025 22:54:01.228] [modloading-worker-0/DEBUG] [com.tterrag.registrate.AbstractRegistrate/REGISTRATE.REGISTER]: Captured registration for entry schematic_table of type minecraft:menu
[13Jan2025 22:54:01.229] [modloading-worker-0/DEBUG] [com.tterrag.registrate.AbstractRegistrate/REGISTRATE.REGISTER]: Captured registration for entry schematicannon of type minecraft:menu
[13Jan2025 22:54:01.229] [modloading-worker-0/DEBUG] [com.tterrag.registrate.AbstractRegistrate/REGISTRATE.REGISTER]: Captured registration for entry filter of type minecraft:menu
[13Jan2025 22:54:01.230] [modloading-worker-0/DEBUG] [com.tterrag.registrate.AbstractRegistrate/REGISTRATE.REGISTER]: Captured registration for entry attribute_filter of type minecraft:menu
[13Jan2025 22:54:01.232] [modloading-worker-0/DEBUG] [com.tterrag.registrate.AbstractRegistrate/REGISTRATE.REGISTER]: Captured registration for entry crafting_blueprint of type minecraft:menu
[13Jan2025 22:54:01.233] [modloading-worker-0/DEBUG] [com.tterrag.registrate.AbstractRegistrate/REGISTRATE.REGISTER]: Captured registration for entry linked_controller of type minecraft:menu
[13Jan2025 22:54:01.235] [modloading-worker-0/DEBUG] [com.tterrag.registrate.AbstractRegistrate/REGISTRATE.REGISTER]: Captured registration for entry toolbox of type minecraft:menu
[13Jan2025 22:54:01.236] [modloading-worker-0/DEBUG] [com.tterrag.registrate.AbstractRegistrate/REGISTRATE.REGISTER]: Captured registration for entry schedule of type minecraft:menu
[13Jan2025 22:54:01.242] [modloading-worker-0/DEBUG] [com.tterrag.registrate.AbstractRegistrate/REGISTRATE.REGISTER]: Captured registration for entry contraption of type minecraft:entity_type
[13Jan2025 22:54:01.243] [modloading-worker-0/DEBUG] [com.tterrag.registrate.AbstractRegistrate/REGISTRATE.REGISTER]: Captured registration for entry stationary_contraption of type minecraft:entity_type
[13Jan2025 22:54:01.245] [modloading-worker-0/DEBUG] [com.tterrag.registrate.AbstractRegistrate/REGISTRATE.REGISTER]: Captured registration for entry gantry_contraption of type minecraft:entity_type
[13Jan2025 22:54:01.250] [modloading-worker-0/DEBUG] [net.minecraftforge.fml.javafmlmod.AutomaticEventSubscriber/LOADING]: Attempting to inject @EventBusSubscriber classes into the eventbus for framework
[13Jan2025 22:54:01.250] [modloading-worker-0/DEBUG] [net.minecraftforge.fml.javafmlmod.AutomaticEventSubscriber/LOADING]: Auto-subscribing com.mrcrayfish.framework.entity.sync.ForgeSyncedEntityDataHandler to FORGE
[13Jan2025 22:54:01.254] [modloading-worker-0/DEBUG] [com.tterrag.registrate.AbstractRegistrate/REGISTRATE.REGISTER]: Captured registration for entry carriage_contraption of type minecraft:entity_type
[13Jan2025 22:54:01.256] [modloading-worker-0/DEBUG] [com.tterrag.registrate.AbstractRegistrate/REGISTRATE.REGISTER]: Captured registration for entry super_glue of type minecraft:entity_type
[13Jan2025 22:54:01.257] [modloading-worker-0/DEBUG] [com.tterrag.registrate.AbstractRegistrate/REGISTRATE.REGISTER]: Captured registration for entry crafting_blueprint of type minecraft:entity_type
[13Jan2025 22:54:01.258] [modloading-worker-0/DEBUG] [com.tterrag.registrate.AbstractRegistrate/REGISTRATE.REGISTER]: Captured registration for entry potato_projectile of type minecraft:entity_type
[13Jan2025 22:54:01.259] [modloading-worker-0/DEBUG] [com.tterrag.registrate.AbstractRegistrate/REGISTRATE.REGISTER]: Captured registration for entry seat of type minecraft:entity_type
[13Jan2025 22:54:01.265] [modloading-worker-0/DEBUG] [com.tterrag.registrate.AbstractRegistrate/REGISTRATE.REGISTER]: Captured registration for entry schematicannon of type minecraft:block_entity_type
[13Jan2025 22:54:01.266] [modloading-worker-0/DEBUG] [com.tterrag.registrate.AbstractRegistrate/REGISTRATE.REGISTER]: Captured registration for entry schematic_table of type minecraft:block_entity_type
[13Jan2025 22:54:01.266] [modloading-worker-0/DEBUG] [com.tterrag.registrate.AbstractRegistrate/REGISTRATE.REGISTER]: Captured registration for entry simple_kinetic of type minecraft:block_entity_type
[13Jan2025 22:54:01.270] [modloading-worker-0/DEBUG] [com.tterrag.registrate.AbstractRegistrate/REGISTRATE.REGISTER]: Captured registration for entry motor of type minecraft:block_entity_type
[13Jan2025 22:54:01.272] [modloading-worker-0/DEBUG] [com.tterrag.registrate.AbstractRegistrate/REGISTRATE.REGISTER]: Captured registration for entry gearbox of type minecraft:block_entity_type
[13Jan2025 22:54:01.272] [modloading-worker-0/DEBUG] [com.tterrag.registrate.AbstractRegistrate/REGISTRATE.REGISTER]: Captured registration for entry encased_shaft of type minecraft:block_entity_type
[13Jan2025 22:54:01.273] [modloading-worker-0/DEBUG] [com.tterrag.registrate.AbstractRegistrate/REGISTRATE.REGISTER]: Captured registration for entry encased_cogwheel of type minecraft:block_entity_type
[13Jan2025 22:54:01.273] [modloading-worker-0/DEBUG] [com.tterrag.registrate.AbstractRegistrate/REGISTRATE.REGISTER]: Captured registration for entry encased_large_cogwheel of type minecraft:block_entity_type
[13Jan2025 22:54:01.275] [modloading-worker-0/DEBUG] [com.tterrag.registrate.AbstractRegistrate/REGISTRATE.REGISTER]: Captured registration for entry adjustable_chain_gearshift of type minecraft:block_entity_type
[13Jan2025 22:54:01.277] [modloading-worker-0/DEBUG] [com.tterrag.registrate.AbstractRegistrate/REGISTRATE.REGISTER]: Captured registration for entry encased_fan of type minecraft:block_entity_type
[13Jan2025 22:54:01.279] [modloading-worker-0/DEBUG] [com.tterrag.registrate.AbstractRegistrate/REGISTRATE.REGISTER]: Captured registration for entry nozzle of type minecraft:block_entity_type
[13Jan2025 22:54:01.281] [modloading-worker-0/DEBUG] [com.tterrag.registrate.AbstractRegistrate/REGISTRATE.REGISTER]: Captured registration for entry clutch of type minecraft:block_entity_type
[13Jan2025 22:54:01.282] [modloading-worker-0/DEBUG] [com.tterrag.registrate.AbstractRegistrate/REGISTRATE.REGISTER]: Captured registration for entry gearshift of type minecraft:block_entity_type
[13Jan2025 22:54:01.282] [modloading-worker-0/DEBUG] [com.tterrag.registrate.AbstractRegistrate/REGISTRATE.REGISTER]: Captured registration for entry turntable of type minecraft:block_entity_type
[13Jan2025 22:54:01.284] [modloading-worker-0/DEBUG] [com.tterrag.registrate.AbstractRegistrate/REGISTRATE.REGISTER]: Captured registration for entry hand_crank of type minecraft:block_entity_type
[13Jan2025 22:54:01.286] [modloading-worker-0/DEBUG] [com.tterrag.registrate.AbstractRegistrate/REGISTRATE.REGISTER]: Captured registration for entry valve_handle of type minecraft:block_entity_type
[13Jan2025 22:54:01.289] [modloading-worker-0/DEBUG] [com.tterrag.registrate.AbstractRegistrate/REGISTRATE.REGISTER]: Captured registration for entry cuckoo_clock of type minecraft:block_entity_type
[13Jan2025 22:54:01.290] [modloading-worker-0/DEBUG] [com.tterrag.registrate.AbstractRegistrate/REGISTRATE.REGISTER]: Captured registration for entry gantry_shaft of type minecraft:block_entity_type
[13Jan2025 22:54:01.295] [modloading-worker-0/DEBUG] [com.tterrag.registrate.AbstractRegistrate/REGISTRATE.REGISTER]: Captured registration for entry gantry_pinion of type minecraft:block_entity_type
[13Jan2025 22:54:01.297] [modloading-worker-0/DEBUG] [com.tterrag.registrate.AbstractRegistrate/REGISTRATE.REGISTER]: Captured registration for entry mechanical_pump of type minecraft:block_entity_type
[13Jan2025 22:54:01.299] [modloading-worker-0/DEBUG] [com.tterrag.registrate.AbstractRegistrate/REGISTRATE.REGISTER]: Captured registration for entry smart_fluid_pipe of type minecraft:block_entity_type
[13Jan2025 22:54:01.300] [modloading-worker-0/DEBUG] [com.tterrag.registrate.AbstractRegistrate/REGISTRATE.REGISTER]: Captured registration for entry fluid_pipe of type minecraft:block_entity_type
[13Jan2025 22:54:01.301] [modloading-worker-0/DEBUG] [com.tterrag.registrate.AbstractRegistrate/REGISTRATE.REGISTER]: Captured registration for entry encased_fluid_pipe of type minecraft:block_entity_type
[13Jan2025 22:54:01.302] [modloading-worker-0/DEBUG] [com.tterrag.registrate.AbstractRegistrate/REGISTRATE.REGISTER]: Captured registration for entry glass_fluid_pipe of type minecraft:block_entity_type
[13Jan2025 22:54:01.303] [modloading-worker-0/DEBUG] [com.tterrag.registrate.AbstractRegistrate/REGISTRATE.REGISTER]: Captured registration for entry fluid_valve of type minecraft:block_entity_type
[13Jan2025 22:54:01.304] [modloading-worker-0/DEBUG] [com.tterrag.registrate.AbstractRegistrate/REGISTRATE.REGISTER]: Captured registration for entry fluid_tank of type minecraft:block_entity_type
[13Jan2025 22:54:01.305] [modloading-worker-0/DEBUG] [com.tterrag.registrate.AbstractRegistrate/REGISTRATE.REGISTER]: Captured registration for entry creative_fluid_tank of type minecraft:block_entity_type
[13Jan2025 22:54:01.307] [modloading-worker-0/DEBUG] [com.tterrag.registrate.AbstractRegistrate/REGISTRATE.REGISTER]: Captured registration for entry hose_pulley of type minecraft:block_entity_type
[13Jan2025 22:54:01.309] [modloading-worker-0/DEBUG] [com.tterrag.registrate.AbstractRegistrate/REGISTRATE.REGISTER]: Captured registration for entry spout of type minecraft:block_entity_type
[13Jan2025 22:54:01.310] [modloading-worker-0/DEBUG] [com.tterrag.registrate.AbstractRegistrate/REGISTRATE.REGISTER]: Captured registration for entry item_drain of type minecraft:block_entity_type
[13Jan2025 22:54:01.315] [modloading-worker-0/DEBUG] [com.tterrag.registrate.AbstractRegistrate/REGISTRATE.REGISTER]: Captured registration for entry belt of type minecraft:block_entity_type
[13Jan2025 22:54:01.319] [modloading-worker-0/DEBUG] [com.tterrag.registrate.AbstractRegistrate/REGISTRATE.REGISTER]: Captured registration for entry chute of type minecraft:block_entity_type
[13Jan2025 22:54:01.321] [modloading-worker-0/DEBUG] [com.tterrag.registrate.AbstractRegistrate/REGISTRATE.REGISTER]: Captured registration for entry smart_chute of type minecraft:block_entity_type
[13Jan2025 22:54:01.323] [modloading-worker-0/DEBUG] [com.tterrag.registrate.AbstractRegistrate/REGISTRATE.REGISTER]: Captured registration for entry andesite_tunnel of type minecraft:block_entity_type
[13Jan2025 22:54:01.330] [modloading-worker-0/DEBUG] [com.tterrag.registrate.AbstractRegistrate/REGISTRATE.REGISTER]: Captured registration for entry brass_tunnel of type minecraft:block_entity_type
[13Jan2025 22:54:01.333] [modloading-worker-0/DEBUG] [com.tterrag.registrate.AbstractRegistrate/REGISTRATE.REGISTER]: Captured registration for entry mechanical_arm of type minecraft:block_entity_type
[13Jan2025 22:54:01.333] [modloading-worker-0/DEBUG] [com.tterrag.registrate.AbstractRegistrate/REGISTRATE.REGISTER]: Captured registration for entry item_vault of type minecraft:block_entity_type
[13Jan2025 22:54:01.337] [modloading-worker-0/DEBUG] [com.tterrag.registrate.AbstractRegistrate/REGISTRATE.REGISTER]: Captured registration for entry mechanical_piston of type minecraft:block_entity_type
[13Jan2025 22:54:01.340] [modloading-worker-0/DEBUG] [com.tterrag.registrate.AbstractRegistrate/REGISTRATE.REGISTER]: Captured registration for entry windmill_bearing of type minecraft:block_entity_type
[13Jan2025 22:54:01.341] [modloading-worker-0/DEBUG] [com.tterrag.registrate.AbstractRegistrate/REGISTRATE.REGISTER]: Captured registration for entry mechanical_bearing of type minecraft:block_entity_type
[13Jan2025 22:54:01.343] [modloading-worker-0/DEBUG] [com.tterrag.registrate.AbstractRegistrate/REGISTRATE.REGISTER]: Captured registration for entry clockwork_bearing of type minecraft:block_entity_type
[13Jan2025 22:54:01.345] [modloading-worker-0/DEBUG] [com.tterrag.registrate.AbstractRegistrate/REGISTRATE.REGISTER]: Captured registration for entry rope_pulley of type minecraft:block_entity_type
[13Jan2025 22:54:01.347] [modloading-worker-0/DEBUG] [com.tterrag.registrate.AbstractRegistrate/REGISTRATE.REGISTER]: Captured registration for entry elevator_pulley of type minecraft:block_entity_type
[13Jan2025 22:54:01.348] [modloading-worker-0/DEBUG] [com.tterrag.registrate.AbstractRegistrate/REGISTRATE.REGISTER]: Captured registration for entry elevator_contact of type minecraft:block_entity_type
[13Jan2025 22:54:01.350] [modloading-worker-0/DEBUG] [com.tterrag.registrate.AbstractRegistrate/REGISTRATE.REGISTER]: Captured registration for entry chassis of type minecraft:block_entity_type
[13Jan2025 22:54:01.351] [modloading-worker-0/DEBUG] [com.tterrag.registrate.AbstractRegistrate/REGISTRATE.REGISTER]: Captured registration for entry sticker of type minecraft:block_entity_type
[13Jan2025 22:54:01.353] [modloading-worker-0/DEBUG] [com.tterrag.registrate.AbstractRegistrate/REGISTRATE.REGISTER]: Captured registration for entry contraption_controls of type minecraft:block_entity_type
[13Jan2025 22:54:01.355] [modloading-worker-0/DEBUG] [com.tterrag.registrate.AbstractRegistrate/REGISTRATE.REGISTER]: Captured registration for entry drill of type minecraft:block_entity_type
[13Jan2025 22:54:01.357] [modloading-worker-0/DEBUG] [com.tterrag.registrate.AbstractRegistrate/REGISTRATE.REGISTER]: Captured registration for entry saw of type minecraft:block_entity_type
[13Jan2025 22:54:01.358] [modloading-worker-0/DEBUG] [com.tterrag.registrate.AbstractRegistrate/REGISTRATE.REGISTER]: Captured registration for entry harvester of type minecraft:block_entity_type
[13Jan2025 22:54:01.360] [modloading-worker-0/DEBUG] [com.tterrag.registrate.AbstractRegistrate/REGISTRATE.REGISTER]: Captured registration for entry mechanical_roller of type minecraft:block_entity_type
[13Jan2025 22:54:01.361] [modloading-worker-0/DEBUG] [com.tterrag.registrate.AbstractRegistrate/REGISTRATE.REGISTER]: Captured registration for entry portable_storage_interface of type minecraft:block_entity_type
[13Jan2025 22:54:01.362] [modloading-worker-0/DEBUG] [com.tterrag.registrate.AbstractRegistrate/REGISTRATE.REGISTER]: Captured registration for entry portable_fluid_interface of type minecraft:block_entity_type
[13Jan2025 22:54:01.364] [modloading-worker-0/DEBUG] [com.tterrag.registrate.AbstractRegistrate/REGISTRATE.REGISTER]: Captured registration for entry steam_engine of type minecraft:block_entity_type
[13Jan2025 22:54:01.366] [modloading-worker-0/DEBUG] [com.tterrag.registrate.AbstractRegistrate/REGISTRATE.REGISTER]: Captured registration for entry steam_whistle of type minecraft:block_entity_type
[13Jan2025 22:54:01.367] [modloading-worker-0/DEBUG] [com.tterrag.registrate.AbstractRegistrate/REGISTRATE.REGISTER]: Captured registration for entry powered_shaft of type minecraft:block_entity_type
[13Jan2025 22:54:01.368] [modloading-worker-0/DEBUG] [com.tterrag.registrate.AbstractRegistrate/REGISTRATE.REGISTER]: Captured registration for entry flywheel of type minecraft:block_entity_type
[13Jan2025 22:54:01.369] [modloading-worker-0/DEBUG] [com.tterrag.registrate.AbstractRegistrate/REGISTRATE.REGISTER]: Captured registration for entry millstone of type minecraft:block_entity_type
[13Jan2025 22:54:01.369] [modloading-worker-0/DEBUG] [com.tterrag.registrate.AbstractRegistrate/REGISTRATE.REGISTER]: Captured registration for entry crushing_wheel of type minecraft:block_entity_type
[13Jan2025 22:54:01.369] [modloading-worker-0/DEBUG] [com.tterrag.registrate.AbstractRegistrate/REGISTRATE.REGISTER]: Captured registration for entry crushing_wheel_controller of type minecraft:block_entity_type
[13Jan2025 22:54:01.371] [modloading-worker-0/DEBUG] [com.tterrag.registrate.AbstractRegistrate/REGISTRATE.REGISTER]: Captured registration for entry water_wheel of type minecraft:block_entity_type
[13Jan2025 22:54:01.372] [modloading-worker-0/DEBUG] [com.tterrag.registrate.AbstractRegistrate/REGISTRATE.REGISTER]: Captured registration for entry large_water_wheel of type minecraft:block_entity_type
[13Jan2025 22:54:01.375] [modloading-worker-0/DEBUG] [com.tterrag.registrate.AbstractRegistrate/REGISTRATE.REGISTER]: Captured registration for entry mechanical_press of type minecraft:block_entity_type
[13Jan2025 22:54:01.377] [modloading-worker-0/DEBUG] [com.tterrag.registrate.AbstractRegistrate/REGISTRATE.REGISTER]: Captured registration for entry mechanical_mixer of type minecraft:block_entity_type
[13Jan2025 22:54:01.383] [modloading-worker-0/DEBUG] [com.tterrag.registrate.AbstractRegistrate/REGISTRATE.REGISTER]: Captured registration for entry deployer of type minecraft:block_entity_type
[13Jan2025 22:54:01.385] [modloading-worker-0/DEBUG] [com.tterrag.registrate.AbstractRegistrate/REGISTRATE.REGISTER]: Captured registration for entry basin of type minecraft:block_entity_type
[13Jan2025 22:54:01.387] [modloading-worker-0/DEBUG] [com.tterrag.registrate.AbstractRegistrate/REGISTRATE.REGISTER]: Captured registration for entry blaze_heater of type minecraft:block_entity_type
[13Jan2025 22:54:01.391] [modloading-worker-0/DEBUG] [com.tterrag.registrate.AbstractRegistrate/REGISTRATE.REGISTER]: Captured registration for entry mechanical_crafter of type minecraft:block_entity_type
[13Jan2025 22:54:01.393] [modloading-worker-0/DEBUG] [com.tterrag.registrate.AbstractRegistrate/REGISTRATE.REGISTER]: Captured registration for entry sequenced_gearshift of type minecraft:block_entity_type
[13Jan2025 22:54:01.396] [modloading-worker-0/DEBUG] [com.tterrag.registrate.AbstractRegistrate/REGISTRATE.REGISTER]: Captured registration for entry rotation_speed_controller of type minecraft:block_entity_type
[13Jan2025 22:54:01.398] [modloading-worker-0/DEBUG] [com.tterrag.registrate.AbstractRegistrate/REGISTRATE.REGISTER]: Captured registration for entry speedometer of type minecraft:block_entity_type
[13Jan2025 22:54:01.399] [modloading-worker-0/DEBUG] [com.tterrag.registrate.AbstractRegistrate/REGISTRATE.REGISTER]: Captured registration for entry stressometer of type minecraft:block_entity_type
[13Jan2025 22:54:01.400] [modloading-worker-0/DEBUG] [com.tterrag.registrate.AbstractRegistrate/REGISTRATE.REGISTER]: Captured registration for entry analog_lever of type minecraft:block_entity_type
[13Jan2025 22:54:01.401] [modloading-worker-0/DEBUG] [com.tterrag.registrate.AbstractRegistrate/REGISTRATE.REGISTER]: Captured registration for entry placard of type minecraft:block_entity_type
[13Jan2025 22:54:01.404] [modloading-worker-0/DEBUG] [com.tterrag.registrate.AbstractRegistrate/REGISTRATE.REGISTER]: Captured registration for entry cart_assembler of type minecraft:block_entity_type
[13Jan2025 22:54:01.407] [modloading-worker-0/DEBUG] [com.tterrag.registrate.AbstractRegistrate/REGISTRATE.REGISTER]: Captured registration for entry redstone_link of type minecraft:block_entity_type
[13Jan2025 22:54:01.409] [modloading-worker-0/DEBUG] [com.tterrag.registrate.AbstractRegistrate/REGISTRATE.REGISTER]: Captured registration for entry nixie_tube of type minecraft:block_entity_type
[13Jan2025 22:54:01.410] [modloading-worker-0/DEBUG] [com.tterrag.registrate.AbstractRegistrate/REGISTRATE.REGISTER]: Captured registration for entry display_link of type minecraft:block_entity_type
[13Jan2025 22:54:01.414] [modloading-worker-0/DEBUG] [com.tterrag.registrate.AbstractRegistrate/REGISTRATE.REGISTER]: Captured registration for entry stockpile_switch of type minecraft:block_entity_type
[13Jan2025 22:54:01.417] [modloading-worker-0/DEBUG] [com.tterrag.registrate.AbstractRegistrate/REGISTRATE.REGISTER]: Captured registration for entry creative_crate of type minecraft:block_entity_type
[13Jan2025 22:54:01.418] [modloading-worker-0/DEBUG] [com.tterrag.registrate.AbstractRegistrate/REGISTRATE.REGISTER]: Captured registration for entry depot of type minecraft:block_entity_type
[13Jan2025 22:54:01.423] [modloading-worker-0/DEBUG] [com.tterrag.registrate.AbstractRegistrate/REGISTRATE.REGISTER]: Captured registration for entry weighted_ejector of type minecraft:block_entity_type
[13Jan2025 22:54:01.425] [modloading-worker-0/DEBUG] [com.tterrag.registrate.AbstractRegistrate/REGISTRATE.REGISTER]: Captured registration for entry funnel of type minecraft:block_entity_type
[13Jan2025 22:54:01.426] [modloading-worker-0/DEBUG] [com.tterrag.registrate.AbstractRegistrate/REGISTRATE.REGISTER]: Captured registration for entry content_observer of type minecraft:block_entity_type
[13Jan2025 22:54:01.428] [modloading-worker-0/DEBUG] [com.tterrag.registrate.AbstractRegistrate/REGISTRATE.REGISTER]: Captured registration for entry pulse_extender of type minecraft:block_entity_type
[13Jan2025 22:54:01.429] [modloading-worker-0/DEBUG] [com.tterrag.registrate.AbstractRegistrate/REGISTRATE.REGISTER]: Captured registration for entry pulse_repeater of type minecraft:block_entity_type
[13Jan2025 22:54:01.431] [modloading-worker-0/DEBUG] [com.tterrag.registrate.AbstractRegistrate/REGISTRATE.REGISTER]: Captured registration for entry lectern_controller of type minecraft:block_entity_type
[13Jan2025 22:54:01.432] [modloading-worker-0/DEBUG] [com.tterrag.registrate.AbstractRegistrate/REGISTRATE.REGISTER]: Captured registration for entry backtank of type minecraft:block_entity_type
[13Jan2025 22:54:01.435] [modloading-worker-0/DEBUG] [com.tterrag.registrate.AbstractRegistrate/REGISTRATE.REGISTER]: Captured registration for entry peculiar_bell of type minecraft:block_entity_type
[13Jan2025 22:54:01.436] [modloading-worker-0/DEBUG] [com.tterrag.registrate.AbstractRegistrate/REGISTRATE.REGISTER]: Captured registration for entry cursed_bell of type minecraft:block_entity_type
[13Jan2025 22:54:01.437] [modloading-worker-0/DEBUG] [com.tterrag.registrate.AbstractRegistrate/REGISTRATE.REGISTER]: Captured registration for entry toolbox of type minecraft:block_entity_type
[13Jan2025 22:54:01.440] [modloading-worker-0/DEBUG] [com.tterrag.registrate.AbstractRegistrate/REGISTRATE.REGISTER]: Captured registration for entry track of type minecraft:block_entity_type
[13Jan2025 22:54:01.441] [modloading-worker-0/DEBUG] [com.tterrag.registrate.AbstractRegistrate/REGISTRATE.REGISTER]: Captured registration for entry fake_track of type minecraft:block_entity_type
[13Jan2025 22:54:01.442] [modloading-worker-0/DEBUG] [com.tterrag.registrate.AbstractRegistrate/REGISTRATE.REGISTER]: Captured registration for entry bogey of type minecraft:block_entity_type
[13Jan2025 22:54:01.448] [modloading-worker-0/DEBUG] [com.tterrag.registrate.AbstractRegistrate/REGISTRATE.REGISTER]: Captured registration for entry track_station of type minecraft:block_entity_type
[13Jan2025 22:54:01.449] [modloading-worker-0/DEBUG] [com.tterrag.registrate.AbstractRegistrate/REGISTRATE.REGISTER]: Captured registration for entry sliding_door of type minecraft:block_entity_type
[13Jan2025 22:54:01.450] [modloading-worker-0/DEBUG] [com.tterrag.registrate.AbstractRegistrate/REGISTRATE.REGISTER]: Captured registration for entry copycat of type minecraft:block_entity_type
[13Jan2025 22:54:01.451] [modloading-worker-0/DEBUG] [com.tterrag.registrate.AbstractRegistrate/REGISTRATE.REGISTER]: Captured registration for entry flap_display of type minecraft:block_entity_type
[13Jan2025 22:54:01.453] [modloading-worker-0/DEBUG] [com.tterrag.registrate.AbstractRegistrate/REGISTRATE.REGISTER]: Captured registration for entry track_signal of type minecraft:block_entity_type
[13Jan2025 22:54:01.454] [modloading-worker-0/DEBUG] [com.tterrag.registrate.AbstractRegistrate/REGISTRATE.REGISTER]: Captured registration for entry track_observer of type minecraft:block_entity_type
[13Jan2025 22:54:01.455] [modloading-worker-0/DEBUG] [com.tterrag.registrate.AbstractRegistrate/REGISTRATE.REGISTER]: Captured registration for entry clipboard of type minecraft:block_entity_type
[13Jan2025 22:54:01.457] [modloading-worker-0/DEBUG] [com.tterrag.registrate.AbstractRegistrate/REGISTRATE.REGISTER]: Captured registration for entry potato_recovery of type minecraft:enchantment
[13Jan2025 22:54:01.458] [modloading-worker-0/DEBUG] [com.tterrag.registrate.AbstractRegistrate/REGISTRATE.REGISTER]: Captured registration for entry capacity of type minecraft:enchantment
[13Jan2025 22:54:01.464] [modloading-worker-0/DEBUG] [mixin/]: Mixing create.MixinBasinRecipe from thirst.mixin.json into com.simibubi.create.content.processing.basin.BasinRecipe
[13Jan2025 22:54:01.465] [modloading-worker-0/DEBUG] [mixin/]: Renaming synthetic method lambda$setPurity$0(Ljava/util/regex/Pattern;ILnet/minecraftforge/fluids/FluidStack;)V to mdf0c2bd$lambda$setPurity$0$0 in thirst.mixin.json:create.MixinBasinRecipe
[13Jan2025 22:54:01.596] [modloading-worker-0/DEBUG] [net.minecraftforge.fml.config.ConfigTracker/CONFIG]: Config file create-common.toml for create tracking
[13Jan2025 22:54:01.596] [modloading-worker-0/DEBUG] [net.minecraftforge.fml.config.ConfigTracker/CONFIG]: Config file create-client.toml for create tracking
[13Jan2025 22:54:01.596] [modloading-worker-0/DEBUG] [net.minecraftforge.fml.config.ConfigTracker/CONFIG]: Config file create-server.toml for create tracking
[13Jan2025 22:54:01.647] [modloading-worker-0/DEBUG] [net.minecraftforge.fml.javafmlmod.AutomaticEventSubscriber/LOADING]: Attempting to inject @EventBusSubscriber classes into the eventbus for create
[13Jan2025 22:54:01.648] [modloading-worker-0/DEBUG] [net.minecraftforge.fml.javafmlmod.AutomaticEventSubscriber/LOADING]: Auto-subscribing com.simibubi.create.infrastructure.gametest.CreateGameTests to MOD
[13Jan2025 22:54:01.655] [modloading-worker-0/DEBUG] [net.minecraftforge.fml.javafmlmod.AutomaticEventSubscriber/LOADING]: Auto-subscribing com.simibubi.create.infrastructure.config.AllConfigs to MOD
[13Jan2025 22:54:01.655] [modloading-worker-0/DEBUG] [net.minecraftforge.fml.javafmlmod.AutomaticEventSubscriber/LOADING]: Auto-subscribing com.simibubi.create.foundation.utility.RemapHelper to FORGE
[13Jan2025 22:54:01.660] [modloading-worker-0/DEBUG] [net.minecraftforge.fml.javafmlmod.AutomaticEventSubscriber/LOADING]: Auto-subscribing com.simibubi.create.foundation.recipe.AllIngredients to MOD
[13Jan2025 22:54:01.660] [modloading-worker-0/DEBUG] [net.minecraftforge.fml.javafmlmod.AutomaticEventSubscriber/LOADING]: Auto-subscribing com.simibubi.create.foundation.placement.PlacementHelpers to FORGE
[13Jan2025 22:54:01.664] [modloading-worker-0/DEBUG] [net.minecraftforge.fml.javafmlmod.AutomaticEventSubscriber/LOADING]: Auto-subscribing com.simibubi.create.foundation.events.CommonEvents to FORGE
[13Jan2025 22:54:01.670] [modloading-worker-0/DEBUG] [net.minecraftforge.fml.javafmlmod.AutomaticEventSubscriber/LOADING]: Auto-subscribing com.simibubi.create.foundation.events.CommonEvents$ModBusEvents to MOD
[13Jan2025 22:54:01.672] [modloading-worker-0/DEBUG] [net.minecraftforge.fml.javafmlmod.AutomaticEventSubscriber/LOADING]: Auto-subscribing com.simibubi.create.foundation.blockEntity.behaviour.edgeInteraction.EdgeInteractionHandler to FORGE
[13Jan2025 22:54:01.675] [modloading-worker-0/DEBUG] [net.minecraftforge.fml.javafmlmod.AutomaticEventSubscriber/LOADING]: Auto-subscribing com.simibubi.create.foundation.blockEntity.behaviour.ValueSettingsInputHandler to FORGE
[13Jan2025 22:54:01.677] [modloading-worker-0/DEBUG] [net.minecraftforge.fml.javafmlmod.AutomaticEventSubscriber/LOADING]: Auto-subscribing com.simibubi.create.foundation.block.ItemUseOverrides to FORGE
[13Jan2025 22:54:01.678] [modloading-worker-0/DEBUG] [net.minecraftforge.fml.javafmlmod.AutomaticEventSubscriber/LOADING]: Auto-subscribing com.simibubi.create.content.trains.schedule.ScheduleItemEntityInteraction to FORGE
[13Jan2025 22:54:01.680] [modloading-worker-0/DEBUG] [net.minecraftforge.fml.javafmlmod.AutomaticEventSubscriber/LOADING]: Auto-subscribing com.simibubi.create.content.redstone.link.LinkHandler to FORGE
[13Jan2025 22:54:01.681] [modloading-worker-0/DEBUG] [net.minecraftforge.fml.javafmlmod.AutomaticEventSubscriber/LOADING]: Auto-subscribing com.simibubi.create.content.redstone.displayLink.DisplayLinkBlockItem to FORGE
[13Jan2025 22:54:01.682] [modloading-worker-0/DEBUG] [net.minecraftforge.fml.javafmlmod.AutomaticEventSubscriber/LOADING]: Auto-subscribing com.simibubi.create.content.processing.burner.BlazeBurnerHandler to FORGE
[13Jan2025 22:54:01.684] [modloading-worker-0/DEBUG] [net.minecraftforge.fml.javafmlmod.AutomaticEventSubscriber/LOADING]: Auto-subscribing com.simibubi.create.content.logistics.funnel.FunnelItem to FORGE
[13Jan2025 22:54:01.684] [modloading-worker-0/DEBUG] [net.minecraftforge.fml.javafmlmod.AutomaticEventSubscriber/LOADING]: Auto-subscribing com.simibubi.create.content.logistics.depot.EjectorItem to FORGE
[13Jan2025 22:54:01.685] [modloading-worker-0/DEBUG] [net.minecraftforge.fml.javafmlmod.AutomaticEventSubscriber/LOADING]: Auto-subscribing com.simibubi.create.content.kinetics.mechanicalArm.ArmItem to FORGE
[13Jan2025 22:54:01.685] [modloading-worker-0/DEBUG] [net.minecraftforge.fml.javafmlmod.AutomaticEventSubscriber/LOADING]: Auto-subscribing com.simibubi.create.content.kinetics.deployer.ManualApplicationRecipe to FORGE
[13Jan2025 22:54:01.686] [modloading-worker-0/DEBUG] [net.minecraftforge.fml.javafmlmod.AutomaticEventSubscriber/LOADING]: Auto-subscribing com.simibubi.create.content.kinetics.deployer.DeployerFakePlayer to FORGE
[13Jan2025 22:54:01.708] [modloading-worker-0/DEBUG] [io.netty.util.internal.InternalThreadLocalMap/]: -Dio.netty.threadLocalMap.stringBuilder.initialSize: 1024
[13Jan2025 22:54:01.708] [modloading-worker-0/DEBUG] [io.netty.util.internal.InternalThreadLocalMap/]: -Dio.netty.threadLocalMap.stringBuilder.maxSize: 4096
[13Jan2025 22:54:01.721] [modloading-worker-0/DEBUG] [mixin/]: Mixing MixinFoodData from thirst.mixin.json into net.minecraft.world.food.FoodData
[13Jan2025 22:54:01.728] [modloading-worker-0/DEBUG] [mixin/]: Mixing PlayerEnderChestContainerMixin from automobility.mixins.json into net.minecraft.world.inventory.PlayerEnderChestContainer
[13Jan2025 22:54:01.734] [modloading-worker-0/DEBUG] [mixin/]: Mixing accessor.BrainAccessor from moonlight-common.mixins.json into net.minecraft.world.entity.ai.Brain
[13Jan2025 22:54:01.739] [modloading-worker-0/DEBUG] [mixin/]: Mixing CombatTrackerAccessor from playerrevive.mixins.json into net.minecraft.world.damagesource.CombatTracker
[13Jan2025 22:54:01.753] [modloading-worker-0/DEBUG] [net.minecraftforge.fml.javafmlmod.AutomaticEventSubscriber/LOADING]: Auto-subscribing com.simibubi.create.content.kinetics.crusher.CrushingWheelBlockEntity to FORGE
[13Jan2025 22:54:01.754] [modloading-worker-0/DEBUG] [net.minecraftforge.fml.javafmlmod.AutomaticEventSubscriber/LOADING]: Auto-subscribing com.simibubi.create.content.kinetics.crank.ValveHandleBlock to FORGE
[13Jan2025 22:54:01.758] [modloading-worker-0/DEBUG] [net.minecraftforge.fml.javafmlmod.AutomaticEventSubscriber/LOADING]: Auto-subscribing com.simibubi.create.content.fluids.FluidReactions to FORGE
[13Jan2025 22:54:01.761] [modloading-worker-0/DEBUG] [net.minecraftforge.fml.javafmlmod.AutomaticEventSubscriber/LOADING]: Auto-subscribing com.simibubi.create.content.fluids.FluidBottleItemHook to FORGE
[13Jan2025 22:54:01.762] [modloading-worker-0/DEBUG] [net.minecraftforge.fml.javafmlmod.AutomaticEventSubscriber/LOADING]: Auto-subscribing com.simibubi.create.content.equipment.zapper.ZapperInteractionHandler to FORGE
[13Jan2025 22:54:01.763] [modloading-worker-0/DEBUG] [net.minecraftforge.fml.javafmlmod.AutomaticEventSubscriber/LOADING]: Auto-subscribing com.simibubi.create.content.equipment.wrench.WrenchEventHandler to FORGE
[13Jan2025 22:54:01.764] [modloading-worker-0/DEBUG] [net.minecraftforge.fml.javafmlmod.AutomaticEventSubscriber/LOADING]: Auto-subscribing com.simibubi.create.content.equipment.symmetryWand.SymmetryHandler to FORGE
[13Jan2025 22:54:01.765] [modloading-worker-0/DEBUG] [net.minecraftforge.fml.javafmlmod.AutomaticEventSubscriber/LOADING]: Auto-subscribing com.simibubi.create.content.equipment.extendoGrip.ExtendoGripItem to FORGE
[13Jan2025 22:54:01.767] [modloading-worker-0/DEBUG] [net.minecraftforge.fml.javafmlmod.AutomaticEventSubscriber/LOADING]: Auto-subscribing com.simibubi.create.content.equipment.clipboard.ClipboardValueSettingsHandler to FORGE
[13Jan2025 22:54:01.769] [modloading-worker-0/DEBUG] [net.minecraftforge.fml.javafmlmod.AutomaticEventSubscriber/LOADING]: Auto-subscribing com.simibubi.create.content.equipment.bell.HauntedBellPulser to FORGE
[13Jan2025 22:54:01.770] [modloading-worker-0/DEBUG] [net.minecraftforge.fml.javafmlmod.AutomaticEventSubscriber/LOADING]: Auto-subscribing com.simibubi.create.content.equipment.armor.NetheriteDivingHandler to FORGE
[13Jan2025 22:54:01.772] [modloading-worker-0/DEBUG] [net.minecraftforge.fml.javafmlmod.AutomaticEventSubscriber/LOADING]: Auto-subscribing com.simibubi.create.content.equipment.armor.DivingHelmetItem to FORGE
[13Jan2025 22:54:01.773] [modloading-worker-0/DEBUG] [net.minecraftforge.fml.javafmlmod.AutomaticEventSubscriber/LOADING]: Auto-subscribing com.simibubi.create.content.equipment.armor.DivingBootsItem to FORGE
[13Jan2025 22:54:01.773] [modloading-worker-0/DEBUG] [net.minecraftforge.fml.javafmlmod.AutomaticEventSubscriber/LOADING]: Auto-subscribing com.simibubi.create.content.contraptions.mounted.MinecartContraptionItem to FORGE
[13Jan2025 22:54:01.775] [modloading-worker-0/DEBUG] [net.minecraftforge.fml.javafmlmod.AutomaticEventSubscriber/LOADING]: Auto-subscribing com.simibubi.create.content.contraptions.mounted.CartAssemblerBlockEntity to FORGE
[13Jan2025 22:54:01.775] [modloading-worker-0/DEBUG] [net.minecraftforge.fml.javafmlmod.AutomaticEventSubscriber/LOADING]: Auto-subscribing com.simibubi.create.content.contraptions.minecart.MinecartCouplingItem to FORGE
[13Jan2025 22:54:01.775] [modloading-worker-0/DEBUG] [net.minecraftforge.fml.javafmlmod.AutomaticEventSubscriber/LOADING]: Auto-subscribing com.simibubi.create.content.contraptions.minecart.CouplingHandler to FORGE
[13Jan2025 22:54:01.778] [modloading-worker-0/DEBUG] [net.minecraftforge.fml.javafmlmod.AutomaticEventSubscriber/LOADING]: Auto-subscribing com.simibubi.create.content.contraptions.glue.SuperGlueItem to FORGE
[13Jan2025 22:54:01.779] [modloading-worker-0/DEBUG] [net.minecraftforge.fml.javafmlmod.AutomaticEventSubscriber/LOADING]: Auto-subscribing com.simibubi.create.content.contraptions.glue.SuperGlueHandler to FORGE
[13Jan2025 22:54:01.780] [modloading-worker-0/DEBUG] [net.minecraftforge.fml.javafmlmod.AutomaticEventSubscriber/LOADING]: Auto-subscribing com.simibubi.create.content.contraptions.ContraptionHandlerClient to FORGE
[13Jan2025 22:54:01.782] [modloading-worker-0/DEBUG] [net.minecraftforge.fml.javafmlmod.AutomaticEventSubscriber/LOADING]: Auto-subscribing com.simibubi.create.AllCreativeModeTabs to MOD
[13Jan2025 22:54:01.784] [main/FATAL] [net.minecraftforge.fml.ModLoader/LOADING]: Failed to complete lifecycle event CONSTRUCT, 1 errors found
[13Jan2025 22:54:01.798] [main/DEBUG] [net.minecraftforge.common.ForgeI18n/CORE]: Loading I18N data entries: 6430
[13Jan2025 22:54:01.800] [main/DEBUG] [oshi.util.FileUtil/]: Reading file /sys/devices/system/cpu/cpu0/topology/core_id
[13Jan2025 22:54:01.800] [main/DEBUG] [oshi.util.FileUtil/]: Reading file /sys/devices/system/cpu/cpu0/topology/core_id
[13Jan2025 22:54:01.801] [main/DEBUG] [oshi.util.FileUtil/]: Reading file /sys/devices/system/cpu/cpu0/topology/physical_package_id
[13Jan2025 22:54:01.801] [main/DEBUG] [oshi.util.FileUtil/]: Reading file /sys/devices/system/cpu/cpu0/topology/physical_package_id
[13Jan2025 22:54:01.801] [main/DEBUG] [oshi.util.FileUtil/]: Reading file /sys/devices/system/cpu/cpu0/cpu_capacity
[13Jan2025 22:54:01.801] [main/DEBUG] [oshi.util.FileUtil/]: Reading file /sys/devices/system/cpu/cpu1/topology/core_id
[13Jan2025 22:54:01.801] [main/DEBUG] [oshi.util.FileUtil/]: Reading file /sys/devices/system/cpu/cpu1/topology/core_id
[13Jan2025 22:54:01.801] [main/DEBUG] [oshi.util.FileUtil/]: Reading file /sys/devices/system/cpu/cpu1/topology/physical_package_id
[13Jan2025 22:54:01.801] [main/DEBUG] [oshi.util.FileUtil/]: Reading file /sys/devices/system/cpu/cpu1/topology/physical_package_id
[13Jan2025 22:54:01.802] [main/DEBUG] [oshi.util.FileUtil/]: Reading file /sys/devices/system/cpu/cpu1/cpu_capacity
[13Jan2025 22:54:01.802] [main/DEBUG] [oshi.util.FileUtil/]: Reading file /sys/devices/system/cpu/cpu2/topology/core_id
[13Jan2025 22:54:01.802] [main/DEBUG] [oshi.util.FileUtil/]: Reading file /sys/devices/system/cpu/cpu2/topology/core_id
[13Jan2025 22:54:01.802] [main/DEBUG] [oshi.util.FileUtil/]: Reading file /sys/devices/system/cpu/cpu2/topology/physical_package_id
[13Jan2025 22:54:01.802] [main/DEBUG] [oshi.util.FileUtil/]: Reading file /sys/devices/system/cpu/cpu2/topology/physical_package_id
[13Jan2025 22:54:01.802] [main/DEBUG] [oshi.util.FileUtil/]: Reading file /sys/devices/system/cpu/cpu2/cpu_capacity
[13Jan2025 22:54:01.803] [main/DEBUG] [oshi.util.FileUtil/]: Reading file /sys/devices/system/cpu/cpu3/topology/core_id
[13Jan2025 22:54:01.803] [main/DEBUG] [oshi.util.FileUtil/]: Reading file /sys/devices/system/cpu/cpu3/topology/core_id
[13Jan2025 22:54:01.803] [main/DEBUG] [oshi.util.FileUtil/]: Reading file /sys/devices/system/cpu/cpu3/topology/physical_package_id
[13Jan2025 22:54:01.803] [main/DEBUG] [oshi.util.FileUtil/]: Reading file /sys/devices/system/cpu/cpu3/topology/physical_package_id
[13Jan2025 22:54:01.803] [main/DEBUG] [oshi.util.FileUtil/]: Reading file /sys/devices/system/cpu/cpu3/cpu_capacity
[13Jan2025 22:54:01.804] [main/DEBUG] [oshi.util.FileUtil/]: Reading file /proc/cpuinfo
[13Jan2025 22:54:01.815] [main/DEBUG] [oshi.util.FileUtil/]: Reading file /proc/self/auxv
[13Jan2025 22:54:01.816] [main/DEBUG] [oshi.util.FileUtil/]: No oshi.architecture.properties file found from ClassLoader cpw.mods.modlauncher.TransformingClassLoader@1e1eeedd
[13Jan2025 22:54:01.816] [main/DEBUG] [oshi.util.FileUtil/]: No oshi.architecture.properties file found from ClassLoader jdk.internal.loader.ClassLoaders$AppClassLoader@76ed5528
[13Jan2025 22:54:01.826] [main/DEBUG] [oshi.util.FileUtil/]: Reading file /proc/meminfo
[13Jan2025 22:54:01.826] [main/DEBUG] [oshi.util.FileUtil/]: Reading file /proc/meminfo
[13Jan2025 22:54:01.851] [main/FATAL] [net.minecraftforge.common.ForgeMod/]: Preparing crash report with UUID 03931c4c-faea-4cf3-b323-f946d1257722
[13Jan2025 22:54:01.852] [main/FATAL] [net.minecraftforge.server.loading.ServerModLoader/]: Crash report saved to ./crash-reports/crash-2025-01-13_22.54.01-fml.txt
[13Jan2025 22:54:01.857] [main/FATAL] [net.minecraftforge.common.ForgeMod/]: Preparing crash report with UUID 3692b082-e50d-4107-9996-bdd08c7bb25f
[13Jan2025 22:54:01.860] [main/ERROR] [net.minecraft.server.Main/FATAL]: Failed to start the minecraft server
net.minecraftforge.fml.LoadingFailedException: Loading errors encountered: [
	Oculus (oculus) has failed to load correctly
§7java.lang.RuntimeException: Attempted to load class net/minecraft/client/gui/screens/Screen for invalid dist DEDICATED_SERVER
]
	at net.minecraftforge.fml.ModLoader.waitForTransition(ModLoader.java:246) ~[fmlcore-1.20.1-47.3.7.jar%23208!/:?]
	at net.minecraftforge.fml.ModLoader.lambda$dispatchAndHandleError$20(ModLoader.java:210) ~[fmlcore-1.20.1-47.3.7.jar%23208!/:?]
	at java.util.Optional.ifPresent(Optional.java:178) ~[?:?]
	at net.minecraftforge.fml.ModLoader.dispatchAndHandleError(ModLoader.java:210) ~[fmlcore-1.20.1-47.3.7.jar%23208!/:?]
	at net.minecraftforge.fml.ModLoader.lambda$gatherAndInitializeMods$13(ModLoader.java:183) ~[fmlcore-1.20.1-47.3.7.jar%23208!/:?]
	at java.lang.Iterable.forEach(Iterable.java:75) ~[?:?]
	at net.minecraftforge.fml.ModLoader.gatherAndInitializeMods(ModLoader.java:183) ~[fmlcore-1.20.1-47.3.7.jar%23208!/:?]
	at net.minecraftforge.server.loading.ServerModLoader.load(ServerModLoader.java:30) ~[forge-1.20.1-47.3.7-universal.jar%23212!/:?]
	at net.minecraft.server.Main.main(Main.java:125) ~[server-1.20.1-20230612.114412-srg.jar%23207!/:?]
	at jdk.internal.reflect.NativeMethodAccessorImpl.invoke0(Native Method) ~[?:?]
	at jdk.internal.reflect.NativeMethodAccessorImpl.invoke(NativeMethodAccessorImpl.java:77) ~[?:?]
	at jdk.internal.reflect.DelegatingMethodAccessorImpl.invoke(DelegatingMethodAccessorImpl.java:43) ~[?:?]
	at java.lang.reflect.Method.invoke(Method.java:569) ~[?:?]
	at net.minecraftforge.fml.loading.targets.CommonLaunchHandler.runTarget(CommonLaunchHandler.java:111) ~[fmlloader-1.20.1-47.3.7.jar%2369!/:?]
	at net.minecraftforge.fml.loading.targets.CommonLaunchHandler.serverService(CommonLaunchHandler.java:103) ~[fmlloader-1.20.1-47.3.7.jar%2369!/:?]
	at net.minecraftforge.fml.loading.targets.CommonServerLaunchHandler.lambda$makeService$0(CommonServerLaunchHandler.java:27) ~[fmlloader-1.20.1-47.3.7.jar%2369!/:?]
	at cpw.mods.modlauncher.LaunchServiceHandlerDecorator.launch(LaunchServiceHandlerDecorator.java:30) ~[modlauncher-10.0.9.jar%2355!/:?]
	at cpw.mods.modlauncher.LaunchServiceHandler.launch(LaunchServiceHandler.java:53) ~[modlauncher-10.0.9.jar%2355!/:?]
	at cpw.mods.modlauncher.LaunchServiceHandler.launch(LaunchServiceHandler.java:71) ~[modlauncher-10.0.9.jar%2355!/:?]
	at cpw.mods.modlauncher.Launcher.run(Launcher.java:108) ~[modlauncher-10.0.9.jar%2355!/:?]
	at cpw.mods.modlauncher.Launcher.main(Launcher.java:78) ~[modlauncher-10.0.9.jar%2355!/:?]
	at cpw.mods.modlauncher.BootstrapLaunchConsumer.accept(BootstrapLaunchConsumer.java:26) ~[modlauncher-10.0.9.jar%2355!/:?]
	at cpw.mods.modlauncher.BootstrapLaunchConsumer.accept(BootstrapLaunchConsumer.java:23) ~[modlauncher-10.0.9.jar%2355!/:?]
	at cpw.mods.bootstraplauncher.BootstrapLauncher.main(BootstrapLauncher.java:141) ~[bootstraplauncher-1.1.2.jar:?]
